archivo_origen,fecha_hora_log,evento,posicion,cantidad_contratos,precio_entrada,precio_salida,take_profit,stop_loss,resultado_bruto_usd,comision_usd,resultado_neto_usd,pnl_registrado_usd,motivo
logs_viejos/bot_hasta_2026-09-22.log.gz,21:32:08,APERTURA,LONG,1,7182.25,,7187.25,,,,,,
logs_viejos/bot_hasta_2026-09-22.log.gz,21:33:01,CIERRE,LONG,,7182.25,7182.00,,,,,,-1.25,CRUCE CONTRARIO
logs_viejos/bot_hasta_2026-09-22.log.gz,21:33:03,APERTURA,SHORT,1,7182.00,,7177.00,,,,,,
logs_viejos/bot_hasta_2026-09-22.log.gz,21:34:01,CIERRE,SHORT,,7182.00,7181.00,,,,,,+5.00,CRUCE CONTRARIO
logs_viejos/bot_hasta_2026-09-22.log.gz,21:34:03,APERTURA,LONG,1,7181.00,,7186.00,,,,,,
logs_viejos/bot_hasta_2026-09-22.log.gz,21:35:17,APERTURA,LONG,1,7181.50,,7186.50,,,,,,
logs_viejos/bot_hasta_2026-09-22.log.gz,21:36:02,CIERRE,LONG,,7181.50,7182.00,,,,,,+2.50,CRUCE CONTRARIO
logs_viejos/bot_hasta_2026-09-22.log.gz,21:36:04,APERTURA,SHORT,1,7182.00,,7177.00,,,,,,
logs_viejos/bot_hasta_2026-09-22.log.gz,21:37:02,CIERRE,SHORT,,7182.00,7181.75,,,,,,+1.25,CRUCE CONTRARIO
logs_viejos/bot_hasta_2026-09-22.log.gz,21:37:04,APERTURA,LONG,1,7181.75,,7186.75,,,,,,
logs_viejos/bot_hasta_2026-09-22.log.gz,21:38:01,CIERRE,LONG,,7181.75,7182.00,,,,,,+1.25,CRUCE CONTRARIO
logs_viejos/bot_hasta_2026-09-22.log.gz,21:38:02,APERTURA,SHORT,1,7182.00,,7177.00,,,,,,
logs_viejos/bot_hasta_2026-09-22.log.gz,21:39:01,CIERRE,SHORT,,7182.00,7181.75,,,,,,+1.25,CRUCE CONTRARIO
logs_viejos/bot_hasta_2026-09-22.log.gz,21:39:02,APERTURA,LONG,1,7181.75,,7186.75,,,,,,
logs_viejos/bot_hasta_2026-09-22.log.gz,21:40:01,CIERRE,LONG,,7181.75,7182.00,,,,,,+1.25,CRUCE CONTRARIO
logs_viejos/bot_hasta_2026-09-22.log.gz,21:40:03,APERTURA,SHORT,1,7182.00,,7177.00,,,,,,
logs_viejos/bot_hasta_2026-09-22.log.gz,21:41:01,CIERRE,SHORT,,7182.00,7182.50,,,,,,-2.50,CRUCE CONTRARIO
logs_viejos/bot_hasta_2026-09-22.log.gz,21:41:03,APERTURA,LONG,1,7182.50,,7187.50,,,,,,
logs_viejos/bot_hasta_2026-09-22.log.gz,21:42:01,CIERRE,LONG,,7182.50,7182.00,,,,,,-2.50,CRUCE CONTRARIO
logs_viejos/bot_hasta_2026-09-22.log.gz,21:42:02,APERTURA,SHORT,1,7182.00,,7177.00,,,,,,
logs_viejos/bot_hasta_2026-09-22.log.gz,21:44:01,CIERRE,SHORT,,7182.00,7182.00,,,,,,+0.00,CRUCE CONTRARIO
logs_viejos/bot_hasta_2026-09-22.log.gz,21:44:03,APERTURA,LONG,1,7182.00,,7187.00,,,,,,
logs_viejos/bot_hasta_2026-09-22.log.gz,21:45:01,CIERRE,LONG,,7182.00,7181.25,,,,,,-3.75,CRUCE CONTRARIO
logs_viejos/bot_hasta_2026-09-22.log.gz,21:45:02,APERTURA,SHORT,1,7181.25,,7176.25,,,,,,
logs_viejos/bot_hasta_2026-09-22.log.gz,21:46:01,CIERRE,SHORT,,7181.25,7182.50,,,,,,-6.25,CRUCE CONTRARIO
logs_viejos/bot_hasta_2026-09-22.log.gz,21:46:03,APERTURA,LONG,1,7182.50,,7187.50,,,,,,
logs_viejos/bot_hasta_2026-09-22.log.gz,21:47:01,CIERRE,LONG,,7182.50,7182.25,,,,,,-1.25,CRUCE CONTRARIO
logs_viejos/bot_hasta_2026-09-22.log.gz,21:47:02,APERTURA,SHORT,1,7182.25,,7177.25,,,,,,
logs_viejos/bot_hasta_2026-09-22.log.gz,21:48:01,CIERRE,SHORT,,7182.25,7182.50,,,,,,-1.25,CRUCE CONTRARIO
logs_viejos/bot_hasta_2026-09-22.log.gz,21:48:03,APERTURA,LONG,1,7182.50,,7187.50,,,,,,
logs_viejos/bot_hasta_2026-09-22.log.gz,21:50:01,CIERRE,LONG,,7182.50,7183.25,,,,,,+3.75,CRUCE CONTRARIO
logs_viejos/bot_hasta_2026-09-22.log.gz,21:50:02,APERTURA,SHORT,1,7183.25,,7178.25,,,,,,
logs_viejos/bot_hasta_2026-09-22.log.gz,21:51:01,CIERRE,SHORT,,7183.25,7184.50,,,,,,-6.25,CRUCE CONTRARIO
logs_viejos/bot_hasta_2026-09-22.log.gz,21:51:02,APERTURA,LONG,1,7184.50,,7189.50,,,,,,
logs_viejos/bot_hasta_2026-09-22.log.gz,21:59:00,CIERRE,LONG,,7184.50,7185.50,,,,,,+5.00,CRUCE CONTRARIO
logs_viejos/bot_hasta_2026-09-22.log.gz,21:59:02,APERTURA,SHORT,1,7185.50,,7180.50,,,,,,
logs_viejos/bot_hasta_2026-09-22.log.gz,22:00:02,CIERRE,SHORT,,7185.50,7185.25,,,,,,+1.25,CRUCE CONTRARIO
logs_viejos/bot_hasta_2026-09-22.log.gz,22:00:04,APERTURA,LONG,1,7185.25,,7190.25,,,,,,
logs_viejos/bot_hasta_2026-09-22.log.gz,22:01:02,CIERRE,LONG,,7185.25,7185.50,,,,,,+1.25,CRUCE CONTRARIO
logs_viejos/bot_hasta_2026-09-22.log.gz,22:01:03,APERTURA,SHORT,1,7185.50,,7180.50,,,,,,
logs_viejos/bot_hasta_2026-09-22.log.gz,22:02:02,CIERRE,SHORT,,7185.50,7185.75,,,,,,-1.25,CRUCE CONTRARIO
logs_viejos/bot_hasta_2026-09-22.log.gz,22:02:03,APERTURA,LONG,1,7185.75,,7190.75,,,,,,
logs_viejos/bot_hasta_2026-09-22.log.gz,22:03:00,CIERRE,LONG,,7185.75,7185.00,,,,,,-3.75,CRUCE CONTRARIO
logs_viejos/bot_hasta_2026-09-22.log.gz,22:03:02,APERTURA,SHORT,1,7185.00,,7180.00,,,,,,
logs_viejos/bot_hasta_2026-09-22.log.gz,22:04:01,CIERRE,SHORT,,7185.00,7186.00,,,,,,-5.00,CRUCE CONTRARIO
logs_viejos/bot_hasta_2026-09-22.log.gz,22:04:02,APERTURA,LONG,1,7186.00,,7191.00,,,,,,
logs_viejos/bot_hasta_2026-09-22.log.gz,22:05:02,CIERRE,LONG,,7186.00,7186.25,,,,,,+1.25,CRUCE CONTRARIO
logs_viejos/bot_hasta_2026-09-22.log.gz,22:05:03,APERTURA,SHORT,1,7186.25,,7181.25,,,,,,
logs_viejos/bot_hasta_2026-09-22.log.gz,22:07:00,CIERRE,SHORT,,7186.25,7187.75,,,,,,-7.50,CRUCE CONTRARIO
logs_viejos/bot_hasta_2026-09-22.log.gz,22:07:02,APERTURA,LONG,1,7187.75,,7192.75,,,,,,
logs_viejos/bot_hasta_2026-09-22.log.gz,22:08:02,CIERRE,LONG,,7187.75,7188.25,,,,,,+2.50,CRUCE CONTRARIO
logs_viejos/bot_hasta_2026-09-22.log.gz,22:08:03,APERTURA,SHORT,1,7188.25,,7183.25,,,,,,
logs_viejos/bot_hasta_2026-09-22.log.gz,22:09:02,CIERRE,SHORT,,7188.25,7190.00,,,,,,-8.75,CRUCE CONTRARIO
logs_viejos/bot_hasta_2026-09-22.log.gz,22:09:03,APERTURA,LONG,1,7190.00,,7195.00,,,,,,
logs_viejos/bot_hasta_2026-09-22.log.gz,22:10:00,CIERRE,LONG,,7190.00,7190.50,,,,,,+2.50,CRUCE CONTRARIO
logs_viejos/bot_hasta_2026-09-22.log.gz,22:10:02,APERTURA,SHORT,1,7190.50,,7185.50,,,,,,
logs_viejos/bot_hasta_2026-09-22.log.gz,22:11:20,CIERRE,SHORT,,7190.50,7197.50,,,,,,-35.00,STOP LOSS
logs_viejos/bot_hasta_2026-09-22.log.gz,22:11:54,APERTURA,SHORT,1,7200.00,,7195.00,,,,,,
logs_viejos/bot_hasta_2026-09-22.log.gz,22:13:02,CIERRE,SHORT,,7200.00,7199.25,,,,,,+3.75,CRUCE CONTRARIO
logs_viejos/bot_hasta_2026-09-22.log.gz,22:13:03,APERTURA,LONG,1,7199.25,,7204.25,,,,,,
logs_viejos/bot_hasta_2026-09-22.log.gz,22:14:02,CIERRE,LONG,,7199.25,7198.00,,,,,,-6.25,CRUCE CONTRARIO
logs_viejos/bot_hasta_2026-09-22.log.gz,22:14:03,APERTURA,SHORT,1,7198.00,,7193.00,,,,,,
logs_viejos/bot_hasta_2026-09-22.log.gz,22:15:01,CIERRE,SHORT,,7198.00,7198.75,,,,,,-3.75,CRUCE CONTRARIO
logs_viejos/bot_hasta_2026-09-22.log.gz,22:15:03,APERTURA,LONG,1,7198.75,,7203.75,,,,,,
logs_viejos/bot_hasta_2026-09-22.log.gz,22:17:02,CIERRE,LONG,,7198.75,7195.50,,,,,,-16.25,CRUCE CONTRARIO
logs_viejos/bot_hasta_2026-09-22.log.gz,22:17:03,APERTURA,SHORT,1,7195.50,,7190.50,,,,,,
logs_viejos/bot_hasta_2026-09-22.log.gz,22:19:01,CIERRE,SHORT,,7195.50,7193.00,,,,,,+12.50,CRUCE CONTRARIO
logs_viejos/bot_hasta_2026-09-22.log.gz,22:19:03,APERTURA,LONG,1,7193.00,,7198.00,,,,,,
logs_viejos/bot_hasta_2026-09-22.log.gz,22:20:02,CIERRE,LONG,,7193.00,7192.00,,,,,,-5.00,CRUCE CONTRARIO
logs_viejos/bot_hasta_2026-09-22.log.gz,22:20:03,APERTURA,SHORT,1,7192.00,,7187.00,,,,,,
logs_viejos/bot_hasta_2026-09-22.log.gz,22:29:45,CIERRE,SHORT,,7192.00,7193.75,,,,,,-8.75,CRUCE CONTRARIO
logs_viejos/bot_hasta_2026-09-22.log.gz,22:29:48,APERTURA,LONG,1,7193.75,,7198.75,,,,,,
logs_viejos/bot_hasta_2026-09-22.log.gz,22:31:02,CIERRE,LONG,,7193.75,7194.50,,,,,,+3.75,CRUCE CONTRARIO
logs_viejos/bot_hasta_2026-09-22.log.gz,22:31:03,APERTURA,SHORT,1,7194.50,,7189.50,,,,,,
logs_viejos/bot_hasta_2026-09-22.log.gz,22:32:01,CIERRE,SHORT,,7194.50,7194.00,,,,,,+2.50,CRUCE CONTRARIO
logs_viejos/bot_hasta_2026-09-22.log.gz,22:32:02,APERTURA,LONG,1,7194.00,,7199.00,,,,,,
logs_viejos/bot_hasta_2026-09-22.log.gz,22:35:01,CIERRE,LONG,,7194.00,7196.50,,,,,,+12.50,CRUCE CONTRARIO
logs_viejos/bot_hasta_2026-09-22.log.gz,22:35:03,APERTURA,SHORT,1,7196.50,,7191.50,,,,,,
logs_viejos/bot_hasta_2026-09-22.log.gz,22:36:01,CIERRE,SHORT,,7196.50,7194.75,,,,,,+8.75,CRUCE CONTRARIO
logs_viejos/bot_hasta_2026-09-22.log.gz,22:36:03,APERTURA,LONG,1,7194.75,,7199.75,,,,,,
logs_viejos/bot_hasta_2026-09-22.log.gz,22:38:14,APERTURA,LONG,1,7193.50,,7198.50,,,,,,
logs_viejos/bot_hasta_2026-09-22.log.gz,22:40:01,CIERRE,LONG,,7193.50,7198.00,,,,,,+22.50,CRUCE CONTRARIO
logs_viejos/bot_hasta_2026-09-22.log.gz,22:40:03,APERTURA,SHORT,1,7198.00,,7193.00,,,,,,
logs_viejos/bot_hasta_2026-09-22.log.gz,22:42:01,CIERRE,SHORT,,7198.00,7198.50,,,,,,-2.50,CRUCE CONTRARIO
logs_viejos/bot_hasta_2026-09-22.log.gz,22:42:03,APERTURA,LONG,1,7198.50,,7203.50,,,,,,
logs_viejos/bot_hasta_2026-09-22.log.gz,22:44:01,CIERRE,LONG,,7198.50,7200.25,,,,,,+8.75,CRUCE CONTRARIO
logs_viejos/bot_hasta_2026-09-22.log.gz,22:44:03,APERTURA,SHORT,1,7200.25,,7195.25,,,,,,
logs_viejos/bot_hasta_2026-09-22.log.gz,22:45:00,CIERRE,SHORT,,7200.25,7201.00,,,,,,-3.75,CRUCE CONTRARIO
logs_viejos/bot_hasta_2026-09-22.log.gz,22:45:02,APERTURA,LONG,1,7201.00,,7206.00,,,,,,
logs_viejos/bot_hasta_2026-09-22.log.gz,22:47:00,CIERRE,LONG,,7201.00,7201.00,,,,,,+0.00,CRUCE CONTRARIO
logs_viejos/bot_hasta_2026-09-22.log.gz,22:47:02,APERTURA,SHORT,1,7201.00,,7196.00,,,,,,
logs_viejos/bot_hasta_2026-09-22.log.gz,22:48:02,CIERRE,SHORT,,7201.00,7201.00,,,,,,+0.00,CRUCE CONTRARIO
logs_viejos/bot_hasta_2026-09-22.log.gz,22:48:04,APERTURA,LONG,1,7201.00,,7206.00,,,,,,
logs_viejos/bot_hasta_2026-09-22.log.gz,22:50:01,CIERRE,LONG,,7201.00,7202.00,,,,,,+5.00,CRUCE CONTRARIO
logs_viejos/bot_hasta_2026-09-22.log.gz,22:50:03,APERTURA,SHORT,1,7202.00,,7197.00,,,,,,
logs_viejos/bot_hasta_2026-09-22.log.gz,22:51:02,CIERRE,SHORT,,7202.00,7202.25,,,,,,-1.25,CRUCE CONTRARIO
logs_viejos/bot_hasta_2026-09-22.log.gz,22:51:04,APERTURA,LONG,1,7202.25,,7207.25,,,,,,
logs_viejos/bot_hasta_2026-09-22.log.gz,22:53:02,CIERRE,LONG,,7202.25,7202.00,,,,,,-1.25,CRUCE CONTRARIO
logs_viejos/bot_hasta_2026-09-22.log.gz,22:53:04,APERTURA,SHORT,1,7202.00,,7197.00,,,,,,
logs_viejos/bot_hasta_2026-09-22.log.gz,22:54:01,CIERRE,SHORT,,7202.00,7202.25,,,,,,-1.25,CRUCE CONTRARIO
logs_viejos/bot_hasta_2026-09-22.log.gz,22:54:03,APERTURA,LONG,1,7202.25,,7207.25,,,,,,
logs_viejos/bot_hasta_2026-09-22.log.gz,22:55:00,CIERRE,LONG,,7202.25,7201.75,,,,,,-2.50,CRUCE CONTRARIO
logs_viejos/bot_hasta_2026-09-22.log.gz,22:55:02,APERTURA,SHORT,1,7201.75,,7196.75,,,,,,
logs_viejos/bot_hasta_2026-09-22.log.gz,22:56:01,CIERRE,SHORT,,7201.75,7202.25,,,,,,-2.50,CRUCE CONTRARIO
logs_viejos/bot_hasta_2026-09-22.log.gz,22:56:02,APERTURA,LONG,1,7202.25,,7207.25,,,,,,
logs_viejos/bot_hasta_2026-09-22.log.gz,22:57:02,CIERRE,LONG,,7202.25,7202.00,,,,,,-1.25,CRUCE CONTRARIO
logs_viejos/bot_hasta_2026-09-22.log.gz,22:57:04,APERTURA,SHORT,1,7202.00,,7197.00,,,,,,
logs_viejos/bot_hasta_2026-09-22.log.gz,22:58:01,CIERRE,SHORT,,7202.00,7201.75,,,,,,+1.25,CRUCE CONTRARIO
logs_viejos/bot_hasta_2026-09-22.log.gz,22:58:03,APERTURA,LONG,1,7201.75,,7206.75,,,,,,
logs_viejos/bot_hasta_2026-09-22.log.gz,23:01:02,CIERRE,LONG,,7201.75,7206.50,,,,,,+23.75,CRUCE CONTRARIO
logs_viejos/bot_hasta_2026-09-22.log.gz,23:01:03,APERTURA,SHORT,1,7206.50,,7201.50,,,,,,
logs_viejos/bot_hasta_2026-09-22.log.gz,23:03:01,CIERRE,SHORT,,7206.50,7205.25,,,,,,+6.25,CRUCE CONTRARIO
logs_viejos/bot_hasta_2026-09-22.log.gz,23:03:03,APERTURA,LONG,1,7205.25,,7210.25,,,,,,
logs_viejos/bot_hasta_2026-09-22.log.gz,23:05:02,CIERRE,LONG,,7205.25,7206.75,,,,,,+7.50,CRUCE CONTRARIO
logs_viejos/bot_hasta_2026-09-22.log.gz,23:05:04,APERTURA,SHORT,1,7206.75,,7201.75,,,,,,
logs_viejos/bot_hasta_2026-09-22.log.gz,23:06:02,CIERRE,SHORT,,7206.75,7206.50,,,,,,+1.25,CRUCE CONTRARIO
logs_viejos/bot_hasta_2026-09-22.log.gz,23:06:04,APERTURA,LONG,1,7206.50,,7211.50,,,,,,
logs_viejos/bot_hasta_2026-09-22.log.gz,23:07:01,CIERRE,LONG,,7206.50,7205.50,,,,,,-5.00,CRUCE CONTRARIO
logs_viejos/bot_hasta_2026-09-22.log.gz,23:07:03,APERTURA,SHORT,1,7205.50,,7200.50,,,,,,
logs_viejos/bot_hasta_2026-09-22.log.gz,23:08:01,CIERRE,SHORT,,7205.50,7205.00,,,,,,+2.50,CRUCE CONTRARIO
logs_viejos/bot_hasta_2026-09-22.log.gz,23:08:02,APERTURA,LONG,1,7205.00,,7210.00,,,,,,
logs_viejos/bot_hasta_2026-09-22.log.gz,23:10:01,CIERRE,LONG,,7205.00,7207.75,,,,,,+13.75,CRUCE CONTRARIO
logs_viejos/bot_hasta_2026-09-22.log.gz,23:10:03,APERTURA,SHORT,1,7207.75,,7202.75,,,,,,
logs_viejos/bot_hasta_2026-09-22.log.gz,23:12:01,CIERRE,SHORT,,7207.75,7207.50,,,,,,+1.25,CRUCE CONTRARIO
logs_viejos/bot_hasta_2026-09-22.log.gz,23:12:03,APERTURA,LONG,1,7207.50,,7212.50,,,,,,
logs_viejos/bot_hasta_2026-09-22.log.gz,23:13:01,CIERRE,LONG,,7207.50,7206.00,,,,,,-7.50,CRUCE CONTRARIO
logs_viejos/bot_hasta_2026-09-22.log.gz,23:13:03,APERTURA,SHORT,1,7206.00,,7201.00,,,,,,
logs_viejos/bot_hasta_2026-09-22.log.gz,23:14:01,CIERRE,SHORT,,7206.00,7205.50,,,,,,+2.50,CRUCE CONTRARIO
logs_viejos/bot_hasta_2026-09-22.log.gz,23:14:03,APERTURA,LONG,1,7205.50,,7210.50,,,,,,
logs_viejos/bot_hasta_2026-09-22.log.gz,23:16:00,CIERRE,LONG,,7205.50,7203.75,,,,,,-8.75,CRUCE CONTRARIO
logs_viejos/bot_hasta_2026-09-22.log.gz,23:16:02,APERTURA,SHORT,1,7203.75,,7198.75,,,,,,
logs_viejos/bot_hasta_2026-09-22.log.gz,23:17:01,CIERRE,SHORT,,7203.75,7204.75,,,,,,-5.00,CRUCE CONTRARIO
logs_viejos/bot_hasta_2026-09-22.log.gz,23:17:03,APERTURA,LONG,1,7204.75,,7209.75,,,,,,
logs_viejos/bot_hasta_2026-09-22.log.gz,23:19:01,CIERRE,LONG,,7204.75,7205.25,,,,,,+2.50,CRUCE CONTRARIO
logs_viejos/bot_hasta_2026-09-22.log.gz,23:19:02,APERTURA,SHORT,1,7205.25,,7200.25,,,,,,
logs_viejos/bot_hasta_2026-09-22.log.gz,23:20:01,CIERRE,SHORT,,7205.25,7205.50,,,,,,-1.25,CRUCE CONTRARIO
logs_viejos/bot_hasta_2026-09-22.log.gz,23:20:02,APERTURA,LONG,1,7205.50,,7210.50,,,,,,
logs_viejos/bot_hasta_2026-09-22.log.gz,23:21:02,CIERRE,LONG,,7205.50,7204.25,,,,,,-6.25,CRUCE CONTRARIO
logs_viejos/bot_hasta_2026-09-22.log.gz,23:21:03,APERTURA,SHORT,1,7204.25,,7199.25,,,,,,
logs_viejos/bot_hasta_2026-09-22.log.gz,23:22:02,CIERRE,SHORT,,7204.25,7204.75,,,,,,-2.50,CRUCE CONTRARIO
logs_viejos/bot_hasta_2026-09-22.log.gz,23:22:03,APERTURA,LONG,1,7204.75,,7209.75,,,,,,
logs_viejos/bot_hasta_2026-09-22.log.gz,23:23:01,CIERRE,LONG,,7204.75,7204.75,,,,,,+0.00,CRUCE CONTRARIO
logs_viejos/bot_hasta_2026-09-22.log.gz,23:23:03,APERTURA,SHORT,1,7204.75,,7199.75,,,,,,
logs_viejos/bot_hasta_2026-09-22.log.gz,23:24:02,CIERRE,SHORT,,7204.75,7205.50,,,,,,-3.75,CRUCE CONTRARIO
logs_viejos/bot_hasta_2026-09-22.log.gz,23:24:04,APERTURA,LONG,1,7205.50,,7210.50,,,,,,
logs_viejos/bot_hasta_2026-09-22.log.gz,23:25:02,CIERRE,LONG,,7205.50,7205.25,,,,,,-1.25,CRUCE CONTRARIO
logs_viejos/bot_hasta_2026-09-22.log.gz,23:25:03,APERTURA,SHORT,1,7205.25,,7200.25,,,,,,
logs_viejos/bot_hasta_2026-09-22.log.gz,23:26:01,CIERRE,SHORT,,7205.25,7206.00,,,,,,-3.75,CRUCE CONTRARIO
logs_viejos/bot_hasta_2026-09-22.log.gz,23:26:03,APERTURA,LONG,1,7206.00,,7211.00,,,,,,
logs_viejos/bot_hasta_2026-09-22.log.gz,23:27:02,CIERRE,LONG,,7206.00,7206.00,,,,,,+0.00,CRUCE CONTRARIO
logs_viejos/bot_hasta_2026-09-22.log.gz,23:27:03,APERTURA,SHORT,1,7206.00,,7201.00,,,,,,
logs_viejos/bot_hasta_2026-09-22.log.gz,23:28:01,CIERRE,SHORT,,7206.00,7206.50,,,,,,-2.50,CRUCE CONTRARIO
logs_viejos/bot_hasta_2026-09-22.log.gz,23:28:03,APERTURA,LONG,1,7206.50,,7211.50,,,,,,
logs_viejos/bot_hasta_2026-09-22.log.gz,23:29:01,CIERRE,LONG,,7206.50,7206.00,,,,,,-2.50,CRUCE CONTRARIO
logs_viejos/bot_hasta_2026-09-22.log.gz,23:29:02,APERTURA,SHORT,1,7206.00,,7201.00,,,,,,
logs_viejos/bot_hasta_2026-09-22.log.gz,23:30:00,CIERRE,SHORT,,7206.00,7204.25,,,,,,+8.75,CRUCE CONTRARIO
logs_viejos/bot_hasta_2026-09-22.log.gz,23:30:02,APERTURA,LONG,1,7204.25,,7209.25,,,,,,
logs_viejos/bot_hasta_2026-09-22.log.gz,23:31:00,CIERRE,LONG,,7204.25,7202.50,,,,,,-8.75,CRUCE CONTRARIO
logs_viejos/bot_hasta_2026-09-22.log.gz,23:31:02,APERTURA,SHORT,1,7202.50,,7197.50,,,,,,
logs_viejos/bot_hasta_2026-09-22.log.gz,23:32:02,CIERRE,SHORT,,7202.50,7203.25,,,,,,-3.75,CRUCE CONTRARIO
logs_viejos/bot_hasta_2026-09-22.log.gz,23:32:03,APERTURA,LONG,1,7203.25,,7208.25,,,,,,
logs_viejos/bot_hasta_2026-09-22.log.gz,23:33:02,CIERRE,LONG,,7203.25,7204.25,,,,,,+5.00,CRUCE CONTRARIO
logs_viejos/bot_hasta_2026-09-22.log.gz,23:33:03,APERTURA,SHORT,1,7204.25,,7199.25,,,,,,
logs_viejos/bot_hasta_2026-09-22.log.gz,23:34:01,CIERRE,SHORT,,7204.25,7204.50,,,,,,-1.25,CRUCE CONTRARIO
logs_viejos/bot_hasta_2026-09-22.log.gz,23:34:03,APERTURA,LONG,1,7204.50,,7209.50,,,,,,
logs_viejos/bot_hasta_2026-09-22.log.gz,23:35:01,CIERRE,LONG,,7204.50,7203.50,,,,,,-5.00,CRUCE CONTRARIO
logs_viejos/bot_hasta_2026-09-22.log.gz,23:35:02,APERTURA,SHORT,1,7203.50,,7198.50,,,,,,
logs_viejos/bot_hasta_2026-09-22.log.gz,23:36:01,CIERRE,SHORT,,7203.50,7203.75,,,,,,-1.25,CRUCE CONTRARIO
logs_viejos/bot_hasta_2026-09-22.log.gz,23:36:03,APERTURA,LONG,1,7203.75,,7208.75,,,,,,
logs_viejos/bot_hasta_2026-09-22.log.gz,23:37:01,CIERRE,LONG,,7203.75,7203.75,,,,,,+0.00,CRUCE CONTRARIO
logs_viejos/bot_hasta_2026-09-22.log.gz,23:37:03,APERTURA,SHORT,1,7203.75,,7198.75,,,,,,
logs_viejos/bot_hasta_2026-09-22.log.gz,23:38:01,CIERRE,SHORT,,7203.75,7203.00,,,,,,+3.75,CRUCE CONTRARIO
logs_viejos/bot_hasta_2026-09-22.log.gz,23:38:03,APERTURA,LONG,1,7203.00,,7208.00,,,,,,
logs_viejos/bot_hasta_2026-09-22.log.gz,23:39:01,CIERRE,LONG,,7203.00,7203.75,,,,,,+3.75,CRUCE CONTRARIO
logs_viejos/bot_hasta_2026-09-22.log.gz,23:39:03,APERTURA,SHORT,1,7203.75,,7198.75,,,,,,
logs_viejos/bot_hasta_2026-09-22.log.gz,23:40:00,CIERRE,SHORT,,7203.75,7203.50,,,,,,+1.25,CRUCE CONTRARIO
logs_viejos/bot_hasta_2026-09-22.log.gz,23:40:02,APERTURA,LONG,1,7203.50,,7208.50,,,,,,
logs_viejos/bot_hasta_2026-09-22.log.gz,23:41:02,CIERRE,LONG,,7203.50,7204.50,,,,,,+5.00,CRUCE CONTRARIO
logs_viejos/bot_hasta_2026-09-22.log.gz,23:41:03,APERTURA,SHORT,1,7204.50,,7199.50,,,,,,
logs_viejos/bot_hasta_2026-09-22.log.gz,00:02:02,CIERRE,SHORT,,7204.50,7203.75,,,,,,+3.75,CRUCE CONTRARIO
logs_viejos/bot_hasta_2026-09-22.log.gz,00:02:04,APERTURA,LONG,1,7203.75,,7208.75,,,,,,
logs_viejos/bot_hasta_2026-09-22.log.gz,00:03:02,CIERRE,LONG,,7203.75,7203.50,,,,,,-1.25,CRUCE CONTRARIO
logs_viejos/bot_hasta_2026-09-22.log.gz,00:03:04,APERTURA,SHORT,1,7203.50,,7198.50,,,,,,
logs_viejos/bot_hasta_2026-09-22.log.gz,00:04:00,CIERRE,SHORT,,7203.50,7203.50,,,,,,+0.00,CRUCE CONTRARIO
logs_viejos/bot_hasta_2026-09-22.log.gz,00:04:02,APERTURA,LONG,1,7203.50,,7208.50,,,,,,
logs_viejos/bot_hasta_2026-09-22.log.gz,00:05:01,CIERRE,LONG,,7203.50,7203.25,,,,,,-1.25,CRUCE CONTRARIO
logs_viejos/bot_hasta_2026-09-22.log.gz,00:05:03,APERTURA,SHORT,1,7203.25,,7198.25,,,,,,
logs_viejos/bot_hasta_2026-09-22.log.gz,00:06:01,CIERRE,SHORT,,7203.25,7203.75,,,,,,-2.50,CRUCE CONTRARIO
logs_viejos/bot_hasta_2026-09-22.log.gz,00:06:02,APERTURA,LONG,1,7203.75,,7208.75,,,,,,
logs_viejos/bot_hasta_2026-09-22.log.gz,00:07:01,CIERRE,LONG,,7203.75,7203.25,,,,,,-2.50,CRUCE CONTRARIO
logs_viejos/bot_hasta_2026-09-22.log.gz,00:07:03,APERTURA,SHORT,1,7203.25,,7198.25,,,,,,
logs_viejos/bot_hasta_2026-09-22.log.gz,00:08:02,CIERRE,SHORT,,7203.25,7203.75,,,,,,-2.50,CRUCE CONTRARIO
logs_viejos/bot_hasta_2026-09-22.log.gz,00:08:04,APERTURA,LONG,1,7203.75,,7208.75,,,,,,
logs_viejos/bot_hasta_2026-09-22.log.gz,00:09:01,CIERRE,LONG,,7203.75,7204.25,,,,,,+2.50,CRUCE CONTRARIO
logs_viejos/bot_hasta_2026-09-22.log.gz,00:09:02,APERTURA,SHORT,1,7204.25,,7199.25,,,,,,
logs_viejos/bot_hasta_2026-09-22.log.gz,00:11:00,CIERRE,SHORT,,7204.25,7204.00,,,,,,+1.25,CRUCE CONTRARIO
logs_viejos/bot_hasta_2026-09-22.log.gz,00:11:02,APERTURA,LONG,1,7204.00,,7209.00,,,,,,
logs_viejos/bot_hasta_2026-09-22.log.gz,00:12:01,CIERRE,LONG,,7204.00,7203.00,,,,,,-5.00,CRUCE CONTRARIO
logs_viejos/bot_hasta_2026-09-22.log.gz,00:12:03,APERTURA,SHORT,1,7203.00,,7198.00,,,,,,
logs_viejos/bot_hasta_2026-09-22.log.gz,00:13:01,CIERRE,SHORT,,7203.00,7204.00,,,,,,-5.00,CRUCE CONTRARIO
logs_viejos/bot_hasta_2026-09-22.log.gz,00:13:03,APERTURA,LONG,1,7204.00,,7209.00,,,,,,
logs_viejos/bot_hasta_2026-09-22.log.gz,00:14:00,CIERRE,LONG,,7204.00,7204.50,,,,,,+2.50,CRUCE CONTRARIO
logs_viejos/bot_hasta_2026-09-22.log.gz,00:14:02,APERTURA,SHORT,1,7204.50,,7199.50,,,,,,
logs_viejos/bot_hasta_2026-09-22.log.gz,00:15:01,CIERRE,SHORT,,7204.50,7204.00,,,,,,+2.50,CRUCE CONTRARIO
logs_viejos/bot_hasta_2026-09-22.log.gz,00:15:03,APERTURA,LONG,1,7204.00,,7209.00,,,,,,
logs_viejos/bot_hasta_2026-09-22.log.gz,00:16:02,CIERRE,LONG,,7204.00,7203.25,,,,,,-3.75,CRUCE CONTRARIO
logs_viejos/bot_hasta_2026-09-22.log.gz,00:16:04,APERTURA,SHORT,1,7203.25,,7198.25,,,,,,
logs_viejos/bot_hasta_2026-09-22.log.gz,00:18:01,CIERRE,SHORT,,7203.25,7202.75,,,,,,+2.50,CRUCE CONTRARIO
logs_viejos/bot_hasta_2026-09-22.log.gz,00:18:03,APERTURA,LONG,1,7202.75,,7207.75,,,,,,
logs_viejos/bot_hasta_2026-09-22.log.gz,00:19:02,CIERRE,LONG,,7202.75,7202.75,,,,,,+0.00,CRUCE CONTRARIO
logs_viejos/bot_hasta_2026-09-22.log.gz,00:19:04,APERTURA,SHORT,1,7202.75,,7197.75,,,,,,
logs_viejos/bot_hasta_2026-09-22.log.gz,00:20:01,CIERRE,SHORT,,7202.75,7202.50,,,,,,+1.25,CRUCE CONTRARIO
logs_viejos/bot_hasta_2026-09-22.log.gz,00:20:03,APERTURA,LONG,1,7202.50,,7207.50,,,,,,
logs_viejos/bot_hasta_2026-09-22.log.gz,00:21:01,CIERRE,LONG,,7202.50,7202.50,,,,,,+0.00,CRUCE CONTRARIO
logs_viejos/bot_hasta_2026-09-22.log.gz,00:21:03,APERTURA,SHORT,1,7202.50,,7197.50,,,,,,
logs_viejos/bot_hasta_2026-09-22.log.gz,00:22:01,CIERRE,SHORT,,7202.50,7202.00,,,,,,+2.50,CRUCE CONTRARIO
logs_viejos/bot_hasta_2026-09-22.log.gz,00:22:03,APERTURA,LONG,1,7202.00,,7207.00,,,,,,
logs_viejos/bot_hasta_2026-09-22.log.gz,00:23:01,CIERRE,LONG,,7202.00,7201.75,,,,,,-1.25,CRUCE CONTRARIO
logs_viejos/bot_hasta_2026-09-22.log.gz,00:23:03,APERTURA,SHORT,1,7201.75,,7196.75,,,,,,
logs_viejos/bot_hasta_2026-09-22.log.gz,00:24:00,CIERRE,SHORT,,7201.75,7202.00,,,,,,-1.25,CRUCE CONTRARIO
logs_viejos/bot_hasta_2026-09-22.log.gz,00:24:02,APERTURA,LONG,1,7202.00,,7207.00,,,,,,
logs_viejos/bot_hasta_2026-09-22.log.gz,00:26:01,CIERRE,LONG,,7202.00,7202.50,,,,,,+2.50,CRUCE CONTRARIO
logs_viejos/bot_hasta_2026-09-22.log.gz,00:26:03,APERTURA,SHORT,1,7202.50,,7197.50,,,,,,
logs_viejos/bot_hasta_2026-09-22.log.gz,00:27:01,CIERRE,SHORT,,7202.50,7202.25,,,,,,+1.25,CRUCE CONTRARIO
logs_viejos/bot_hasta_2026-09-22.log.gz,00:27:03,APERTURA,LONG,1,7202.25,,7207.25,,,,,,
logs_viejos/bot_hasta_2026-09-22.log.gz,00:28:01,CIERRE,LONG,,7202.25,7202.50,,,,,,+1.25,CRUCE CONTRARIO
logs_viejos/bot_hasta_2026-09-22.log.gz,00:28:03,APERTURA,SHORT,1,7202.50,,7197.50,,,,,,
logs_viejos/bot_hasta_2026-09-22.log.gz,00:29:01,CIERRE,SHORT,,7202.50,7202.50,,,,,,+0.00,CRUCE CONTRARIO
logs_viejos/bot_hasta_2026-09-22.log.gz,00:29:02,APERTURA,LONG,1,7202.50,,7207.50,,,,,,
logs_viejos/bot_hasta_2026-09-22.log.gz,00:31:01,CIERRE,LONG,,7202.50,7204.25,,,,,,+8.75,CRUCE CONTRARIO
logs_viejos/bot_hasta_2026-09-22.log.gz,00:31:02,APERTURA,SHORT,1,7204.25,,7199.25,,,,,,
logs_viejos/bot_hasta_2026-09-22.log.gz,00:32:02,CIERRE,SHORT,,7204.25,7203.75,,,,,,+2.50,CRUCE CONTRARIO
logs_viejos/bot_hasta_2026-09-22.log.gz,00:32:04,APERTURA,LONG,1,7203.75,,7208.75,,,,,,
logs_viejos/bot_hasta_2026-09-22.log.gz,00:33:00,CIERRE,LONG,,7203.75,7203.25,,,,,,-2.50,CRUCE CONTRARIO
logs_viejos/bot_hasta_2026-09-22.log.gz,00:33:02,APERTURA,SHORT,1,7203.25,,7198.25,,,,,,
logs_viejos/bot_hasta_2026-09-22.log.gz,00:34:02,CIERRE,SHORT,,7203.25,7203.25,,,,,,+0.00,CRUCE CONTRARIO
logs_viejos/bot_hasta_2026-09-22.log.gz,00:34:04,APERTURA,LONG,1,7203.25,,7208.25,,,,,,
logs_viejos/bot_hasta_2026-09-22.log.gz,00:37:01,CIERRE,LONG,,7203.25,7203.25,,,,,,+0.00,CRUCE CONTRARIO
logs_viejos/bot_hasta_2026-09-22.log.gz,00:37:02,APERTURA,SHORT,1,7203.25,,7198.25,,,,,,
logs_viejos/bot_hasta_2026-09-22.log.gz,00:38:00,CIERRE,SHORT,,7203.25,7203.75,,,,,,-2.50,CRUCE CONTRARIO
logs_viejos/bot_hasta_2026-09-22.log.gz,00:38:02,APERTURA,LONG,1,7203.75,,7208.75,,,,,,
logs_viejos/bot_hasta_2026-09-22.log.gz,00:39:02,CIERRE,LONG,,7203.75,7203.50,,,,,,-1.25,CRUCE CONTRARIO
logs_viejos/bot_hasta_2026-09-22.log.gz,00:39:04,APERTURA,SHORT,1,7203.50,,7198.50,,,,,,
logs_viejos/bot_hasta_2026-09-22.log.gz,00:40:02,CIERRE,SHORT,,7203.50,7203.25,,,,,,+1.25,CRUCE CONTRARIO
logs_viejos/bot_hasta_2026-09-22.log.gz,00:40:04,APERTURA,LONG,1,7203.25,,7208.25,,,,,,
logs_viejos/bot_hasta_2026-09-22.log.gz,00:41:01,CIERRE,LONG,,7203.25,7204.25,,,,,,+5.00,CRUCE CONTRARIO
logs_viejos/bot_hasta_2026-09-22.log.gz,00:41:03,APERTURA,SHORT,1,7204.25,,7199.25,,,,,,
logs_viejos/bot_hasta_2026-09-22.log.gz,00:43:01,CIERRE,SHORT,,7204.25,7202.75,,,,,,+7.50,CRUCE CONTRARIO
logs_viejos/bot_hasta_2026-09-22.log.gz,00:43:02,APERTURA,LONG,1,7202.75,,7207.75,,,,,,
logs_viejos/bot_hasta_2026-09-22.log.gz,00:44:02,CIERRE,LONG,,7202.75,7202.75,,,,,,+0.00,CRUCE CONTRARIO
logs_viejos/bot_hasta_2026-09-22.log.gz,00:44:04,APERTURA,SHORT,1,7202.75,,7197.75,,,,,,
logs_viejos/bot_hasta_2026-09-22.log.gz,00:45:02,CIERRE,SHORT,,7202.75,7204.00,,,,,,-6.25,CRUCE CONTRARIO
logs_viejos/bot_hasta_2026-09-22.log.gz,00:45:03,APERTURA,LONG,1,7204.00,,7209.00,,,,,,
logs_viejos/bot_hasta_2026-09-22.log.gz,00:46:02,CIERRE,LONG,,7204.00,7203.75,,,,,,-1.25,CRUCE CONTRARIO
logs_viejos/bot_hasta_2026-09-22.log.gz,00:46:04,APERTURA,SHORT,1,7203.75,,7198.75,,,,,,
logs_viejos/bot_hasta_2026-09-22.log.gz,00:47:01,CIERRE,SHORT,,7203.75,7203.00,,,,,,+3.75,CRUCE CONTRARIO
logs_viejos/bot_hasta_2026-09-22.log.gz,00:47:03,APERTURA,LONG,1,7203.00,,7208.00,,,,,,
logs_viejos/bot_hasta_2026-09-22.log.gz,00:48:02,CIERRE,LONG,,7203.00,7202.75,,,,,,-1.25,CRUCE CONTRARIO
logs_viejos/bot_hasta_2026-09-22.log.gz,00:48:03,APERTURA,SHORT,1,7202.75,,7197.75,,,,,,
logs_viejos/bot_hasta_2026-09-22.log.gz,00:49:01,CIERRE,SHORT,,7202.75,7203.75,,,,,,-5.00,CRUCE CONTRARIO
logs_viejos/bot_hasta_2026-09-22.log.gz,00:49:03,APERTURA,LONG,1,7203.75,,7208.75,,,,,,
logs_viejos/bot_hasta_2026-09-22.log.gz,00:50:02,CIERRE,LONG,,7203.75,7203.25,,,,,,-2.50,CRUCE CONTRARIO
logs_viejos/bot_hasta_2026-09-22.log.gz,00:50:04,APERTURA,SHORT,1,7203.25,,7198.25,,,,,,
logs_viejos/bot_hasta_2026-09-22.log.gz,00:51:01,CIERRE,SHORT,,7203.25,7203.25,,,,,,+0.00,CRUCE CONTRARIO
logs_viejos/bot_hasta_2026-09-22.log.gz,00:51:03,APERTURA,LONG,1,7203.25,,7208.25,,,,,,
logs_viejos/bot_hasta_2026-09-22.log.gz,00:52:01,CIERRE,LONG,,7203.25,7204.00,,,,,,+3.75,CRUCE CONTRARIO
logs_viejos/bot_hasta_2026-09-22.log.gz,00:52:03,APERTURA,SHORT,1,7204.00,,7199.00,,,,,,
logs_viejos/bot_hasta_2026-09-22.log.gz,00:53:02,CIERRE,SHORT,,7204.00,7204.00,,,,,,+0.00,CRUCE CONTRARIO
logs_viejos/bot_hasta_2026-09-22.log.gz,00:53:04,APERTURA,LONG,1,7204.00,,7209.00,,,,,,
logs_viejos/bot_hasta_2026-09-22.log.gz,00:54:01,CIERRE,LONG,,7204.00,7204.00,,,,,,+0.00,CRUCE CONTRARIO
logs_viejos/bot_hasta_2026-09-22.log.gz,00:54:03,APERTURA,SHORT,1,7204.00,,7199.00,,,,,,
logs_viejos/bot_hasta_2026-09-22.log.gz,00:55:01,CIERRE,SHORT,,7204.00,7204.00,,,,,,+0.00,CRUCE CONTRARIO
logs_viejos/bot_hasta_2026-09-22.log.gz,00:55:03,APERTURA,LONG,1,7204.00,,7209.00,,,,,,
logs_viejos/bot_hasta_2026-09-22.log.gz,00:56:02,CIERRE,LONG,,7204.00,7203.50,,,,,,-2.50,CRUCE CONTRARIO
logs_viejos/bot_hasta_2026-09-22.log.gz,00:56:04,APERTURA,SHORT,1,7203.50,,7198.50,,,,,,
logs_viejos/bot_hasta_2026-09-22.log.gz,00:58:02,CIERRE,SHORT,,7203.50,7203.00,,,,,,+2.50,CRUCE CONTRARIO
logs_viejos/bot_hasta_2026-09-22.log.gz,00:58:04,APERTURA,LONG,1,7203.00,,7208.00,,,,,,
logs_viejos/bot_hasta_2026-09-22.log.gz,00:59:02,CIERRE,LONG,,7203.00,7203.00,,,,,,+0.00,CRUCE CONTRARIO
logs_viejos/bot_hasta_2026-09-22.log.gz,00:59:04,APERTURA,SHORT,1,7203.00,,7198.00,,,,,,
logs_viejos/bot_hasta_2026-09-22.log.gz,00:04:25,APERTURA,SHORT,1,7207.50,,7202.50,,,,,,
logs_viejos/bot_hasta_2026-09-22.log.gz,00:05:02,CIERRE,SHORT,,7207.50,7207.50,,,,,,+0.00,CRUCE CONTRARIO
logs_viejos/bot_hasta_2026-09-22.log.gz,00:05:03,APERTURA,LONG,1,7207.50,,7212.50,,,,,,
logs_viejos/bot_hasta_2026-09-22.log.gz,00:06:02,CIERRE,LONG,,7207.50,7206.25,,,,,,-6.25,CRUCE CONTRARIO
logs_viejos/bot_hasta_2026-09-22.log.gz,00:06:03,APERTURA,SHORT,1,7206.25,,7201.25,,,,,,
logs_viejos/bot_hasta_2026-09-22.log.gz,00:07:01,CIERRE,SHORT,,7206.25,7206.00,,,,,,+1.25,CRUCE CONTRARIO
logs_viejos/bot_hasta_2026-09-22.log.gz,00:07:02,APERTURA,LONG,1,7206.00,,7211.00,,,,,,
logs_viejos/bot_hasta_2026-09-22.log.gz,00:08:01,CIERRE,LONG,,7206.00,7205.50,,,,,,-2.50,CRUCE CONTRARIO
logs_viejos/bot_hasta_2026-09-22.log.gz,00:08:02,APERTURA,SHORT,1,7205.50,,7200.50,,,,,,
logs_viejos/bot_hasta_2026-09-22.log.gz,00:09:01,CIERRE,SHORT,,7205.50,7206.25,,,,,,-3.75,CRUCE CONTRARIO
logs_viejos/bot_hasta_2026-09-22.log.gz,00:09:03,APERTURA,LONG,1,7206.25,,7211.25,,,,,,
logs_viejos/bot_hasta_2026-09-22.log.gz,00:10:01,CIERRE,LONG,,7206.25,7205.75,,,,,,-2.50,CRUCE CONTRARIO
logs_viejos/bot_hasta_2026-09-22.log.gz,00:10:02,APERTURA,SHORT,1,7205.75,,7200.75,,,,,,
logs_viejos/bot_hasta_2026-09-22.log.gz,00:11:01,CIERRE,SHORT,,7205.75,7206.00,,,,,,-1.25,CRUCE CONTRARIO
logs_viejos/bot_hasta_2026-09-22.log.gz,00:11:03,APERTURA,LONG,1,7206.00,,7211.00,,,,,,
logs_viejos/bot_hasta_2026-09-22.log.gz,00:12:01,CIERRE,LONG,,7206.00,7206.00,,,,,,+0.00,CRUCE CONTRARIO
logs_viejos/bot_hasta_2026-09-22.log.gz,00:12:03,APERTURA,SHORT,1,7206.00,,7201.00,,,,,,
logs_viejos/bot_hasta_2026-09-22.log.gz,00:13:01,CIERRE,SHORT,,7206.00,7206.50,,,,,,-2.50,CRUCE CONTRARIO
logs_viejos/bot_hasta_2026-09-22.log.gz,00:13:02,APERTURA,LONG,1,7206.50,,7211.50,,,,,,
logs_viejos/bot_hasta_2026-09-22.log.gz,00:14:01,CIERRE,LONG,,7206.50,7206.25,,,,,,-1.25,CRUCE CONTRARIO
logs_viejos/bot_hasta_2026-09-22.log.gz,00:14:03,APERTURA,SHORT,1,7206.25,,7201.25,,,,,,
logs_viejos/bot_hasta_2026-09-22.log.gz,00:15:02,CIERRE,SHORT,,7206.25,7205.25,,,,,,+5.00,CRUCE CONTRARIO
logs_viejos/bot_hasta_2026-09-22.log.gz,00:15:04,APERTURA,LONG,1,7205.25,,7210.25,,,,,,
logs_viejos/bot_hasta_2026-09-22.log.gz,00:16:02,CIERRE,LONG,,7205.25,7205.75,,,,,,+2.50,CRUCE CONTRARIO
logs_viejos/bot_hasta_2026-09-22.log.gz,00:16:03,APERTURA,SHORT,1,7205.75,,7200.75,,,,,,
logs_viejos/bot_hasta_2026-09-22.log.gz,00:18:01,CIERRE,SHORT,,7205.75,7206.25,,,,,,-2.50,CRUCE CONTRARIO
logs_viejos/bot_hasta_2026-09-22.log.gz,00:18:03,APERTURA,LONG,1,7206.25,,7211.25,,,,,,
logs_viejos/bot_hasta_2026-09-22.log.gz,00:19:01,CIERRE,LONG,,7206.25,7206.75,,,,,,+2.50,CRUCE CONTRARIO
logs_viejos/bot_hasta_2026-09-22.log.gz,00:19:02,APERTURA,SHORT,1,7206.75,,7201.75,,,,,,
logs_viejos/bot_hasta_2026-09-22.log.gz,00:20:02,CIERRE,SHORT,,7206.75,7206.75,,,,,,+0.00,CRUCE CONTRARIO
logs_viejos/bot_hasta_2026-09-22.log.gz,00:20:04,APERTURA,LONG,1,7206.75,,7211.75,,,,,,
logs_viejos/bot_hasta_2026-09-22.log.gz,00:21:02,CIERRE,LONG,,7206.75,7208.25,,,,,,+7.50,CRUCE CONTRARIO
logs_viejos/bot_hasta_2026-09-22.log.gz,00:21:03,APERTURA,SHORT,1,7208.25,,7203.25,,,,,,
logs_viejos/bot_hasta_2026-09-22.log.gz,00:22:28,CIERRE,SHORT,,7208.25,7207.50,,,,,,+3.75,CRUCE CONTRARIO
logs_viejos/bot_hasta_2026-09-22.log.gz,00:22:30,APERTURA,LONG,1,7207.50,,7212.50,,,,,,
logs_viejos/bot_hasta_2026-09-22.log.gz,00:24:02,CIERRE,LONG,,7207.50,7208.50,,,,,,+5.00,CRUCE CONTRARIO
logs_viejos/bot_hasta_2026-09-22.log.gz,00:24:04,APERTURA,SHORT,1,7208.50,,7203.50,,,,,,
logs_viejos/bot_hasta_2026-09-22.log.gz,00:25:02,CIERRE,SHORT,,7208.50,7208.25,,,,,,+1.25,CRUCE CONTRARIO
logs_viejos/bot_hasta_2026-09-22.log.gz,00:25:04,APERTURA,LONG,1,7208.25,,7213.25,,,,,,
logs_viejos/bot_hasta_2026-09-22.log.gz,00:26:01,CIERRE,LONG,,7208.25,7208.00,,,,,,-1.25,CRUCE CONTRARIO
logs_viejos/bot_hasta_2026-09-22.log.gz,00:26:03,APERTURA,SHORT,1,7208.00,,7203.00,,,,,,
logs_viejos/bot_hasta_2026-09-22.log.gz,00:27:01,CIERRE,SHORT,,7208.00,7208.00,,,,,,+0.00,CRUCE CONTRARIO
logs_viejos/bot_hasta_2026-09-22.log.gz,00:27:03,APERTURA,LONG,1,7208.00,,7213.00,,,,,,
logs_viejos/bot_hasta_2026-09-22.log.gz,00:28:01,CIERRE,LONG,,7208.00,7208.00,,,,,,+0.00,CRUCE CONTRARIO
logs_viejos/bot_hasta_2026-09-22.log.gz,00:28:03,APERTURA,SHORT,1,7208.00,,7203.00,,,,,,
logs_viejos/bot_hasta_2026-09-22.log.gz,00:29:01,CIERRE,SHORT,,7208.00,7209.25,,,,,,-6.25,CRUCE CONTRARIO
logs_viejos/bot_hasta_2026-09-22.log.gz,00:29:03,APERTURA,LONG,1,7209.25,,7214.25,,,,,,
logs_viejos/bot_hasta_2026-09-22.log.gz,00:31:01,CIERRE,LONG,,7209.25,7209.75,,,,,,+2.50,CRUCE CONTRARIO
logs_viejos/bot_hasta_2026-09-22.log.gz,00:31:03,APERTURA,SHORT,1,7209.75,,7204.75,,,,,,
logs_viejos/bot_hasta_2026-09-22.log.gz,00:32:02,CIERRE,SHORT,,7209.75,7209.75,,,,,,+0.00,CRUCE CONTRARIO
logs_viejos/bot_hasta_2026-09-22.log.gz,00:32:04,APERTURA,LONG,1,7209.75,,7214.75,,,,,,
logs_viejos/bot_hasta_2026-09-22.log.gz,00:33:01,CIERRE,LONG,,7209.75,7209.25,,,,,,-2.50,CRUCE CONTRARIO
logs_viejos/bot_hasta_2026-09-22.log.gz,00:33:04,APERTURA,SHORT,1,7209.25,,7204.25,,,,,,
logs_viejos/bot_hasta_2026-09-22.log.gz,00:34:01,CIERRE,SHORT,,7209.25,7209.50,,,,,,-1.25,CRUCE CONTRARIO
logs_viejos/bot_hasta_2026-09-22.log.gz,00:34:03,APERTURA,LONG,1,7209.50,,7214.50,,,,,,
logs_viejos/bot_hasta_2026-09-22.log.gz,00:35:01,CIERRE,LONG,,7209.50,7209.00,,,,,,-2.50,CRUCE CONTRARIO
logs_viejos/bot_hasta_2026-09-22.log.gz,00:35:03,APERTURA,SHORT,1,7209.00,,7204.00,,,,,,
logs_viejos/bot_hasta_2026-09-22.log.gz,00:36:01,CIERRE,SHORT,,7209.00,7209.50,,,,,,-2.50,CRUCE CONTRARIO
logs_viejos/bot_hasta_2026-09-22.log.gz,00:36:03,APERTURA,LONG,1,7209.50,,7214.50,,,,,,
logs_viejos/bot_hasta_2026-09-22.log.gz,00:37:01,CIERRE,LONG,,7209.50,7209.75,,,,,,+1.25,CRUCE CONTRARIO
logs_viejos/bot_hasta_2026-09-22.log.gz,00:37:04,APERTURA,SHORT,1,7209.75,,7204.75,,,,,,
logs_viejos/bot_hasta_2026-09-22.log.gz,00:39:01,CIERRE,SHORT,,7209.75,7210.50,,,,,,-3.75,CRUCE CONTRARIO
logs_viejos/bot_hasta_2026-09-22.log.gz,00:39:03,APERTURA,LONG,1,7210.50,,7215.50,,,,,,
logs_viejos/bot_hasta_2026-09-22.log.gz,00:40:01,CIERRE,LONG,,7210.50,7210.50,,,,,,+0.00,CRUCE CONTRARIO
logs_viejos/bot_hasta_2026-09-22.log.gz,00:40:03,APERTURA,SHORT,1,7210.50,,7205.50,,,,,,
logs_viejos/bot_hasta_2026-09-22.log.gz,00:41:02,CIERRE,SHORT,,7210.50,7211.00,,,,,,-2.50,CRUCE CONTRARIO
logs_viejos/bot_hasta_2026-09-22.log.gz,00:41:04,APERTURA,LONG,1,7211.00,,7216.00,,,,,,
logs_viejos/bot_hasta_2026-09-22.log.gz,00:42:01,CIERRE,LONG,,7211.00,7211.00,,,,,,+0.00,CRUCE CONTRARIO
logs_viejos/bot_hasta_2026-09-22.log.gz,00:42:04,APERTURA,SHORT,1,7211.00,,7206.00,,,,,,
logs_viejos/bot_hasta_2026-09-22.log.gz,00:43:02,CIERRE,SHORT,,7211.00,7211.25,,,,,,-1.25,CRUCE CONTRARIO
logs_viejos/bot_hasta_2026-09-22.log.gz,00:43:04,APERTURA,LONG,1,7211.25,,7216.25,,,,,,
logs_viejos/bot_hasta_2026-09-22.log.gz,00:44:01,CIERRE,LONG,,7211.25,7210.75,,,,,,-2.50,CRUCE CONTRARIO
logs_viejos/bot_hasta_2026-09-22.log.gz,00:44:03,APERTURA,SHORT,1,7210.75,,7205.75,,,,,,
logs_viejos/bot_hasta_2026-09-22.log.gz,00:45:01,CIERRE,SHORT,,7210.75,7211.50,,,,,,-3.75,CRUCE CONTRARIO
logs_viejos/bot_hasta_2026-09-22.log.gz,00:45:03,APERTURA,LONG,1,7211.50,,7216.50,,,,,,
logs_viejos/bot_hasta_2026-09-22.log.gz,00:46:02,CIERRE,LONG,,7211.50,7210.75,,,,,,-3.75,CRUCE CONTRARIO
logs_viejos/bot_hasta_2026-09-22.log.gz,00:46:04,APERTURA,SHORT,1,7210.75,,7205.75,,,,,,
logs_viejos/bot_hasta_2026-09-22.log.gz,00:48:01,CIERRE,SHORT,,7210.75,7211.00,,,,,,-1.25,CRUCE CONTRARIO
logs_viejos/bot_hasta_2026-09-22.log.gz,00:48:03,APERTURA,LONG,1,7211.00,,7216.00,,,,,,
logs_viejos/bot_hasta_2026-09-22.log.gz,01:21:28,CIERRE,LONG,,7211.00,7209.75,,,,,,-6.25,CRUCE CONTRARIO
logs_viejos/bot_hasta_2026-09-22.log.gz,01:21:30,APERTURA,SHORT,1,7209.75,,7204.75,,,,,,
logs_viejos/bot_hasta_2026-09-22.log.gz,02:10:49,CIERRE,SHORT,,7209.75,7208.50,,,,,,+6.25,CRUCE CONTRARIO
logs_viejos/bot_hasta_2026-09-22.log.gz,02:10:51,APERTURA,LONG,1,7208.50,,7213.50,,,,,,
logs_viejos/bot_hasta_2026-09-22.log.gz,02:28:28,CIERRE,LONG,,7208.50,7203.25,,,,,,-26.25,STOP LOSS
logs_viejos/bot_hasta_2026-09-22.log.gz,02:50:12,APERTURA,LONG,1,7199.50,,7204.50,,,,,,
logs_viejos/bot_hasta_2026-09-22.log.gz,03:24:13,CIERRE,LONG,,7199.50,7199.00,,,,,,-2.50,CRUCE CONTRARIO
logs_viejos/bot_hasta_2026-09-22.log.gz,03:24:15,APERTURA,SHORT,1,7199.00,,7194.00,,,,,,
logs_viejos/bot_hasta_2026-09-22.log.gz,04:08:20,CIERRE,SHORT,,7199.00,7193.75,,,,,,+26.25,TAKE PROFIT
logs_viejos/bot_hasta_2026-09-22.log.gz,04:51:35,APERTURA,LONG,1,7195.50,,7200.50,,,,,,
logs_viejos/bot_hasta_2026-09-22.log.gz,06:44:19,CIERRE,LONG,,7195.50,7193.00,,,,,,-12.50,CRUCE CONTRARIO
logs_viejos/bot_hasta_2026-09-22.log.gz,06:53:40,APERTURA,SHORT,1,7193.00,,7188.00,,,,,,
logs_viejos/bot_hasta_2026-09-22.log.gz,07:27:42,CIERRE,SHORT,,7193.00,7187.50,,,,,,+27.50,TAKE PROFIT
logs_viejos/bot_hasta_2026-09-22.log.gz,07:55:11,APERTURA,LONG,1,7187.00,,7192.00,,,,,,
logs_viejos/bot_hasta_2026-09-22.log.gz,08:31:14,CIERRE,LONG,,7187.00,7173.75,,,,,,-66.25,STOP LOSS
logs_viejos/bot_hasta_2026-09-22.log.gz,08:32:02,APERTURA,LONG,1,7172.25,,7177.25,,,,,,
logs_viejos/bot_hasta_2026-09-22.log.gz,08:33:01,CIERRE,LONG,,7172.25,7172.50,,,,,,+1.25,CRUCE CONTRARIO
logs_viejos/bot_hasta_2026-09-22.log.gz,08:33:03,APERTURA,SHORT,1,7172.50,,7167.50,,,,,,
logs_viejos/bot_hasta_2026-09-22.log.gz,08:34:01,CIERRE,SHORT,,7172.50,7171.50,,,,,,+5.00,CRUCE CONTRARIO
logs_viejos/bot_hasta_2026-09-22.log.gz,08:34:03,APERTURA,LONG,1,7171.50,,7176.50,,,,,,
logs_viejos/bot_hasta_2026-09-22.log.gz,00:47:36,APERTURA,SHORT,1,7378.00,,7373.00,,,,,,
logs_viejos/bot_hasta_2026-09-22.log.gz,00:48:02,CIERRE,SHORT,,7378.00,7378.25,,,,,,-1.25,CRUCE CONTRARIO
logs_viejos/bot_hasta_2026-09-22.log.gz,00:48:03,APERTURA,LONG,1,7378.25,,7383.25,,,,,,
logs_viejos/bot_hasta_2026-09-22.log.gz,00:49:01,CIERRE,LONG,,7378.25,7377.25,,,,,,-5.00,CRUCE CONTRARIO
logs_viejos/bot_hasta_2026-09-22.log.gz,00:49:02,APERTURA,SHORT,1,7377.25,,7372.25,,,,,,
logs_viejos/bot_hasta_2026-09-22.log.gz,00:50:01,CIERRE,SHORT,,7377.25,7375.75,,,,,,+7.50,CRUCE CONTRARIO
logs_viejos/bot_hasta_2026-09-22.log.gz,00:50:02,APERTURA,LONG,1,7375.75,,7380.75,,,,,,
logs_viejos/bot_hasta_2026-09-22.log.gz,00:50:34,APERTURA,SHORT,1,7375.75,,7370.75,,,,,,
logs_viejos/bot_hasta_2026-09-22.log.gz,00:52:02,APERTURA,SHORT,1,7375.75,,7370.75,,,,,,
logs_viejos/bot_hasta_2026-09-22.log.gz,00:55:45,APERTURA,LONG,1,7376.25,,7379.25,,,,,,
logs_viejos/bot_hasta_2026-09-22.log.gz,00:57:01,CIERRE,LONG,,7376.25,7376.50,,,,,,+1.25,CRUCE CONTRARIO
logs_viejos/bot_hasta_2026-09-22.log.gz,00:57:02,APERTURA,SHORT,1,7376.50,,7373.50,,,,,,
logs_viejos/bot_hasta_2026-09-22.log.gz,00:58:01,CIERRE,SHORT,,7376.50,7376.25,,,,,,+1.25,CRUCE CONTRARIO
logs_viejos/bot_hasta_2026-09-22.log.gz,00:58:02,APERTURA,LONG,1,7376.25,,7379.25,,,,,,
logs_viejos/bot_hasta_2026-09-22.log.gz,00:59:01,CIERRE,LONG,,7376.25,7378.50,,,,,,+11.25,CRUCE CONTRARIO
logs_viejos/bot_hasta_2026-09-22.log.gz,00:59:02,APERTURA,SHORT,1,7378.50,,7375.50,,,,,,
logs_viejos/bot_hasta_2026-09-22.log.gz,11:09:31,APERTURA,SHORT,1,7409.50,,7406.50,,,,,,
logs_viejos/bot_hasta_2026-09-22.log.gz,11:10:02,CIERRE,SHORT,,7409.50,7415.25,,,,,,-28.75,STOP LOSS
logs_viejos/bot_hasta_2026-09-22.log.gz,11:10:14,APERTURA,SHORT,1,7412.25,,7409.25,,,,,,
logs_viejos/bot_hasta_2026-09-22.log.gz,11:11:01,CIERRE,SHORT,,7412.25,7410.75,,,,,,+7.50,CRUCE CONTRARIO
logs_viejos/bot_hasta_2026-09-22.log.gz,11:11:02,APERTURA,LONG,1,7410.75,,7413.75,,,,,,
logs_viejos/bot_hasta_2026-09-22.log.gz,11:12:01,CIERRE,LONG,,7410.75,7411.25,,,,,,+2.50,CRUCE CONTRARIO
logs_viejos/bot_hasta_2026-09-22.log.gz,11:12:02,APERTURA,SHORT,1,7411.25,,7408.25,,,,,,
logs_viejos/bot_hasta_2026-09-22.log.gz,11:12:43,CIERRE,SHORT,,7411.25,7414.50,,,,,,-16.25,STOP LOSS
logs_viejos/bot_hasta_2026-09-22.log.gz,11:13:36,APERTURA,SHORT,1,7415.00,,7412.00,,,,,,
logs_viejos/bot_hasta_2026-09-22.log.gz,11:14:01,CIERRE,SHORT,,7415.00,7414.75,,,,,,+1.25,CRUCE CONTRARIO
logs_viejos/bot_hasta_2026-09-22.log.gz,11:14:02,APERTURA,LONG,1,7414.75,,7417.75,,,,,,
logs_viejos/bot_hasta_2026-09-22.log.gz,11:15:01,CIERRE,LONG,,7414.75,7414.50,,,,,,-1.25,CRUCE CONTRARIO
logs_viejos/bot_hasta_2026-09-22.log.gz,11:15:02,APERTURA,SHORT,1,7414.50,,7411.50,,,,,,
logs_viejos/bot_hasta_2026-09-22.log.gz,11:16:00,CIERRE,SHORT,,7414.50,7415.00,,,,,,-2.50,CRUCE CONTRARIO
logs_viejos/bot_hasta_2026-09-22.log.gz,11:16:01,APERTURA,LONG,1,7415.00,,7418.00,,,,,,
logs_viejos/bot_hasta_2026-09-22.log.gz,11:16:37,CIERRE,LONG,,7415.00,7411.50,,,,,,-17.50,STOP LOSS
logs_viejos/bot_hasta_2026-09-22.log.gz,11:16:50,APERTURA,LONG,1,7412.75,,7415.75,,,,,,
logs_viejos/bot_hasta_2026-09-22.log.gz,11:18:00,CIERRE,LONG,,7412.75,7413.25,,,,,,+2.50,CRUCE CONTRARIO
logs_viejos/bot_hasta_2026-09-22.log.gz,11:18:01,APERTURA,SHORT,1,7413.25,,7410.25,,,,,,
logs_viejos/bot_hasta_2026-09-22.log.gz,11:19:00,CIERRE,SHORT,,7413.25,7412.00,,,,,,+6.25,CRUCE CONTRARIO
logs_viejos/bot_hasta_2026-09-22.log.gz,11:19:01,APERTURA,LONG,1,7412.00,,7415.00,,,,,,
logs_viejos/bot_hasta_2026-09-22.log.gz,11:20:01,CIERRE,LONG,,7412.00,7412.75,,,,,,+3.75,CRUCE CONTRARIO
logs_viejos/bot_hasta_2026-09-22.log.gz,11:20:02,APERTURA,SHORT,1,7412.75,,7409.75,,,,,,
logs_viejos/bot_hasta_2026-09-22.log.gz,11:20:57,CIERRE,SHORT,,7412.75,7409.50,,,,,,+16.25,TAKE PROFIT
logs_viejos/bot_hasta_2026-09-22.log.gz,11:21:09,APERTURA,LONG,1,7410.25,,7413.25,,,,,,
logs_viejos/bot_hasta_2026-09-22.log.gz,11:22:55,CIERRE,LONG,,7410.25,7413.25,,,,,,+15.00,TAKE PROFIT
logs_viejos/bot_hasta_2026-09-22.log.gz,11:23:48,APERTURA,SHORT,1,7414.75,,7411.75,,,,,,
logs_viejos/bot_hasta_2026-09-22.log.gz,11:24:01,CIERRE,SHORT,,7414.75,7415.75,,,,,,-5.00,CRUCE CONTRARIO
logs_viejos/bot_hasta_2026-09-22.log.gz,11:24:02,APERTURA,LONG,1,7415.75,,7418.75,,,,,,
logs_viejos/bot_hasta_2026-09-22.log.gz,11:25:01,CIERRE,LONG,,7415.75,7415.50,,,,,,-1.25,CRUCE CONTRARIO
logs_viejos/bot_hasta_2026-09-22.log.gz,11:25:02,APERTURA,SHORT,1,7415.50,,7412.50,,,,,,
logs_viejos/bot_hasta_2026-09-22.log.gz,11:26:01,CIERRE,SHORT,,7415.50,7415.75,,,,,,-1.25,CRUCE CONTRARIO
logs_viejos/bot_hasta_2026-09-22.log.gz,11:26:02,APERTURA,LONG,1,7415.75,,7418.75,,,,,,
logs_viejos/bot_hasta_2026-09-22.log.gz,11:27:01,CIERRE,LONG,,7415.75,7414.25,,,,,,-7.50,CRUCE CONTRARIO
logs_viejos/bot_hasta_2026-09-22.log.gz,11:27:02,APERTURA,SHORT,1,7414.25,,7411.25,,,,,,
logs_viejos/bot_hasta_2026-09-22.log.gz,11:28:01,CIERRE,SHORT,,7414.25,7413.75,,,,,,+2.50,CRUCE CONTRARIO
logs_viejos/bot_hasta_2026-09-22.log.gz,11:28:03,APERTURA,LONG,1,7413.75,,7416.75,,,,,,
logs_viejos/bot_hasta_2026-09-22.log.gz,11:30:01,CIERRE,LONG,,7413.75,7415.75,,,,,,+10.00,CRUCE CONTRARIO
logs_viejos/bot_hasta_2026-09-22.log.gz,11:30:02,APERTURA,SHORT,1,7415.75,,7412.75,,,,,,
logs_viejos/bot_hasta_2026-09-22.log.gz,11:31:01,CIERRE,SHORT,,7415.75,7416.25,,,,,,-2.50,CRUCE CONTRARIO
logs_viejos/bot_hasta_2026-09-22.log.gz,11:31:02,APERTURA,LONG,1,7416.25,,7419.25,,,,,,
logs_viejos/bot_hasta_2026-09-22.log.gz,11:32:09,CIERRE,LONG,,7416.25,7420.00,,,,,,+18.75,TAKE PROFIT
logs_viejos/bot_hasta_2026-09-22.log.gz,11:32:31,APERTURA,SHORT,1,7419.50,,7416.50,,,,,,
logs_viejos/bot_hasta_2026-09-22.log.gz,11:34:01,CIERRE,SHORT,,7419.50,7417.50,,,,,,+10.00,CRUCE CONTRARIO
logs_viejos/bot_hasta_2026-09-22.log.gz,11:34:02,APERTURA,LONG,1,7417.50,,7420.50,,,,,,
logs_viejos/bot_hasta_2026-09-22.log.gz,11:35:01,CIERRE,LONG,,7417.50,7419.00,,,,,,+7.50,CRUCE CONTRARIO
logs_viejos/bot_hasta_2026-09-22.log.gz,11:35:02,APERTURA,SHORT,1,7419.00,,7416.00,,,,,,
logs_viejos/bot_hasta_2026-09-22.log.gz,11:35:58,CIERRE,SHORT,,7419.00,7422.50,,,,,,-17.50,STOP LOSS
logs_viejos/bot_hasta_2026-09-22.log.gz,11:36:12,APERTURA,SHORT,1,7421.75,,7418.75,,,,,,
logs_viejos/bot_hasta_2026-09-22.log.gz,11:37:01,CIERRE,SHORT,,7421.75,7421.00,,,,,,+3.75,CRUCE CONTRARIO
logs_viejos/bot_hasta_2026-09-22.log.gz,11:37:02,APERTURA,LONG,1,7421.00,,7424.00,,,,,,
logs_viejos/bot_hasta_2026-09-22.log.gz,11:38:01,CIERRE,LONG,,7421.00,7418.50,,,,,,-12.50,CRUCE CONTRARIO
logs_viejos/bot_hasta_2026-09-22.log.gz,11:38:02,APERTURA,SHORT,1,7418.50,,7415.50,,,,,,
logs_viejos/bot_hasta_2026-09-22.log.gz,11:39:00,CIERRE,SHORT,,7418.50,7417.00,,,,,,+7.50,CRUCE CONTRARIO
logs_viejos/bot_hasta_2026-09-22.log.gz,11:39:01,APERTURA,LONG,1,7417.00,,7420.00,,,,,,
logs_viejos/bot_hasta_2026-09-22.log.gz,11:40:01,CIERRE,LONG,,7417.00,7414.75,,,,,,-11.25,CRUCE CONTRARIO
logs_viejos/bot_hasta_2026-09-22.log.gz,11:40:02,APERTURA,SHORT,1,7414.75,,7411.75,,,,,,
logs_viejos/bot_hasta_2026-09-22.log.gz,11:41:01,CIERRE,SHORT,,7414.75,7411.50,,,,,,+16.25,TAKE PROFIT
logs_viejos/bot_hasta_2026-09-22.log.gz,11:41:12,APERTURA,LONG,1,7413.25,,7416.25,,,,,,
logs_viejos/bot_hasta_2026-09-22.log.gz,11:42:01,CIERRE,LONG,,7413.25,7414.50,,,,,,+6.25,CRUCE CONTRARIO
logs_viejos/bot_hasta_2026-09-22.log.gz,11:42:02,APERTURA,SHORT,1,7414.50,,7411.50,,,,,,
logs_viejos/bot_hasta_2026-09-22.log.gz,11:43:01,CIERRE,SHORT,,7414.50,7414.25,,,,,,+1.25,CRUCE CONTRARIO
logs_viejos/bot_hasta_2026-09-22.log.gz,11:43:02,APERTURA,LONG,1,7414.25,,7417.25,,,,,,
logs_viejos/bot_hasta_2026-09-22.log.gz,12:00:10,CIERRE,LONG,,7414.25,7417.50,,,,,,+16.25,TAKE PROFIT
logs_viejos/bot_hasta_2026-09-22.log.gz,12:26:52,APERTURA,SHORT,1,7411.75,,7408.75,,,,,,
logs_viejos/bot_hasta_2026-09-22.log.gz,12:28:47,CIERRE,SHORT,,7411.75,7407.50,,,,,,+21.25,TAKE PROFIT
logs_viejos/bot_hasta_2026-09-22.log.gz,12:29:01,APERTURA,LONG,1,7408.25,,7411.25,,,,,,
logs_viejos/bot_hasta_2026-09-22.log.gz,12:30:45,CIERRE,LONG,,7408.25,7412.00,,,,,,+18.75,TAKE PROFIT
logs_viejos/bot_hasta_2026-09-22.log.gz,12:32:12,APERTURA,SHORT,1,7415.50,,7412.50,,,,,,
logs_viejos/bot_hasta_2026-09-22.log.gz,12:33:01,CIERRE,SHORT,,7415.50,7415.50,,,,,,+0.00,CRUCE CONTRARIO
logs_viejos/bot_hasta_2026-09-22.log.gz,12:33:02,APERTURA,LONG,1,7415.50,,7418.50,,,,,,
logs_viejos/bot_hasta_2026-09-22.log.gz,12:34:01,CIERRE,LONG,,7415.50,7414.00,,,,,,-7.50,CRUCE CONTRARIO
logs_viejos/bot_hasta_2026-09-22.log.gz,12:34:02,APERTURA,SHORT,1,7414.00,,7411.00,,,,,,
logs_viejos/bot_hasta_2026-09-22.log.gz,12:35:01,CIERRE,SHORT,,7414.00,7412.75,,,,,,+6.25,CRUCE CONTRARIO
logs_viejos/bot_hasta_2026-09-22.log.gz,12:35:02,APERTURA,LONG,1,7412.75,,7415.75,,,,,,
logs_viejos/bot_hasta_2026-09-22.log.gz,12:36:01,CIERRE,LONG,,7412.75,7413.00,,,,,,+1.25,CRUCE CONTRARIO
logs_viejos/bot_hasta_2026-09-22.log.gz,12:36:02,APERTURA,SHORT,1,7413.00,,7410.00,,,,,,
logs_viejos/bot_hasta_2026-09-22.log.gz,12:37:01,CIERRE,SHORT,,7413.00,7411.50,,,,,,+7.50,CRUCE CONTRARIO
logs_viejos/bot_hasta_2026-09-22.log.gz,12:37:02,APERTURA,LONG,1,7411.50,,7414.50,,,,,,
logs_viejos/bot_hasta_2026-09-22.log.gz,12:38:01,CIERRE,LONG,,7411.50,7413.75,,,,,,+11.25,CRUCE CONTRARIO
logs_viejos/bot_hasta_2026-09-22.log.gz,12:38:02,APERTURA,SHORT,1,7413.75,,7410.75,,,,,,
logs_viejos/bot_hasta_2026-09-22.log.gz,12:40:01,CIERRE,SHORT,,7413.75,7415.50,,,,,,-8.75,CRUCE CONTRARIO
logs_viejos/bot_hasta_2026-09-22.log.gz,12:40:02,APERTURA,LONG,1,7415.50,,7418.50,,,,,,
logs_viejos/bot_hasta_2026-09-22.log.gz,12:40:40,CIERRE,LONG,,7415.50,7412.25,,,,,,-16.25,STOP LOSS
logs_viejos/bot_hasta_2026-09-22.log.gz,12:41:24,APERTURA,LONG,1,7413.00,,7416.00,,,,,,
logs_viejos/bot_hasta_2026-09-22.log.gz,12:43:01,CIERRE,LONG,,7413.00,7415.50,,,,,,+12.50,CRUCE CONTRARIO
logs_viejos/bot_hasta_2026-09-22.log.gz,12:43:02,APERTURA,SHORT,1,7415.50,,7412.50,,,,,,
logs_viejos/bot_hasta_2026-09-22.log.gz,12:44:01,CIERRE,SHORT,,7415.50,7415.00,,,,,,+2.50,CRUCE CONTRARIO
logs_viejos/bot_hasta_2026-09-22.log.gz,12:44:02,APERTURA,LONG,1,7415.00,,7418.00,,,,,,
logs_viejos/bot_hasta_2026-09-22.log.gz,12:45:01,CIERRE,LONG,,7415.00,7416.25,,,,,,+6.25,CRUCE CONTRARIO
logs_viejos/bot_hasta_2026-09-22.log.gz,12:45:02,APERTURA,SHORT,1,7416.25,,7413.25,,,,,,
logs_viejos/bot_hasta_2026-09-22.log.gz,12:46:01,CIERRE,SHORT,,7416.25,7417.00,,,,,,-3.75,CRUCE CONTRARIO
logs_viejos/bot_hasta_2026-09-22.log.gz,12:46:02,APERTURA,LONG,1,7417.00,,7420.00,,,,,,
logs_viejos/bot_hasta_2026-09-22.log.gz,12:54:01,CIERRE,LONG,,7417.00,7414.25,,,,,,-13.75,CRUCE CONTRARIO
logs_viejos/bot_hasta_2026-09-22.log.gz,12:54:02,APERTURA,SHORT,1,7414.25,,7411.25,,,,,,
logs_viejos/bot_hasta_2026-09-22.log.gz,13:00:48,CIERRE,SHORT,,7414.25,7417.50,,,,,,-16.25,STOP LOSS
logs_viejos/bot_hasta_2026-09-22.log.gz,13:01:12,APERTURA,SHORT,1,7417.00,,7414.00,,,,,,
logs_viejos/bot_hasta_2026-09-22.log.gz,13:02:01,CIERRE,SHORT,,7417.00,7416.25,,,,,,+3.75,CRUCE CONTRARIO
logs_viejos/bot_hasta_2026-09-22.log.gz,13:02:02,APERTURA,LONG,1,7416.25,,7419.25,,,,,,
logs_viejos/bot_hasta_2026-09-22.log.gz,13:46:24,APERTURA,LONG,1,7420.75,,7423.75,,,,,,
logs_viejos/bot_hasta_2026-09-22.log.gz,13:48:01,CIERRE,LONG,,7420.75,7421.75,,,,,,+5.00,CRUCE CONTRARIO
logs_viejos/bot_hasta_2026-09-22.log.gz,13:48:02,APERTURA,SHORT,1,7421.75,,7418.75,,,,,,
logs_viejos/bot_hasta_2026-09-22.log.gz,13:49:01,CIERRE,SHORT,,7421.75,7420.50,,,,,,+6.25,CRUCE CONTRARIO
logs_viejos/bot_hasta_2026-09-22.log.gz,13:49:02,APERTURA,LONG,1,7420.50,,7423.50,,,,,,
logs_viejos/bot_hasta_2026-09-22.log.gz,13:51:01,CIERRE,LONG,,7420.50,7419.75,,,,,,-3.75,CRUCE CONTRARIO
logs_viejos/bot_hasta_2026-09-22.log.gz,13:51:02,APERTURA,SHORT,1,7419.75,,7416.75,,,,,,
logs_viejos/bot_hasta_2026-09-22.log.gz,13:51:44,CIERRE,SHORT,,7419.75,7416.50,,,,,,+16.25,TAKE PROFIT
logs_viejos/bot_hasta_2026-09-22.log.gz,13:52:02,APERTURA,LONG,1,7416.75,,7419.75,,,,,,
logs_viejos/bot_hasta_2026-09-22.log.gz,13:53:02,CIERRE,LONG,,7416.75,7416.50,,,,,,-1.25,CRUCE CONTRARIO
logs_viejos/bot_hasta_2026-09-22.log.gz,13:53:03,APERTURA,SHORT,1,7416.50,,7413.50,,,,,,
logs_viejos/bot_hasta_2026-09-22.log.gz,13:54:01,CIERRE,SHORT,,7416.50,7416.00,,,,,,+2.50,CRUCE CONTRARIO
logs_viejos/bot_hasta_2026-09-22.log.gz,13:54:02,APERTURA,LONG,1,7416.00,,7419.00,,,,,,
logs_viejos/bot_hasta_2026-09-22.log.gz,13:55:01,CIERRE,LONG,,7416.00,7415.00,,,,,,-5.00,CRUCE CONTRARIO
logs_viejos/bot_hasta_2026-09-22.log.gz,13:55:02,APERTURA,SHORT,1,7415.00,,7412.00,,,,,,
logs_viejos/bot_hasta_2026-09-22.log.gz,13:56:01,CIERRE,SHORT,,7415.00,7417.25,,,,,,-11.25,CRUCE CONTRARIO
logs_viejos/bot_hasta_2026-09-22.log.gz,13:56:02,APERTURA,LONG,1,7417.25,,7420.25,,,,,,
logs_viejos/bot_hasta_2026-09-22.log.gz,13:57:01,CIERRE,LONG,,7417.25,7417.25,,,,,,+0.00,CRUCE CONTRARIO
logs_viejos/bot_hasta_2026-09-22.log.gz,13:57:02,APERTURA,SHORT,1,7417.25,,7414.25,,,,,,
logs_viejos/bot_hasta_2026-09-22.log.gz,13:58:00,CIERRE,SHORT,,7417.25,7417.75,,,,,,-2.50,CRUCE CONTRARIO
logs_viejos/bot_hasta_2026-09-22.log.gz,13:58:01,APERTURA,LONG,1,7417.75,,7420.75,,,,,,
logs_viejos/bot_hasta_2026-09-22.log.gz,14:02:38,CIERRE,LONG,,7417.75,7418.00,,,,,,+1.25,CRUCE CONTRARIO
logs_viejos/bot_hasta_2026-09-22.log.gz,14:02:40,APERTURA,SHORT,1,7418.00,,7415.00,,,,,,
logs_viejos/bot_hasta_2026-09-22.log.gz,14:04:39,CIERRE,SHORT,,7418.00,7417.00,,,,,,+5.00,CRUCE CONTRARIO
logs_viejos/bot_hasta_2026-09-22.log.gz,14:04:40,APERTURA,LONG,1,7417.00,,7420.00,,,,,,
logs_viejos/bot_hasta_2026-09-22.log.gz,14:13:38,CIERRE,LONG,,7417.00,7421.75,,,,,,+23.75,TAKE PROFIT
logs_viejos/bot_hasta_2026-09-22.log.gz,14:24:19,APERTURA,SHORT,1,7420.75,,7417.75,,,,,,
logs_viejos/bot_hasta_2026-09-22.log.gz,14:25:01,CIERRE,SHORT,,7420.75,7418.50,,,,,,+11.25,CRUCE CONTRARIO
logs_viejos/bot_hasta_2026-09-22.log.gz,14:25:02,APERTURA,LONG,1,7418.50,,7421.50,,,,,,
logs_viejos/bot_hasta_2026-09-22.log.gz,14:28:02,CIERRE,LONG,,7418.50,7419.25,,,,,,+3.75,CRUCE CONTRARIO
logs_viejos/bot_hasta_2026-09-22.log.gz,14:28:03,APERTURA,SHORT,1,7419.25,,7416.25,,,,,,
logs_viejos/bot_hasta_2026-09-22.log.gz,14:30:31,CIERRE,SHORT,,7419.25,7421.50,,,,,,-11.25,CRUCE CONTRARIO
logs_viejos/bot_hasta_2026-09-22.log.gz,14:30:33,APERTURA,LONG,1,7421.50,,7424.50,,,,,,
logs_viejos/bot_hasta_2026-09-22.log.gz,14:31:01,CIERRE,LONG,,7421.50,7421.00,,,,,,-2.50,CRUCE CONTRARIO
logs_viejos/bot_hasta_2026-09-22.log.gz,14:31:02,APERTURA,SHORT,1,7421.00,,7418.00,,,,,,
logs_viejos/bot_hasta_2026-09-22.log.gz,14:32:02,CIERRE,SHORT,,7421.00,7422.75,,,,,,-8.75,CRUCE CONTRARIO
logs_viejos/bot_hasta_2026-09-22.log.gz,14:32:03,APERTURA,LONG,1,7422.75,,7425.75,,,,,,
logs_viejos/bot_hasta_2026-09-22.log.gz,14:45:48,CIERRE,LONG,,7422.75,7424.25,,,,,,+7.50,CRUCE CONTRARIO
logs_viejos/bot_hasta_2026-09-22.log.gz,14:45:50,APERTURA,SHORT,1,7424.25,,7421.25,,,,,,
logs_viejos/bot_hasta_2026-09-22.log.gz,14:48:01,CIERRE,SHORT,,7424.25,7423.75,,,,,,+2.50,CRUCE CONTRARIO
logs_viejos/bot_hasta_2026-09-22.log.gz,14:48:02,APERTURA,LONG,1,7423.75,,7426.75,,,,,,
logs_viejos/bot_hasta_2026-09-22.log.gz,15:00:30,CIERRE,LONG,,7423.75,7418.50,,,,,,-26.25,STOP LOSS
logs_viejos/bot_hasta_2026-09-22.log.gz,15:00:52,APERTURA,LONG,1,7419.50,,7422.50,,,,,,
logs_viejos/bot_hasta_2026-09-22.log.gz,15:02:40,CIERRE,LONG,,7419.50,7418.75,,,,,,-3.75,CRUCE CONTRARIO
logs_viejos/bot_hasta_2026-09-22.log.gz,15:02:41,APERTURA,SHORT,1,7418.75,,7415.75,,,,,,
logs_viejos/bot_hasta_2026-09-22.log.gz,15:08:58,CIERRE,SHORT,,7418.75,7420.00,,,,,,-6.25,CRUCE CONTRARIO
logs_viejos/bot_hasta_2026-09-22.log.gz,15:08:59,APERTURA,LONG,1,7420.00,,7423.00,,,,,,
logs_viejos/bot_hasta_2026-09-22.log.gz,15:16:15,CIERRE,LONG,,7420.00,7423.75,,,,,,+18.75,TAKE PROFIT
logs_viejos/bot_hasta_2026-09-22.log.gz,15:16:43,APERTURA,SHORT,1,7423.50,,7420.50,,,,,,
logs_viejos/bot_hasta_2026-09-22.log.gz,15:17:01,CIERRE,SHORT,,7423.50,7423.75,,,,,,-1.25,CRUCE CONTRARIO
logs_viejos/bot_hasta_2026-09-22.log.gz,15:17:02,APERTURA,LONG,1,7423.75,,7426.75,,,,,,
logs_viejos/bot_hasta_2026-09-22.log.gz,15:18:01,CIERRE,LONG,,7423.75,7422.25,,,,,,-7.50,CRUCE CONTRARIO
logs_viejos/bot_hasta_2026-09-22.log.gz,15:18:02,APERTURA,SHORT,1,7422.25,,7419.25,,,,,,
logs_viejos/bot_hasta_2026-09-22.log.gz,15:19:01,CIERRE,SHORT,,7422.25,7422.25,,,,,,+0.00,CRUCE CONTRARIO
logs_viejos/bot_hasta_2026-09-22.log.gz,15:19:02,APERTURA,LONG,1,7422.25,,7425.25,,,,,,
logs_viejos/bot_hasta_2026-09-22.log.gz,15:21:01,CIERRE,LONG,,7422.25,7421.25,,,,,,-5.00,CRUCE CONTRARIO
logs_viejos/bot_hasta_2026-09-22.log.gz,15:21:02,APERTURA,SHORT,1,7421.25,,7418.25,,,,,,
logs_viejos/bot_hasta_2026-09-22.log.gz,15:22:01,CIERRE,SHORT,,7421.25,7421.00,,,,,,+1.25,CRUCE CONTRARIO
logs_viejos/bot_hasta_2026-09-22.log.gz,15:22:02,APERTURA,LONG,1,7421.00,,7424.00,,,,,,
logs_viejos/bot_hasta_2026-09-22.log.gz,15:23:06,CIERRE,LONG,,7421.00,7424.00,,,,,,+15.00,TAKE PROFIT
logs_viejos/bot_hasta_2026-09-22.log.gz,15:24:02,APERTURA,SHORT,1,7424.25,,7421.25,,,,,,
logs_viejos/bot_hasta_2026-09-22.log.gz,15:25:01,CIERRE,SHORT,,7424.25,7424.50,,,,,,-1.25,CRUCE CONTRARIO
logs_viejos/bot_hasta_2026-09-22.log.gz,15:25:02,APERTURA,LONG,1,7424.50,,7427.50,,,,,,
logs_viejos/bot_hasta_2026-09-22.log.gz,15:26:09,CIERRE,LONG,,7424.50,7424.50,,,,,,+0.00,CRUCE CONTRARIO
logs_viejos/bot_hasta_2026-09-22.log.gz,15:26:10,APERTURA,SHORT,1,7424.50,,7421.50,,,,,,
logs_viejos/bot_hasta_2026-09-22.log.gz,15:27:01,CIERRE,SHORT,,7424.50,7424.00,,,,,,+2.50,CRUCE CONTRARIO
logs_viejos/bot_hasta_2026-09-22.log.gz,15:27:02,APERTURA,LONG,1,7424.00,,7427.00,,,,,,
logs_viejos/bot_hasta_2026-09-22.log.gz,15:28:00,CIERRE,LONG,,7424.00,7425.25,,,,,,+6.25,CRUCE CONTRARIO
logs_viejos/bot_hasta_2026-09-22.log.gz,15:28:01,APERTURA,SHORT,1,7425.25,,7422.25,,,,,,
logs_viejos/bot_hasta_2026-09-22.log.gz,15:35:01,CIERRE,SHORT,,7425.25,7424.75,,,,,,+2.50,CRUCE CONTRARIO
logs_viejos/bot_hasta_2026-09-22.log.gz,15:35:02,APERTURA,LONG,1,7424.75,,7427.75,,,,,,
logs_viejos/bot_hasta_2026-09-22.log.gz,15:36:01,CIERRE,LONG,,7424.75,7423.75,,,,,,-5.00,CRUCE CONTRARIO
logs_viejos/bot_hasta_2026-09-22.log.gz,15:36:02,APERTURA,SHORT,1,7423.75,,7420.75,,,,,,
logs_viejos/bot_hasta_2026-09-22.log.gz,15:37:01,CIERRE,SHORT,,7423.75,7424.00,,,,,,-1.25,CRUCE CONTRARIO
logs_viejos/bot_hasta_2026-09-22.log.gz,15:37:02,APERTURA,LONG,1,7424.00,,7427.00,,,,,,
logs_viejos/bot_hasta_2026-09-22.log.gz,15:38:01,CIERRE,LONG,,7424.00,7423.75,,,,,,-1.25,CRUCE CONTRARIO
logs_viejos/bot_hasta_2026-09-22.log.gz,15:38:02,APERTURA,SHORT,1,7423.75,,7420.75,,,,,,
logs_viejos/bot_hasta_2026-09-22.log.gz,15:39:01,CIERRE,SHORT,,7423.75,7424.00,,,,,,-1.25,CRUCE CONTRARIO
logs_viejos/bot_hasta_2026-09-22.log.gz,15:39:02,APERTURA,LONG,1,7424.00,,7427.00,,,,,,
logs_viejos/bot_hasta_2026-09-22.log.gz,15:40:00,CIERRE,LONG,,7424.00,7424.25,,,,,,+1.25,CRUCE CONTRARIO
logs_viejos/bot_hasta_2026-09-22.log.gz,15:40:01,APERTURA,SHORT,1,7424.25,,7421.25,,,,,,
logs_viejos/bot_hasta_2026-09-22.log.gz,15:41:01,CIERRE,SHORT,,7424.25,7425.00,,,,,,-3.75,CRUCE CONTRARIO
logs_viejos/bot_hasta_2026-09-22.log.gz,15:41:02,APERTURA,LONG,1,7425.00,,7428.00,,,,,,
logs_viejos/bot_hasta_2026-09-22.log.gz,15:42:01,CIERRE,LONG,,7425.00,7424.25,,,,,,-3.75,CRUCE CONTRARIO
logs_viejos/bot_hasta_2026-09-22.log.gz,15:42:02,APERTURA,SHORT,1,7424.25,,7421.25,,,,,,
logs_viejos/bot_hasta_2026-09-22.log.gz,15:43:01,CIERRE,SHORT,,7424.25,7424.00,,,,,,+1.25,CRUCE CONTRARIO
logs_viejos/bot_hasta_2026-09-22.log.gz,15:43:02,APERTURA,LONG,1,7424.00,,7427.00,,,,,,
logs_viejos/bot_hasta_2026-09-22.log.gz,15:44:01,CIERRE,LONG,,7424.00,7424.00,,,,,,+0.00,CRUCE CONTRARIO
logs_viejos/bot_hasta_2026-09-22.log.gz,15:44:02,APERTURA,SHORT,1,7424.00,,7421.00,,,,,,
logs_viejos/bot_hasta_2026-09-22.log.gz,15:46:01,CIERRE,SHORT,,7424.00,7423.25,,,,,,+3.75,CRUCE CONTRARIO
logs_viejos/bot_hasta_2026-09-22.log.gz,15:46:03,APERTURA,LONG,1,7423.25,,7426.25,,,,,,
logs_viejos/bot_hasta_2026-09-22.log.gz,15:48:01,CIERRE,LONG,,7423.25,7422.00,,,,,,-6.25,CRUCE CONTRARIO
logs_viejos/bot_hasta_2026-09-22.log.gz,15:48:02,APERTURA,SHORT,1,7422.00,,7419.00,,,,,,
logs_viejos/bot_hasta_2026-09-22.log.gz,15:49:01,CIERRE,SHORT,,7422.00,7422.00,,,,,,+0.00,CRUCE CONTRARIO
logs_viejos/bot_hasta_2026-09-22.log.gz,15:49:02,APERTURA,LONG,1,7422.00,,7425.00,,,,,,
logs_viejos/bot_hasta_2026-09-22.log.gz,15:50:01,CIERRE,LONG,,7422.00,7421.75,,,,,,-1.25,CRUCE CONTRARIO
logs_viejos/bot_hasta_2026-09-22.log.gz,15:50:02,APERTURA,SHORT,1,7421.75,,7418.75,,,,,,
logs_viejos/bot_hasta_2026-09-22.log.gz,15:51:01,CIERRE,SHORT,,7421.75,7421.25,,,,,,+2.50,CRUCE CONTRARIO
logs_viejos/bot_hasta_2026-09-22.log.gz,15:51:02,APERTURA,LONG,1,7421.25,,7424.25,,,,,,
logs_viejos/bot_hasta_2026-09-22.log.gz,19:56:13,APERTURA,LONG,1,7399.50,,7402.50,,,,,,
logs_viejos/bot_hasta_2026-09-22.log.gz,19:57:01,CIERRE,LONG,,7399.50,7400.00,,,,,,+2.50,CRUCE CONTRARIO
logs_viejos/bot_hasta_2026-09-22.log.gz,19:57:02,APERTURA,SHORT,1,7400.00,,7397.00,,,,,,
logs_viejos/bot_hasta_2026-09-22.log.gz,19:58:01,CIERRE,SHORT,,7400.00,7400.00,,,,,,+0.00,CRUCE CONTRARIO
logs_viejos/bot_hasta_2026-09-22.log.gz,19:58:02,APERTURA,LONG,1,7400.00,,7403.00,,,,,,
logs_viejos/bot_hasta_2026-09-22.log.gz,20:00:01,CIERRE,LONG,,7400.00,7402.00,,,,,,+10.00,CRUCE CONTRARIO
logs_viejos/bot_hasta_2026-09-22.log.gz,20:00:02,APERTURA,SHORT,1,7402.00,,7399.00,,,,,,
logs_viejos/bot_hasta_2026-09-22.log.gz,20:01:01,CIERRE,SHORT,,7402.00,7402.00,,,,,,+0.00,CRUCE CONTRARIO
logs_viejos/bot_hasta_2026-09-22.log.gz,20:01:02,APERTURA,LONG,1,7402.00,,7405.00,,,,,,
logs_viejos/bot_hasta_2026-09-22.log.gz,20:02:02,CIERRE,LONG,,7402.00,7401.50,,,,,,-2.50,CRUCE CONTRARIO
logs_viejos/bot_hasta_2026-09-22.log.gz,20:02:03,APERTURA,SHORT,1,7401.50,,7398.50,,,,,,
logs_viejos/bot_hasta_2026-09-22.log.gz,20:03:01,CIERRE,SHORT,,7401.50,7401.75,,,,,,-1.25,CRUCE CONTRARIO
logs_viejos/bot_hasta_2026-09-22.log.gz,20:03:02,APERTURA,LONG,1,7401.75,,7404.75,,,,,,
logs_viejos/bot_hasta_2026-09-22.log.gz,20:04:01,CIERRE,LONG,,7401.75,7401.75,,,,,,+0.00,CRUCE CONTRARIO
logs_viejos/bot_hasta_2026-09-22.log.gz,20:04:02,APERTURA,SHORT,1,7401.75,,7398.75,,,,,,
logs_viejos/bot_hasta_2026-09-22.log.gz,20:05:01,CIERRE,SHORT,,7401.75,7402.00,,,,,,-1.25,CRUCE CONTRARIO
logs_viejos/bot_hasta_2026-09-22.log.gz,20:05:02,APERTURA,LONG,1,7402.00,,7405.00,,,,,,
logs_viejos/bot_hasta_2026-09-22.log.gz,20:07:07,CIERRE,LONG,,7402.00,7402.50,,,,,,+2.50,CRUCE CONTRARIO
logs_viejos/bot_hasta_2026-09-22.log.gz,20:07:09,APERTURA,SHORT,1,7402.50,,7399.50,,,,,,
logs_viejos/bot_hasta_2026-09-22.log.gz,20:08:01,CIERRE,SHORT,,7402.50,7402.50,,,,,,+0.00,CRUCE CONTRARIO
logs_viejos/bot_hasta_2026-09-22.log.gz,20:08:02,APERTURA,LONG,1,7402.50,,7405.50,,,,,,
logs_viejos/bot_hasta_2026-09-22.log.gz,20:09:01,CIERRE,LONG,,7402.50,7404.75,,,,,,+11.25,CRUCE CONTRARIO
logs_viejos/bot_hasta_2026-09-22.log.gz,20:09:02,APERTURA,SHORT,1,7404.75,,7401.75,,,,,,
logs_viejos/bot_hasta_2026-09-22.log.gz,20:10:01,CIERRE,SHORT,,7404.75,7404.75,,,,,,+0.00,CRUCE CONTRARIO
logs_viejos/bot_hasta_2026-09-22.log.gz,20:10:02,APERTURA,LONG,1,7404.75,,7407.75,,,,,,
logs_viejos/bot_hasta_2026-09-22.log.gz,20:11:01,CIERRE,LONG,,7404.75,7405.00,,,,,,+1.25,CRUCE CONTRARIO
logs_viejos/bot_hasta_2026-09-22.log.gz,20:11:02,APERTURA,SHORT,1,7405.00,,7402.00,,,,,,
logs_viejos/bot_hasta_2026-09-22.log.gz,20:12:01,CIERRE,SHORT,,7405.00,7404.75,,,,,,+1.25,CRUCE CONTRARIO
logs_viejos/bot_hasta_2026-09-22.log.gz,20:12:02,APERTURA,LONG,1,7404.75,,7407.75,,,,,,
logs_viejos/bot_hasta_2026-09-22.log.gz,20:13:01,CIERRE,LONG,,7404.75,7405.75,,,,,,+5.00,CRUCE CONTRARIO
logs_viejos/bot_hasta_2026-09-22.log.gz,20:13:02,APERTURA,SHORT,1,7405.75,,7402.75,,,,,,
logs_viejos/bot_hasta_2026-09-22.log.gz,20:14:01,CIERRE,SHORT,,7405.75,7406.25,,,,,,-2.50,CRUCE CONTRARIO
logs_viejos/bot_hasta_2026-09-22.log.gz,20:14:03,APERTURA,LONG,1,7406.25,,7409.25,,,,,,
logs_viejos/bot_hasta_2026-09-22.log.gz,20:15:01,CIERRE,LONG,,7406.25,7406.25,,,,,,+0.00,CRUCE CONTRARIO
logs_viejos/bot_hasta_2026-09-22.log.gz,20:15:02,APERTURA,SHORT,1,7406.25,,7403.25,,,,,,
logs_viejos/bot_hasta_2026-09-22.log.gz,20:16:01,CIERRE,SHORT,,7406.25,7406.75,,,,,,-2.50,CRUCE CONTRARIO
logs_viejos/bot_hasta_2026-09-22.log.gz,20:16:03,APERTURA,LONG,1,7406.75,,7409.75,,,,,,
logs_viejos/bot_hasta_2026-09-22.log.gz,20:17:01,CIERRE,LONG,,7406.75,7407.25,,,,,,+2.50,CRUCE CONTRARIO
logs_viejos/bot_hasta_2026-09-22.log.gz,20:17:02,APERTURA,SHORT,1,7407.25,,7404.25,,,,,,
logs_viejos/bot_hasta_2026-09-22.log.gz,20:18:01,CIERRE,SHORT,,7407.25,7406.75,,,,,,+2.50,CRUCE CONTRARIO
logs_viejos/bot_hasta_2026-09-22.log.gz,20:18:03,APERTURA,LONG,1,7406.75,,7409.75,,,,,,
logs_viejos/bot_hasta_2026-09-22.log.gz,20:19:01,CIERRE,LONG,,7406.75,7408.00,,,,,,+6.25,CRUCE CONTRARIO
logs_viejos/bot_hasta_2026-09-22.log.gz,20:19:02,APERTURA,SHORT,1,7408.00,,7405.00,,,,,,
logs_viejos/bot_hasta_2026-09-22.log.gz,20:20:01,CIERRE,SHORT,,7408.00,7408.00,,,,,,+0.00,CRUCE CONTRARIO
logs_viejos/bot_hasta_2026-09-22.log.gz,20:20:02,APERTURA,LONG,1,7408.00,,7411.00,,,,,,
logs_viejos/bot_hasta_2026-09-22.log.gz,20:21:02,CIERRE,LONG,,7408.00,7408.50,,,,,,+2.50,CRUCE CONTRARIO
logs_viejos/bot_hasta_2026-09-22.log.gz,20:21:03,APERTURA,SHORT,1,7408.50,,7405.50,,,,,,
logs_viejos/bot_hasta_2026-09-22.log.gz,20:22:01,CIERRE,SHORT,,7408.50,7407.00,,,,,,+7.50,CRUCE CONTRARIO
logs_viejos/bot_hasta_2026-09-22.log.gz,20:22:02,APERTURA,LONG,1,7407.00,,7410.00,,,,,,
logs_viejos/bot_hasta_2026-09-22.log.gz,20:23:01,CIERRE,LONG,,7407.00,7406.75,,,,,,-1.25,CRUCE CONTRARIO
logs_viejos/bot_hasta_2026-09-22.log.gz,20:23:02,APERTURA,SHORT,1,7406.75,,7403.75,,,,,,
logs_viejos/bot_hasta_2026-09-22.log.gz,20:24:00,CIERRE,SHORT,,7406.75,7405.75,,,,,,+5.00,CRUCE CONTRARIO
logs_viejos/bot_hasta_2026-09-22.log.gz,20:24:02,APERTURA,LONG,1,7405.75,,7408.75,,,,,,
logs_viejos/bot_hasta_2026-09-22.log.gz,20:25:01,CIERRE,LONG,,7405.75,7406.25,,,,,,+2.50,CRUCE CONTRARIO
logs_viejos/bot_hasta_2026-09-22.log.gz,20:25:03,APERTURA,SHORT,1,7406.25,,7403.25,,,,,,
logs_viejos/bot_hasta_2026-09-22.log.gz,20:26:01,CIERRE,SHORT,,7406.25,7406.25,,,,,,+0.00,CRUCE CONTRARIO
logs_viejos/bot_hasta_2026-09-22.log.gz,20:26:02,APERTURA,LONG,1,7406.25,,7409.25,,,,,,
logs_viejos/bot_hasta_2026-09-22.log.gz,20:27:01,CIERRE,LONG,,7406.25,7406.25,,,,,,+0.00,CRUCE CONTRARIO
logs_viejos/bot_hasta_2026-09-22.log.gz,20:27:02,APERTURA,SHORT,1,7406.25,,7403.25,,,,,,
logs_viejos/bot_hasta_2026-09-22.log.gz,20:28:01,CIERRE,SHORT,,7406.25,7406.50,,,,,,-1.25,CRUCE CONTRARIO
logs_viejos/bot_hasta_2026-09-22.log.gz,20:28:02,APERTURA,LONG,1,7406.50,,7409.50,,,,,,
logs_viejos/bot_hasta_2026-09-22.log.gz,20:29:01,CIERRE,LONG,,7406.50,7406.75,,,,,,+1.25,CRUCE CONTRARIO
logs_viejos/bot_hasta_2026-09-22.log.gz,20:29:02,APERTURA,SHORT,1,7406.75,,7403.75,,,,,,
logs_viejos/bot_hasta_2026-09-22.log.gz,20:44:39,CIERRE,SHORT,,7406.75,7403.50,,,,,,+16.25,TAKE PROFIT
logs_viejos/bot_hasta_2026-09-22.log.gz,20:45:13,APERTURA,LONG,1,7404.00,,7407.00,,,,,,
logs_viejos/bot_hasta_2026-09-22.log.gz,20:54:01,CIERRE,LONG,,7404.00,7403.25,,,,,,-3.75,CRUCE CONTRARIO
logs_viejos/bot_hasta_2026-09-22.log.gz,20:54:02,APERTURA,SHORT,1,7403.25,,7400.25,,,,,,
logs_viejos/bot_hasta_2026-09-22.log.gz,20:55:01,CIERRE,SHORT,,7403.25,7404.00,,,,,,-3.75,CRUCE CONTRARIO
logs_viejos/bot_hasta_2026-09-22.log.gz,20:55:02,APERTURA,LONG,1,7404.00,,7407.00,,,,,,
logs_viejos/bot_hasta_2026-09-22.log.gz,20:56:02,CIERRE,LONG,,7404.00,7402.75,,,,,,-6.25,CRUCE CONTRARIO
logs_viejos/bot_hasta_2026-09-22.log.gz,20:56:03,APERTURA,SHORT,1,7402.75,,7399.75,,,,,,
logs_viejos/bot_hasta_2026-09-22.log.gz,20:57:01,CIERRE,SHORT,,7402.75,7402.50,,,,,,+1.25,CRUCE CONTRARIO
logs_viejos/bot_hasta_2026-09-22.log.gz,20:57:02,APERTURA,LONG,1,7402.50,,7405.50,,,,,,
logs_viejos/bot_hasta_2026-09-22.log.gz,20:58:01,CIERRE,LONG,,7402.50,7404.00,,,,,,+7.50,CRUCE CONTRARIO
logs_viejos/bot_hasta_2026-09-22.log.gz,20:58:03,APERTURA,SHORT,1,7404.00,,7401.00,,,,,,
logs_viejos/bot_hasta_2026-09-22.log.gz,20:59:01,CIERRE,SHORT,,7404.00,7404.00,,,,,,+0.00,CRUCE CONTRARIO
logs_viejos/bot_hasta_2026-09-22.log.gz,20:59:02,APERTURA,LONG,1,7404.00,,7407.00,,,,,,
logs_viejos/bot_hasta_2026-09-22.log.gz,21:00:01,CIERRE,LONG,,7404.00,7404.00,,,,,,+0.00,CRUCE CONTRARIO
logs_viejos/bot_hasta_2026-09-22.log.gz,21:00:02,APERTURA,SHORT,1,7404.00,,7401.00,,,,,,
logs_viejos/bot_hasta_2026-09-22.log.gz,21:01:00,CIERRE,SHORT,,7404.00,7403.50,,,,,,+2.50,CRUCE CONTRARIO
logs_viejos/bot_hasta_2026-09-22.log.gz,21:01:02,APERTURA,LONG,1,7403.50,,7406.50,,,,,,
logs_viejos/bot_hasta_2026-09-22.log.gz,21:02:01,CIERRE,LONG,,7403.50,7402.50,,,,,,-5.00,CRUCE CONTRARIO
logs_viejos/bot_hasta_2026-09-22.log.gz,21:02:02,APERTURA,SHORT,1,7402.50,,7399.50,,,,,,
logs_viejos/bot_hasta_2026-09-22.log.gz,21:03:01,CIERRE,SHORT,,7402.50,7403.75,,,,,,-6.25,CRUCE CONTRARIO
logs_viejos/bot_hasta_2026-09-22.log.gz,21:03:02,APERTURA,LONG,1,7403.75,,7406.75,,,,,,
logs_viejos/bot_hasta_2026-09-22.log.gz,21:04:01,CIERRE,LONG,,7403.75,7403.00,,,,,,-3.75,CRUCE CONTRARIO
logs_viejos/bot_hasta_2026-09-22.log.gz,21:04:02,APERTURA,SHORT,1,7403.00,,7400.00,,,,,,
logs_viejos/bot_hasta_2026-09-22.log.gz,21:05:01,CIERRE,SHORT,,7403.00,7402.75,,,,,,+1.25,CRUCE CONTRARIO
logs_viejos/bot_hasta_2026-09-22.log.gz,21:05:02,APERTURA,LONG,1,7402.75,,7405.75,,,,,,
logs_viejos/bot_hasta_2026-09-22.log.gz,21:06:00,CIERRE,LONG,,7402.75,7403.00,,,,,,+1.25,CRUCE CONTRARIO
logs_viejos/bot_hasta_2026-09-22.log.gz,21:06:02,APERTURA,SHORT,1,7403.00,,7400.00,,,,,,
logs_viejos/bot_hasta_2026-09-22.log.gz,21:07:01,CIERRE,SHORT,,7403.00,7402.00,,,,,,+5.00,CRUCE CONTRARIO
logs_viejos/bot_hasta_2026-09-22.log.gz,21:07:02,APERTURA,LONG,1,7402.00,,7405.00,,,,,,
logs_viejos/bot_hasta_2026-09-22.log.gz,21:08:01,CIERRE,LONG,,7402.00,7403.25,,,,,,+6.25,CRUCE CONTRARIO
logs_viejos/bot_hasta_2026-09-22.log.gz,21:08:03,APERTURA,SHORT,1,7403.25,,7400.25,,,,,,
logs_viejos/bot_hasta_2026-09-22.log.gz,21:09:01,CIERRE,SHORT,,7403.25,7403.50,,,,,,-1.25,CRUCE CONTRARIO
logs_viejos/bot_hasta_2026-09-22.log.gz,21:09:02,APERTURA,LONG,1,7403.50,,7406.50,,,,,,
logs_viejos/bot_hasta_2026-09-22.log.gz,21:10:01,CIERRE,LONG,,7403.50,7402.50,,,,,,-5.00,CRUCE CONTRARIO
logs_viejos/bot_hasta_2026-09-22.log.gz,21:10:02,APERTURA,SHORT,1,7402.50,,7399.50,,,,,,
logs_viejos/bot_hasta_2026-09-22.log.gz,00:00:06,CIERRE,SHORT,,7402.50,7411.50,,,,,,-45.00,STOP LOSS
logs_viejos/bot_hasta_2026-09-22.log.gz,00:01:00,APERTURA,SHORT,1,7411.25,,7408.25,,,,,,
logs_viejos/bot_hasta_2026-09-22.log.gz,00:02:01,CIERRE,SHORT,,7411.25,7412.25,,,,,,-5.00,CRUCE CONTRARIO
logs_viejos/bot_hasta_2026-09-22.log.gz,00:02:02,APERTURA,LONG,1,7412.25,,7415.25,,,,,,
logs_viejos/bot_hasta_2026-09-22.log.gz,00:03:00,CIERRE,LONG,,7412.25,7412.75,,,,,,+2.50,CRUCE CONTRARIO
logs_viejos/bot_hasta_2026-09-22.log.gz,00:03:01,APERTURA,SHORT,1,7412.75,,7409.75,,,,,,
logs_viejos/bot_hasta_2026-09-22.log.gz,00:04:01,CIERRE,SHORT,,7412.75,7412.50,,,,,,+1.25,CRUCE CONTRARIO
logs_viejos/bot_hasta_2026-09-22.log.gz,00:04:02,APERTURA,LONG,1,7412.50,,7415.50,,,,,,
logs_viejos/bot_hasta_2026-09-22.log.gz,00:06:01,CIERRE,LONG,,7412.50,7412.50,,,,,,+0.00,CRUCE CONTRARIO
logs_viejos/bot_hasta_2026-09-22.log.gz,00:06:02,APERTURA,SHORT,1,7412.50,,7409.50,,,,,,
logs_viejos/bot_hasta_2026-09-22.log.gz,00:08:01,CIERRE,SHORT,,7412.50,7411.75,,,,,,+3.75,CRUCE CONTRARIO
logs_viejos/bot_hasta_2026-09-22.log.gz,00:08:01,APERTURA,LONG,1,7411.75,,7414.75,,,,,,
logs_viejos/bot_hasta_2026-09-22.log.gz,00:09:01,CIERRE,LONG,,7411.75,7411.75,,,,,,+0.00,CRUCE CONTRARIO
logs_viejos/bot_hasta_2026-09-22.log.gz,00:09:02,APERTURA,SHORT,1,7411.75,,7408.75,,,,,,
logs_viejos/bot_hasta_2026-09-22.log.gz,00:10:01,CIERRE,SHORT,,7411.75,7411.25,,,,,,+2.50,CRUCE CONTRARIO
logs_viejos/bot_hasta_2026-09-22.log.gz,00:10:02,APERTURA,LONG,1,7411.25,,7414.25,,,,,,
logs_viejos/bot_hasta_2026-09-22.log.gz,00:11:01,CIERRE,LONG,,7411.25,7409.75,,,,,,-7.50,CRUCE CONTRARIO
logs_viejos/bot_hasta_2026-09-22.log.gz,00:11:02,APERTURA,SHORT,1,7409.75,,7406.75,,,,,,
logs_viejos/bot_hasta_2026-09-22.log.gz,00:12:01,CIERRE,SHORT,,7409.75,7409.25,,,,,,+2.50,CRUCE CONTRARIO
logs_viejos/bot_hasta_2026-09-22.log.gz,00:12:02,APERTURA,LONG,1,7409.25,,7412.25,,,,,,
logs_viejos/bot_hasta_2026-09-22.log.gz,00:13:00,CIERRE,LONG,,7409.25,7409.75,,,,,,+2.50,CRUCE CONTRARIO
logs_viejos/bot_hasta_2026-09-22.log.gz,00:13:01,APERTURA,SHORT,1,7409.75,,7406.75,,,,,,
logs_viejos/bot_hasta_2026-09-22.log.gz,00:14:01,CIERRE,SHORT,,7409.75,7410.00,,,,,,-1.25,CRUCE CONTRARIO
logs_viejos/bot_hasta_2026-09-22.log.gz,00:14:02,APERTURA,LONG,1,7410.00,,7413.00,,,,,,
logs_viejos/bot_hasta_2026-09-22.log.gz,00:15:01,CIERRE,LONG,,7410.00,7410.00,,,,,,+0.00,CRUCE CONTRARIO
logs_viejos/bot_hasta_2026-09-22.log.gz,00:15:02,APERTURA,SHORT,1,7410.00,,7407.00,,,,,,
logs_viejos/bot_hasta_2026-09-22.log.gz,00:16:01,CIERRE,SHORT,,7410.00,7410.00,,,,,,+0.00,CRUCE CONTRARIO
logs_viejos/bot_hasta_2026-09-22.log.gz,00:16:02,APERTURA,LONG,1,7410.00,,7413.00,,,,,,
logs_viejos/bot_hasta_2026-09-22.log.gz,00:17:01,CIERRE,LONG,,7410.00,7409.50,,,,,,-2.50,CRUCE CONTRARIO
logs_viejos/bot_hasta_2026-09-22.log.gz,00:17:02,APERTURA,SHORT,1,7409.50,,7406.50,,,,,,
logs_viejos/bot_hasta_2026-09-22.log.gz,00:18:01,CIERRE,SHORT,,7409.50,7409.00,,,,,,+2.50,CRUCE CONTRARIO
logs_viejos/bot_hasta_2026-09-22.log.gz,00:18:02,APERTURA,LONG,1,7409.00,,7412.00,,,,,,
logs_viejos/bot_hasta_2026-09-22.log.gz,00:19:01,CIERRE,LONG,,7409.00,7409.75,,,,,,+3.75,CRUCE CONTRARIO
logs_viejos/bot_hasta_2026-09-22.log.gz,00:19:02,APERTURA,SHORT,1,7409.75,,7406.75,,,,,,
logs_viejos/bot_hasta_2026-09-22.log.gz,00:21:01,CIERRE,SHORT,,7409.75,7411.00,,,,,,-6.25,CRUCE CONTRARIO
logs_viejos/bot_hasta_2026-09-22.log.gz,00:21:02,APERTURA,LONG,1,7411.00,,7414.00,,,,,,
logs_viejos/bot_hasta_2026-09-22.log.gz,00:22:01,CIERRE,LONG,,7411.00,7411.00,,,,,,+0.00,CRUCE CONTRARIO
logs_viejos/bot_hasta_2026-09-22.log.gz,00:22:02,APERTURA,SHORT,1,7411.00,,7408.00,,,,,,
logs_viejos/bot_hasta_2026-09-22.log.gz,00:23:01,CIERRE,SHORT,,7411.00,7410.75,,,,,,+1.25,CRUCE CONTRARIO
logs_viejos/bot_hasta_2026-09-22.log.gz,00:23:02,APERTURA,LONG,1,7410.75,,7413.75,,,,,,
logs_viejos/bot_hasta_2026-09-22.log.gz,00:26:00,CIERRE,LONG,,7410.75,7410.00,,,,,,-3.75,CRUCE CONTRARIO
logs_viejos/bot_hasta_2026-09-22.log.gz,00:26:01,APERTURA,SHORT,1,7410.00,,7407.00,,,,,,
logs_viejos/bot_hasta_2026-09-22.log.gz,00:27:01,CIERRE,SHORT,,7410.00,7409.00,,,,,,+5.00,CRUCE CONTRARIO
logs_viejos/bot_hasta_2026-09-22.log.gz,00:27:02,APERTURA,LONG,1,7409.00,,7412.00,,,,,,
logs_viejos/bot_hasta_2026-09-22.log.gz,00:28:01,CIERRE,LONG,,7409.00,7409.75,,,,,,+3.75,CRUCE CONTRARIO
logs_viejos/bot_hasta_2026-09-22.log.gz,00:28:02,APERTURA,SHORT,1,7409.75,,7406.75,,,,,,
logs_viejos/bot_hasta_2026-09-22.log.gz,00:29:01,CIERRE,SHORT,,7409.75,7410.00,,,,,,-1.25,CRUCE CONTRARIO
logs_viejos/bot_hasta_2026-09-22.log.gz,00:29:02,APERTURA,LONG,1,7410.00,,7413.00,,,,,,
logs_viejos/bot_hasta_2026-09-22.log.gz,00:32:01,CIERRE,LONG,,7410.00,7410.75,,,,,,+3.75,CRUCE CONTRARIO
logs_viejos/bot_hasta_2026-09-22.log.gz,00:32:02,APERTURA,SHORT,1,7410.75,,7407.75,,,,,,
logs_viejos/bot_hasta_2026-09-22.log.gz,00:33:01,CIERRE,SHORT,,7410.75,7410.50,,,,,,+1.25,CRUCE CONTRARIO
logs_viejos/bot_hasta_2026-09-22.log.gz,00:33:02,APERTURA,LONG,1,7410.50,,7413.50,,,,,,
logs_viejos/bot_hasta_2026-09-22.log.gz,00:34:01,CIERRE,LONG,,7410.50,7410.50,,,,,,+0.00,CRUCE CONTRARIO
logs_viejos/bot_hasta_2026-09-22.log.gz,00:34:02,APERTURA,SHORT,1,7410.50,,7407.50,,,,,,
logs_viejos/bot_hasta_2026-09-22.log.gz,00:35:01,CIERRE,SHORT,,7410.50,7411.25,,,,,,-3.75,CRUCE CONTRARIO
logs_viejos/bot_hasta_2026-09-22.log.gz,00:35:02,APERTURA,LONG,1,7411.25,,7414.25,,,,,,
logs_viejos/bot_hasta_2026-09-22.log.gz,00:36:01,CIERRE,LONG,,7411.25,7412.25,,,,,,+5.00,CRUCE CONTRARIO
logs_viejos/bot_hasta_2026-09-22.log.gz,00:36:02,APERTURA,SHORT,1,7412.25,,7409.25,,,,,,
logs_viejos/bot_hasta_2026-09-22.log.gz,00:37:01,CIERRE,SHORT,,7412.25,7412.25,,,,,,+0.00,CRUCE CONTRARIO
logs_viejos/bot_hasta_2026-09-22.log.gz,00:37:02,APERTURA,LONG,1,7412.25,,7415.25,,,,,,
logs_viejos/bot_hasta_2026-09-22.log.gz,00:38:01,CIERRE,LONG,,7412.25,7412.00,,,,,,-1.25,CRUCE CONTRARIO
logs_viejos/bot_hasta_2026-09-22.log.gz,00:38:02,APERTURA,SHORT,1,7412.00,,7409.00,,,,,,
logs_viejos/bot_hasta_2026-09-22.log.gz,00:39:01,CIERRE,SHORT,,7412.00,7412.25,,,,,,-1.25,CRUCE CONTRARIO
logs_viejos/bot_hasta_2026-09-22.log.gz,00:39:02,APERTURA,LONG,1,7412.25,,7415.25,,,,,,
logs_viejos/bot_hasta_2026-09-22.log.gz,00:40:01,CIERRE,LONG,,7412.25,7413.00,,,,,,+3.75,CRUCE CONTRARIO
logs_viejos/bot_hasta_2026-09-22.log.gz,00:40:02,APERTURA,SHORT,1,7413.00,,7410.00,,,,,,
logs_viejos/bot_hasta_2026-09-22.log.gz,00:41:01,CIERRE,SHORT,,7413.00,7414.25,,,,,,-6.25,CRUCE CONTRARIO
logs_viejos/bot_hasta_2026-09-22.log.gz,00:41:02,APERTURA,LONG,1,7414.25,,7417.25,,,,,,
logs_viejos/bot_hasta_2026-09-22.log.gz,00:42:01,CIERRE,LONG,,7414.25,7412.75,,,,,,-7.50,CRUCE CONTRARIO
logs_viejos/bot_hasta_2026-09-22.log.gz,00:42:02,APERTURA,SHORT,1,7412.75,,7409.75,,,,,,
logs_viejos/bot_hasta_2026-09-22.log.gz,00:43:01,CIERRE,SHORT,,7412.75,7413.00,,,,,,-1.25,CRUCE CONTRARIO
logs_viejos/bot_hasta_2026-09-22.log.gz,00:43:03,APERTURA,LONG,1,7413.00,,7416.00,,,,,,
logs_viejos/bot_hasta_2026-09-22.log.gz,00:46:02,CIERRE,LONG,,7413.00,7412.50,,,,,,-2.50,CRUCE CONTRARIO
logs_viejos/bot_hasta_2026-09-22.log.gz,00:46:03,APERTURA,SHORT,1,7412.50,,7409.50,,,,,,
logs_viejos/bot_hasta_2026-09-22.log.gz,00:47:01,CIERRE,SHORT,,7412.50,7412.25,,,,,,+1.25,CRUCE CONTRARIO
logs_viejos/bot_hasta_2026-09-22.log.gz,00:47:02,APERTURA,LONG,1,7412.25,,7415.25,,,,,,
logs_viejos/bot_hasta_2026-09-22.log.gz,00:48:01,CIERRE,LONG,,7412.25,7412.00,,,,,,-1.25,CRUCE CONTRARIO
logs_viejos/bot_hasta_2026-09-22.log.gz,00:48:02,APERTURA,SHORT,1,7412.00,,7409.00,,,,,,
logs_viejos/bot_hasta_2026-09-22.log.gz,00:49:01,CIERRE,SHORT,,7412.00,7412.50,,,,,,-2.50,CRUCE CONTRARIO
logs_viejos/bot_hasta_2026-09-22.log.gz,00:49:02,APERTURA,LONG,1,7412.50,,7415.50,,,,,,
logs_viejos/bot_hasta_2026-09-22.log.gz,00:50:01,CIERRE,LONG,,7412.50,7412.75,,,,,,+1.25,CRUCE CONTRARIO
logs_viejos/bot_hasta_2026-09-22.log.gz,00:50:02,APERTURA,SHORT,1,7412.75,,7409.75,,,,,,
logs_viejos/bot_hasta_2026-09-22.log.gz,00:53:01,CIERRE,SHORT,,7412.75,7415.25,,,,,,-12.50,CRUCE CONTRARIO
logs_viejos/bot_hasta_2026-09-22.log.gz,00:53:02,APERTURA,LONG,1,7415.25,,7418.25,,,,,,
logs_viejos/bot_hasta_2026-09-22.log.gz,00:54:01,CIERRE,LONG,,7415.25,7414.25,,,,,,-5.00,CRUCE CONTRARIO
logs_viejos/bot_hasta_2026-09-22.log.gz,00:54:02,APERTURA,SHORT,1,7414.25,,7411.25,,,,,,
logs_viejos/bot_hasta_2026-09-22.log.gz,00:55:01,CIERRE,SHORT,,7414.25,7414.75,,,,,,-2.50,CRUCE CONTRARIO
logs_viejos/bot_hasta_2026-09-22.log.gz,00:55:02,APERTURA,LONG,1,7414.75,,7417.75,,,,,,
logs_viejos/bot_hasta_2026-09-22.log.gz,00:56:00,CIERRE,LONG,,7414.75,7414.25,,,,,,-2.50,CRUCE CONTRARIO
logs_viejos/bot_hasta_2026-09-22.log.gz,00:56:01,APERTURA,SHORT,1,7414.25,,7411.25,,,,,,
logs_viejos/bot_hasta_2026-09-22.log.gz,00:57:01,CIERRE,SHORT,,7414.25,7414.00,,,,,,+1.25,CRUCE CONTRARIO
logs_viejos/bot_hasta_2026-09-22.log.gz,00:57:02,APERTURA,LONG,1,7414.00,,7417.00,,,,,,
logs_viejos/bot_hasta_2026-09-22.log.gz,00:59:01,CIERRE,LONG,,7414.00,7413.25,,,,,,-3.75,CRUCE CONTRARIO
logs_viejos/bot_hasta_2026-09-22.log.gz,00:59:02,APERTURA,SHORT,1,7413.25,,7410.25,,,,,,
logs_viejos/bot_hasta_2026-09-22.log.gz,01:00:00,CIERRE,SHORT,,7413.25,7419.00,,,,,,-28.75,STOP LOSS
logs_viejos/bot_hasta_2026-09-22.log.gz,01:10:04,APERTURA,SHORT,1,7411.25,,7408.25,,,,,,
logs_viejos/bot_hasta_2026-09-22.log.gz,01:11:01,CIERRE,SHORT,,7411.25,7411.25,,,,,,+0.00,CRUCE CONTRARIO
logs_viejos/bot_hasta_2026-09-22.log.gz,01:11:02,APERTURA,LONG,1,7411.25,,7414.25,,,,,,
logs_viejos/bot_hasta_2026-09-22.log.gz,01:12:01,CIERRE,LONG,,7411.25,7410.50,,,,,,-3.75,CRUCE CONTRARIO
logs_viejos/bot_hasta_2026-09-22.log.gz,01:12:02,APERTURA,SHORT,1,7410.50,,7407.50,,,,,,
logs_viejos/bot_hasta_2026-09-22.log.gz,01:28:01,APERTURA,LONG,1,7411.75,,7414.75,,,,,,
logs_viejos/bot_hasta_2026-09-22.log.gz,01:28:45,APERTURA,LONG,1,7411.50,,7414.50,,,,,,
logs_viejos/bot_hasta_2026-09-22.log.gz,01:30:01,CIERRE,LONG,,7411.50,7411.25,,,,,,-1.25,CRUCE CONTRARIO
logs_viejos/bot_hasta_2026-09-22.log.gz,01:30:02,APERTURA,SHORT,1,7411.25,,7408.25,,,,,,
logs_viejos/bot_hasta_2026-09-22.log.gz,01:31:01,CIERRE,SHORT,,7411.25,7412.00,,,,,,-3.75,CRUCE CONTRARIO
logs_viejos/bot_hasta_2026-09-22.log.gz,01:31:02,APERTURA,LONG,1,7412.00,,7415.00,,,,,,
logs_viejos/bot_hasta_2026-09-22.log.gz,01:32:01,CIERRE,LONG,,7412.00,7411.25,,,,,,-3.75,CRUCE CONTRARIO
logs_viejos/bot_hasta_2026-09-22.log.gz,01:32:02,APERTURA,SHORT,1,7411.25,,7408.25,,,,,,
logs_viejos/bot_hasta_2026-09-22.log.gz,01:33:01,CIERRE,SHORT,,7411.25,7411.50,,,,,,-1.25,CRUCE CONTRARIO
logs_viejos/bot_hasta_2026-09-22.log.gz,01:33:02,APERTURA,LONG,1,7411.50,,7414.50,,,,,,
logs_viejos/bot_hasta_2026-09-22.log.gz,01:34:01,CIERRE,LONG,,7411.50,7412.00,,,,,,+2.50,CRUCE CONTRARIO
logs_viejos/bot_hasta_2026-09-22.log.gz,01:34:02,APERTURA,SHORT,1,7412.00,,7409.00,,,,,,
logs_viejos/bot_hasta_2026-09-22.log.gz,01:35:01,CIERRE,SHORT,,7412.00,7412.00,,,,,,+0.00,CRUCE CONTRARIO
logs_viejos/bot_hasta_2026-09-22.log.gz,01:35:02,APERTURA,LONG,1,7412.00,,7415.00,,,,,,
logs_viejos/bot_hasta_2026-09-22.log.gz,01:36:01,CIERRE,LONG,,7412.00,7412.25,,,,,,+1.25,CRUCE CONTRARIO
logs_viejos/bot_hasta_2026-09-22.log.gz,01:36:02,APERTURA,SHORT,1,7412.25,,7409.25,,,,,,
logs_viejos/bot_hasta_2026-09-22.log.gz,01:38:01,CIERRE,SHORT,,7412.25,7412.25,,,,,,+0.00,CRUCE CONTRARIO
logs_viejos/bot_hasta_2026-09-22.log.gz,01:38:02,APERTURA,LONG,1,7412.25,,7415.25,,,,,,
logs_viejos/bot_hasta_2026-09-22.log.gz,01:39:00,CIERRE,LONG,,7412.25,7412.50,,,,,,+1.25,CRUCE CONTRARIO
logs_viejos/bot_hasta_2026-09-22.log.gz,01:39:01,APERTURA,SHORT,1,7412.50,,7409.50,,,,,,
logs_viejos/bot_hasta_2026-09-22.log.gz,01:40:01,CIERRE,SHORT,,7412.50,7411.75,,,,,,+3.75,CRUCE CONTRARIO
logs_viejos/bot_hasta_2026-09-22.log.gz,01:40:02,APERTURA,LONG,1,7411.75,,7414.75,,,,,,
logs_viejos/bot_hasta_2026-09-22.log.gz,01:41:01,CIERRE,LONG,,7411.75,7412.00,,,,,,+1.25,CRUCE CONTRARIO
logs_viejos/bot_hasta_2026-09-22.log.gz,01:41:02,APERTURA,SHORT,1,7412.00,,7409.00,,,,,,
logs_viejos/bot_hasta_2026-09-22.log.gz,01:43:01,CIERRE,SHORT,,7412.00,7411.50,,,,,,+2.50,CRUCE CONTRARIO
logs_viejos/bot_hasta_2026-09-22.log.gz,01:43:02,APERTURA,LONG,1,7411.50,,7414.50,,,,,,
logs_viejos/bot_hasta_2026-09-22.log.gz,01:58:53,CIERRE,LONG,,7411.50,7411.25,,,,,,-1.25,CRUCE CONTRARIO
logs_viejos/bot_hasta_2026-09-22.log.gz,01:58:54,APERTURA,SHORT,1,7411.25,,7408.25,,,,,,
logs_viejos/bot_hasta_2026-09-22.log.gz,02:00:01,CIERRE,SHORT,,7411.25,7411.00,,,,,,+1.25,CRUCE CONTRARIO
logs_viejos/bot_hasta_2026-09-22.log.gz,02:00:02,APERTURA,LONG,1,7411.00,,7414.00,,,,,,
logs_viejos/bot_hasta_2026-09-22.log.gz,02:01:01,CIERRE,LONG,,7411.00,7411.50,,,,,,+2.50,CRUCE CONTRARIO
logs_viejos/bot_hasta_2026-09-22.log.gz,02:01:02,APERTURA,SHORT,1,7411.50,,7408.50,,,,,,
logs_viejos/bot_hasta_2026-09-22.log.gz,02:02:01,CIERRE,SHORT,,7411.50,7411.75,,,,,,-1.25,CRUCE CONTRARIO
logs_viejos/bot_hasta_2026-09-22.log.gz,02:02:02,APERTURA,LONG,1,7411.75,,7414.75,,,,,,
logs_viejos/bot_hasta_2026-09-22.log.gz,02:04:01,CIERRE,LONG,,7411.75,7412.25,,,,,,+2.50,CRUCE CONTRARIO
logs_viejos/bot_hasta_2026-09-22.log.gz,02:04:02,APERTURA,SHORT,1,7412.25,,7409.25,,,,,,
logs_viejos/bot_hasta_2026-09-22.log.gz,02:06:01,CIERRE,SHORT,,7412.25,7413.25,,,,,,-5.00,CRUCE CONTRARIO
logs_viejos/bot_hasta_2026-09-22.log.gz,02:06:02,APERTURA,LONG,1,7413.25,,7416.25,,,,,,
logs_viejos/bot_hasta_2026-09-22.log.gz,02:07:01,CIERRE,LONG,,7413.25,7412.75,,,,,,-2.50,CRUCE CONTRARIO
logs_viejos/bot_hasta_2026-09-22.log.gz,02:07:02,APERTURA,SHORT,1,7412.75,,7409.75,,,,,,
logs_viejos/bot_hasta_2026-09-22.log.gz,02:08:01,CIERRE,SHORT,,7412.75,7412.75,,,,,,+0.00,CRUCE CONTRARIO
logs_viejos/bot_hasta_2026-09-22.log.gz,02:08:02,APERTURA,LONG,1,7412.75,,7415.75,,,,,,
logs_viejos/bot_hasta_2026-09-22.log.gz,02:09:01,CIERRE,LONG,,7412.75,7412.50,,,,,,-1.25,CRUCE CONTRARIO
logs_viejos/bot_hasta_2026-09-22.log.gz,02:09:02,APERTURA,SHORT,1,7412.50,,7409.50,,,,,,
logs_viejos/bot_hasta_2026-09-22.log.gz,02:10:01,CIERRE,SHORT,,7412.50,7413.00,,,,,,-2.50,CRUCE CONTRARIO
logs_viejos/bot_hasta_2026-09-22.log.gz,02:10:02,APERTURA,LONG,1,7413.00,,7416.00,,,,,,
logs_viejos/bot_hasta_2026-09-22.log.gz,02:11:01,CIERRE,LONG,,7413.00,7412.50,,,,,,-2.50,CRUCE CONTRARIO
logs_viejos/bot_hasta_2026-09-22.log.gz,02:11:02,APERTURA,SHORT,1,7412.50,,7409.50,,,,,,
logs_viejos/bot_hasta_2026-09-22.log.gz,02:12:00,CIERRE,SHORT,,7412.50,7413.00,,,,,,-2.50,CRUCE CONTRARIO
logs_viejos/bot_hasta_2026-09-22.log.gz,02:12:01,APERTURA,LONG,1,7413.00,,7416.00,,,,,,
logs_viejos/bot_hasta_2026-09-22.log.gz,02:13:01,CIERRE,LONG,,7413.00,7413.25,,,,,,+1.25,CRUCE CONTRARIO
logs_viejos/bot_hasta_2026-09-22.log.gz,02:13:02,APERTURA,SHORT,1,7413.25,,7410.25,,,,,,
logs_viejos/bot_hasta_2026-09-22.log.gz,02:14:00,CIERRE,SHORT,,7413.25,7413.25,,,,,,+0.00,CRUCE CONTRARIO
logs_viejos/bot_hasta_2026-09-22.log.gz,02:14:01,APERTURA,LONG,1,7413.25,,7416.25,,,,,,
logs_viejos/bot_hasta_2026-09-22.log.gz,02:15:01,CIERRE,LONG,,7413.25,7413.50,,,,,,+1.25,CRUCE CONTRARIO
logs_viejos/bot_hasta_2026-09-22.log.gz,02:15:02,APERTURA,SHORT,1,7413.50,,7410.50,,,,,,
logs_viejos/bot_hasta_2026-09-22.log.gz,02:16:01,CIERRE,SHORT,,7413.50,7413.75,,,,,,-1.25,CRUCE CONTRARIO
logs_viejos/bot_hasta_2026-09-22.log.gz,02:16:02,APERTURA,LONG,1,7413.75,,7416.75,,,,,,
logs_viejos/bot_hasta_2026-09-22.log.gz,02:17:01,CIERRE,LONG,,7413.75,7413.25,,,,,,-2.50,CRUCE CONTRARIO
logs_viejos/bot_hasta_2026-09-22.log.gz,02:17:02,APERTURA,SHORT,1,7413.25,,7410.25,,,,,,
logs_viejos/bot_hasta_2026-09-22.log.gz,02:19:01,CIERRE,SHORT,,7413.25,7412.25,,,,,,+5.00,CRUCE CONTRARIO
logs_viejos/bot_hasta_2026-09-22.log.gz,02:19:02,APERTURA,LONG,1,7412.25,,7415.25,,,,,,
logs_viejos/bot_hasta_2026-09-22.log.gz,02:20:01,CIERRE,LONG,,7412.25,7412.25,,,,,,+0.00,CRUCE CONTRARIO
logs_viejos/bot_hasta_2026-09-22.log.gz,02:20:02,APERTURA,SHORT,1,7412.25,,7409.25,,,,,,
logs_viejos/bot_hasta_2026-09-22.log.gz,02:21:01,CIERRE,SHORT,,7412.25,7412.25,,,,,,+0.00,CRUCE CONTRARIO
logs_viejos/bot_hasta_2026-09-22.log.gz,02:21:02,APERTURA,LONG,1,7412.25,,7415.25,,,,,,
logs_viejos/bot_hasta_2026-09-22.log.gz,02:22:00,CIERRE,LONG,,7412.25,7412.00,,,,,,-1.25,CRUCE CONTRARIO
logs_viejos/bot_hasta_2026-09-22.log.gz,02:22:01,APERTURA,SHORT,1,7412.00,,7409.00,,,,,,
logs_viejos/bot_hasta_2026-09-22.log.gz,02:23:01,CIERRE,SHORT,,7412.00,7412.75,,,,,,-3.75,CRUCE CONTRARIO
logs_viejos/bot_hasta_2026-09-22.log.gz,02:23:02,APERTURA,LONG,1,7412.75,,7415.75,,,,,,
logs_viejos/bot_hasta_2026-09-22.log.gz,02:24:01,CIERRE,LONG,,7412.75,7412.75,,,,,,+0.00,CRUCE CONTRARIO
logs_viejos/bot_hasta_2026-09-22.log.gz,02:24:02,APERTURA,SHORT,1,7412.75,,7409.75,,,,,,
logs_viejos/bot_hasta_2026-09-22.log.gz,02:25:01,CIERRE,SHORT,,7412.75,7412.75,,,,,,+0.00,CRUCE CONTRARIO
logs_viejos/bot_hasta_2026-09-22.log.gz,02:25:02,APERTURA,LONG,1,7412.75,,7415.75,,,,,,
logs_viejos/bot_hasta_2026-09-22.log.gz,02:26:01,CIERRE,LONG,,7412.75,7412.75,,,,,,+0.00,CRUCE CONTRARIO
logs_viejos/bot_hasta_2026-09-22.log.gz,02:26:02,APERTURA,SHORT,1,7412.75,,7409.75,,,,,,
logs_viejos/bot_hasta_2026-09-22.log.gz,02:27:01,CIERRE,SHORT,,7412.75,7412.00,,,,,,+3.75,CRUCE CONTRARIO
logs_viejos/bot_hasta_2026-09-22.log.gz,02:27:02,APERTURA,LONG,1,7412.00,,7415.00,,,,,,
logs_viejos/bot_hasta_2026-09-22.log.gz,02:29:01,CIERRE,LONG,,7412.00,7413.50,,,,,,+7.50,CRUCE CONTRARIO
logs_viejos/bot_hasta_2026-09-22.log.gz,02:29:02,APERTURA,SHORT,1,7413.50,,7410.50,,,,,,
logs_viejos/bot_hasta_2026-09-22.log.gz,02:30:00,CIERRE,SHORT,,7413.50,7413.75,,,,,,-1.25,CRUCE CONTRARIO
logs_viejos/bot_hasta_2026-09-22.log.gz,02:30:02,APERTURA,LONG,1,7413.75,,7416.75,,,,,,
logs_viejos/bot_hasta_2026-09-22.log.gz,02:31:01,CIERRE,LONG,,7413.75,7414.00,,,,,,+1.25,CRUCE CONTRARIO
logs_viejos/bot_hasta_2026-09-22.log.gz,02:31:02,APERTURA,SHORT,1,7414.00,,7411.00,,,,,,
logs_viejos/bot_hasta_2026-09-22.log.gz,02:32:01,CIERRE,SHORT,,7414.00,7413.25,,,,,,+3.75,CRUCE CONTRARIO
logs_viejos/bot_hasta_2026-09-22.log.gz,02:32:02,APERTURA,LONG,1,7413.25,,7416.25,,,,,,
logs_viejos/bot_hasta_2026-09-22.log.gz,02:33:00,CIERRE,LONG,,7413.25,7413.00,,,,,,-1.25,CRUCE CONTRARIO
logs_viejos/bot_hasta_2026-09-22.log.gz,02:33:02,APERTURA,SHORT,1,7413.00,,7410.00,,,,,,
logs_viejos/bot_hasta_2026-09-22.log.gz,02:34:01,CIERRE,SHORT,,7413.00,7414.75,,,,,,-8.75,CRUCE CONTRARIO
logs_viejos/bot_hasta_2026-09-22.log.gz,02:34:02,APERTURA,LONG,1,7414.75,,7417.75,,,,,,
logs_viejos/bot_hasta_2026-09-22.log.gz,02:35:01,CIERRE,LONG,,7414.75,7414.00,,,,,,-3.75,CRUCE CONTRARIO
logs_viejos/bot_hasta_2026-09-22.log.gz,02:35:02,APERTURA,SHORT,1,7414.00,,7411.00,,,,,,
logs_viejos/bot_hasta_2026-09-22.log.gz,02:38:01,CIERRE,SHORT,,7414.00,7413.25,,,,,,+3.75,CRUCE CONTRARIO
logs_viejos/bot_hasta_2026-09-22.log.gz,02:38:02,APERTURA,LONG,1,7413.25,,7416.25,,,,,,
logs_viejos/bot_hasta_2026-09-22.log.gz,02:39:01,CIERRE,LONG,,7413.25,7413.50,,,,,,+1.25,CRUCE CONTRARIO
logs_viejos/bot_hasta_2026-09-22.log.gz,02:39:02,APERTURA,SHORT,1,7413.50,,7410.50,,,,,,
logs_viejos/bot_hasta_2026-09-22.log.gz,02:40:01,CIERRE,SHORT,,7413.50,7413.75,,,,,,-1.25,CRUCE CONTRARIO
logs_viejos/bot_hasta_2026-09-22.log.gz,02:40:02,APERTURA,LONG,1,7413.75,,7416.75,,,,,,
logs_viejos/bot_hasta_2026-09-22.log.gz,02:41:01,CIERRE,LONG,,7413.75,7413.50,,,,,,-1.25,CRUCE CONTRARIO
logs_viejos/bot_hasta_2026-09-22.log.gz,02:41:02,APERTURA,SHORT,1,7413.50,,7410.50,,,,,,
logs_viejos/bot_hasta_2026-09-22.log.gz,00:24:03,APERTURA,LONG,1,7427.25,,7430.25,,,,,,
logs_viejos/bot_hasta_2026-09-22.log.gz,00:25:01,CIERRE,LONG,,7427.25,7427.50,,,,,,+1.25,CRUCE CONTRARIO
logs_viejos/bot_hasta_2026-09-22.log.gz,00:25:02,APERTURA,SHORT,1,7427.50,,7424.50,,,,,,
logs_viejos/bot_hasta_2026-09-22.log.gz,00:26:01,CIERRE,SHORT,,7427.50,7427.00,,,,,,+2.50,CRUCE CONTRARIO
logs_viejos/bot_hasta_2026-09-22.log.gz,00:26:02,APERTURA,LONG,1,7427.00,,7430.00,,,,,,
logs_viejos/bot_hasta_2026-09-22.log.gz,00:27:00,CIERRE,LONG,,7427.00,7427.25,,,,,,+1.25,CRUCE CONTRARIO
logs_viejos/bot_hasta_2026-09-22.log.gz,00:27:01,APERTURA,SHORT,1,7427.25,,7424.25,,,,,,
logs_viejos/bot_hasta_2026-09-22.log.gz,00:28:00,CIERRE,SHORT,,7427.25,7426.75,,,,,,+2.50,CRUCE CONTRARIO
logs_viejos/bot_hasta_2026-09-22.log.gz,00:28:02,APERTURA,LONG,1,7426.75,,7429.75,,,,,,
logs_viejos/bot_hasta_2026-09-22.log.gz,00:29:02,CIERRE,LONG,,7426.75,7426.50,,,,,,-1.25,CRUCE CONTRARIO
logs_viejos/bot_hasta_2026-09-22.log.gz,00:29:03,APERTURA,SHORT,1,7426.50,,7423.50,,,,,,
logs_viejos/bot_hasta_2026-09-22.log.gz,00:30:01,CIERRE,SHORT,,7426.50,7426.50,,,,,,+0.00,CRUCE CONTRARIO
logs_viejos/bot_hasta_2026-09-22.log.gz,00:30:02,APERTURA,LONG,1,7426.50,,7429.50,,,,,,
logs_viejos/bot_hasta_2026-09-22.log.gz,00:31:01,CIERRE,LONG,,7426.50,7426.00,,,,,,-2.50,CRUCE CONTRARIO
logs_viejos/bot_hasta_2026-09-22.log.gz,00:31:02,APERTURA,SHORT,1,7426.00,,7423.00,,,,,,
logs_viejos/bot_hasta_2026-09-22.log.gz,00:46:46,CIERRE,SHORT,,7426.00,7427.25,,,,,,-6.25,CRUCE CONTRARIO
logs_viejos/bot_hasta_2026-09-22.log.gz,00:46:47,APERTURA,LONG,1,7427.25,,7430.25,,,,,,
logs_viejos/bot_hasta_2026-09-22.log.gz,01:27:01,CIERRE,LONG,,7427.25,7427.00,,,,,,-1.25,CRUCE CONTRARIO
logs_viejos/bot_hasta_2026-09-22.log.gz,01:27:02,APERTURA,SHORT,1,7427.00,,7424.00,,,,,,
logs_viejos/bot_hasta_2026-09-22.log.gz,02:14:21,CIERRE,SHORT,,7427.00,7421.75,,,,,,+26.25,TAKE PROFIT
logs_viejos/bot_hasta_2026-09-22.log.gz,02:27:47,APERTURA,LONG,1,7419.00,,7422.00,,,,,,
logs_viejos/bot_hasta_2026-09-22.log.gz,02:58:49,CIERRE,LONG,,7419.00,7423.75,,,,,,+23.75,TAKE PROFIT
logs_viejos/bot_hasta_2026-09-22.log.gz,02:59:14,APERTURA,SHORT,1,7423.50,,7420.50,,,,,,
logs_viejos/bot_hasta_2026-09-22.log.gz,03:28:19,CIERRE,SHORT,,7423.50,7419.50,,,,,,+20.00,TAKE PROFIT
logs_viejos/bot_hasta_2026-09-22.log.gz,03:28:36,APERTURA,LONG,1,7420.00,,7423.00,,,,,,
logs_viejos/bot_hasta_2026-09-22.log.gz,03:46:15,CIERRE,LONG,,7420.00,7414.75,,,,,,-26.25,STOP LOSS
logs_viejos/bot_hasta_2026-09-22.log.gz,04:03:17,APERTURA,LONG,1,7410.75,,7413.75,,,,,,
logs_viejos/bot_hasta_2026-09-22.log.gz,04:20:27,CIERRE,LONG,,7410.75,7402.50,,,,,,-41.25,STOP LOSS
logs_viejos/bot_hasta_2026-09-22.log.gz,04:29:21,APERTURA,LONG,1,7413.00,,7416.00,,,,,,
logs_viejos/bot_hasta_2026-09-22.log.gz,05:02:49,CIERRE,LONG,,7413.00,7416.00,,,,,,+15.00,TAKE PROFIT
logs_viejos/bot_hasta_2026-09-22.log.gz,05:19:12,APERTURA,SHORT,1,7410.00,,7407.00,,,,,,
logs_viejos/bot_hasta_2026-09-22.log.gz,05:46:20,CIERRE,SHORT,,7410.00,7409.75,,,,,,+1.25,CRUCE CONTRARIO
logs_viejos/bot_hasta_2026-09-22.log.gz,05:46:21,APERTURA,LONG,1,7409.75,,7412.75,,,,,,
logs_viejos/bot_hasta_2026-09-22.log.gz,05:47:01,CIERRE,LONG,,7409.75,7409.25,,,,,,-2.50,CRUCE CONTRARIO
logs_viejos/bot_hasta_2026-09-22.log.gz,05:47:02,APERTURA,SHORT,1,7409.25,,7406.25,,,,,,
logs_viejos/bot_hasta_2026-09-22.log.gz,05:49:01,CIERRE,SHORT,,7409.25,7410.00,,,,,,-3.75,CRUCE CONTRARIO
logs_viejos/bot_hasta_2026-09-22.log.gz,05:49:02,APERTURA,LONG,1,7410.00,,7413.00,,,,,,
logs_viejos/bot_hasta_2026-09-22.log.gz,05:50:01,CIERRE,LONG,,7410.00,7410.25,,,,,,+1.25,CRUCE CONTRARIO
logs_viejos/bot_hasta_2026-09-22.log.gz,05:50:02,APERTURA,SHORT,1,7410.25,,7407.25,,,,,,
logs_viejos/bot_hasta_2026-09-22.log.gz,05:51:54,CIERRE,SHORT,,7410.25,7406.50,,,,,,+18.75,TAKE PROFIT
logs_viejos/bot_hasta_2026-09-22.log.gz,05:52:06,APERTURA,LONG,1,7407.50,,7410.50,,,,,,
logs_viejos/bot_hasta_2026-09-22.log.gz,05:53:01,CIERRE,LONG,,7407.50,7407.00,,,,,,-2.50,CRUCE CONTRARIO
logs_viejos/bot_hasta_2026-09-22.log.gz,05:53:02,APERTURA,SHORT,1,7407.00,,7404.00,,,,,,
logs_viejos/bot_hasta_2026-09-22.log.gz,05:54:01,CIERRE,SHORT,,7407.00,7407.25,,,,,,-1.25,CRUCE CONTRARIO
logs_viejos/bot_hasta_2026-09-22.log.gz,05:54:02,APERTURA,LONG,1,7407.25,,7410.25,,,,,,
logs_viejos/bot_hasta_2026-09-22.log.gz,05:55:01,CIERRE,LONG,,7407.25,7407.00,,,,,,-1.25,CRUCE CONTRARIO
logs_viejos/bot_hasta_2026-09-22.log.gz,05:55:02,APERTURA,SHORT,1,7407.00,,7404.00,,,,,,
logs_viejos/bot_hasta_2026-09-22.log.gz,05:56:01,CIERRE,SHORT,,7407.00,7408.75,,,,,,-8.75,CRUCE CONTRARIO
logs_viejos/bot_hasta_2026-09-22.log.gz,05:56:02,APERTURA,LONG,1,7408.75,,7411.75,,,,,,
logs_viejos/bot_hasta_2026-09-22.log.gz,05:57:01,CIERRE,LONG,,7408.75,7406.50,,,,,,-11.25,CRUCE CONTRARIO
logs_viejos/bot_hasta_2026-09-22.log.gz,05:57:02,APERTURA,SHORT,1,7406.50,,7403.50,,,,,,
logs_viejos/bot_hasta_2026-09-22.log.gz,05:58:01,CIERRE,SHORT,,7406.50,7406.00,,,,,,+2.50,CRUCE CONTRARIO
logs_viejos/bot_hasta_2026-09-22.log.gz,05:58:02,APERTURA,LONG,1,7406.00,,7409.00,,,,,,
logs_viejos/bot_hasta_2026-09-22.log.gz,06:00:01,CIERRE,LONG,,7406.00,7406.25,,,,,,+1.25,CRUCE CONTRARIO
logs_viejos/bot_hasta_2026-09-22.log.gz,06:00:02,APERTURA,SHORT,1,7406.25,,7403.25,,,,,,
logs_viejos/bot_hasta_2026-09-22.log.gz,06:01:01,CIERRE,SHORT,,7406.25,7406.50,,,,,,-1.25,CRUCE CONTRARIO
logs_viejos/bot_hasta_2026-09-22.log.gz,06:01:02,APERTURA,LONG,1,7406.50,,7409.50,,,,,,
logs_viejos/bot_hasta_2026-09-22.log.gz,06:02:01,CIERRE,LONG,,7406.50,7406.50,,,,,,+0.00,CRUCE CONTRARIO
logs_viejos/bot_hasta_2026-09-22.log.gz,06:02:02,APERTURA,SHORT,1,7406.50,,7403.50,,,,,,
logs_viejos/bot_hasta_2026-09-22.log.gz,06:03:01,CIERRE,SHORT,,7406.50,7407.25,,,,,,-3.75,CRUCE CONTRARIO
logs_viejos/bot_hasta_2026-09-22.log.gz,06:03:02,APERTURA,LONG,1,7407.25,,7410.25,,,,,,
logs_viejos/bot_hasta_2026-09-22.log.gz,06:04:01,CIERRE,LONG,,7407.25,7407.50,,,,,,+1.25,CRUCE CONTRARIO
logs_viejos/bot_hasta_2026-09-22.log.gz,06:04:02,APERTURA,SHORT,1,7407.50,,7404.50,,,,,,
logs_viejos/bot_hasta_2026-09-22.log.gz,06:05:01,CIERRE,SHORT,,7407.50,7407.75,,,,,,-1.25,CRUCE CONTRARIO
logs_viejos/bot_hasta_2026-09-22.log.gz,06:05:02,APERTURA,LONG,1,7407.75,,7410.75,,,,,,
logs_viejos/bot_hasta_2026-09-22.log.gz,06:06:01,CIERRE,LONG,,7407.75,7407.25,,,,,,-2.50,CRUCE CONTRARIO
logs_viejos/bot_hasta_2026-09-22.log.gz,06:06:02,APERTURA,SHORT,1,7407.25,,7404.25,,,,,,
logs_viejos/bot_hasta_2026-09-22.log.gz,06:07:01,CIERRE,SHORT,,7407.25,7407.25,,,,,,+0.00,CRUCE CONTRARIO
logs_viejos/bot_hasta_2026-09-22.log.gz,06:07:02,APERTURA,LONG,1,7407.25,,7410.25,,,,,,
logs_viejos/bot_hasta_2026-09-22.log.gz,06:09:01,CIERRE,LONG,,7407.25,7409.00,,,,,,+8.75,CRUCE CONTRARIO
logs_viejos/bot_hasta_2026-09-22.log.gz,06:09:02,APERTURA,SHORT,1,7409.00,,7406.00,,,,,,
logs_viejos/bot_hasta_2026-09-22.log.gz,06:10:01,CIERRE,SHORT,,7409.00,7409.75,,,,,,-3.75,CRUCE CONTRARIO
logs_viejos/bot_hasta_2026-09-22.log.gz,06:10:02,APERTURA,LONG,1,7409.75,,7412.75,,,,,,
logs_viejos/bot_hasta_2026-09-22.log.gz,06:11:01,CIERRE,LONG,,7409.75,7408.75,,,,,,-5.00,CRUCE CONTRARIO
logs_viejos/bot_hasta_2026-09-22.log.gz,06:11:02,APERTURA,SHORT,1,7408.75,,7405.75,,,,,,
logs_viejos/bot_hasta_2026-09-22.log.gz,06:12:01,CIERRE,SHORT,,7408.75,7408.25,,,,,,+2.50,CRUCE CONTRARIO
logs_viejos/bot_hasta_2026-09-22.log.gz,06:12:02,APERTURA,LONG,1,7408.25,,7411.25,,,,,,
logs_viejos/bot_hasta_2026-09-22.log.gz,06:13:01,CIERRE,LONG,,7408.25,7409.25,,,,,,+5.00,CRUCE CONTRARIO
logs_viejos/bot_hasta_2026-09-22.log.gz,06:13:03,APERTURA,SHORT,1,7409.25,,7406.25,,,,,,
logs_viejos/bot_hasta_2026-09-22.log.gz,06:14:01,CIERRE,SHORT,,7409.25,7410.25,,,,,,-5.00,CRUCE CONTRARIO
logs_viejos/bot_hasta_2026-09-22.log.gz,06:14:02,APERTURA,LONG,1,7410.25,,7413.25,,,,,,
logs_viejos/bot_hasta_2026-09-22.log.gz,06:15:01,CIERRE,LONG,,7410.25,7409.50,,,,,,-3.75,CRUCE CONTRARIO
logs_viejos/bot_hasta_2026-09-22.log.gz,06:15:02,APERTURA,SHORT,1,7409.50,,7406.50,,,,,,
logs_viejos/bot_hasta_2026-09-22.log.gz,06:15:57,CIERRE,SHORT,,7409.50,7406.00,,,,,,+17.50,TAKE PROFIT
logs_viejos/bot_hasta_2026-09-22.log.gz,06:16:20,APERTURA,LONG,1,7405.50,,7408.50,,,,,,
logs_viejos/bot_hasta_2026-09-22.log.gz,06:17:01,CIERRE,LONG,,7405.50,7405.50,,,,,,+0.00,CRUCE CONTRARIO
logs_viejos/bot_hasta_2026-09-22.log.gz,06:17:02,APERTURA,SHORT,1,7405.50,,7402.50,,,,,,
logs_viejos/bot_hasta_2026-09-22.log.gz,06:18:01,CIERRE,SHORT,,7405.50,7405.00,,,,,,+2.50,CRUCE CONTRARIO
logs_viejos/bot_hasta_2026-09-22.log.gz,06:18:02,APERTURA,LONG,1,7405.00,,7408.00,,,,,,
logs_viejos/bot_hasta_2026-09-22.log.gz,06:19:01,CIERRE,LONG,,7405.00,7405.25,,,,,,+1.25,CRUCE CONTRARIO
logs_viejos/bot_hasta_2026-09-22.log.gz,06:19:02,APERTURA,SHORT,1,7405.25,,7402.25,,,,,,
logs_viejos/bot_hasta_2026-09-22.log.gz,06:20:01,CIERRE,SHORT,,7405.25,7405.25,,,,,,+0.00,CRUCE CONTRARIO
logs_viejos/bot_hasta_2026-09-22.log.gz,06:20:02,APERTURA,LONG,1,7405.25,,7408.25,,,,,,
logs_viejos/bot_hasta_2026-09-22.log.gz,06:21:01,CIERRE,LONG,,7405.25,7406.75,,,,,,+7.50,CRUCE CONTRARIO
logs_viejos/bot_hasta_2026-09-22.log.gz,06:21:02,APERTURA,SHORT,1,7406.75,,7403.75,,,,,,
logs_viejos/bot_hasta_2026-09-22.log.gz,06:22:01,CIERRE,SHORT,,7406.75,7406.50,,,,,,+1.25,CRUCE CONTRARIO
logs_viejos/bot_hasta_2026-09-22.log.gz,06:22:02,APERTURA,LONG,1,7406.50,,7409.50,,,,,,
logs_viejos/bot_hasta_2026-09-22.log.gz,06:23:00,CIERRE,LONG,,7406.50,7407.25,,,,,,+3.75,CRUCE CONTRARIO
logs_viejos/bot_hasta_2026-09-22.log.gz,06:23:01,APERTURA,SHORT,1,7407.25,,7404.25,,,,,,
logs_viejos/bot_hasta_2026-09-22.log.gz,00:11:41,CIERRE,SHORT,,7407.25,7429.50,,,,,,-111.25,STOP LOSS
logs_viejos/bot_hasta_2026-09-22.log.gz,00:28:35,APERTURA,SHORT,1,7428.25,,7425.25,,,,,,
logs_viejos/bot_hasta_2026-09-22.log.gz,00:45:46,CIERRE,SHORT,,7428.25,7433.50,,,,,,-26.25,STOP LOSS
logs_viejos/bot_hasta_2026-09-22.log.gz,03:15:11,APERTURA,SHORT,1,7440.00,,7437.00,,,,,,
logs_viejos/bot_hasta_2026-09-22.log.gz,04:15:53,CIERRE,SHORT,,7440.00,7436.75,,,,,,+16.25,TAKE PROFIT
logs_viejos/bot_hasta_2026-09-22.log.gz,04:16:15,APERTURA,LONG,1,7438.00,,7441.00,,,,,,
logs_viejos/bot_hasta_2026-09-22.log.gz,05:16:54,CIERRE,LONG,,7438.00,7446.00,,,,,,+40.00,TAKE PROFIT
logs_viejos/bot_hasta_2026-09-22.log.gz,08:02:53,APERTURA,SHORT,1,7442.75,,7439.75,,,,,,
logs_viejos/bot_hasta_2026-09-22.log.gz,08:04:00,CIERRE,SHORT,,7442.75,7443.00,,,,,,-1.25,CRUCE CONTRARIO
logs_viejos/bot_hasta_2026-09-22.log.gz,08:04:01,APERTURA,LONG,1,7443.00,,7446.00,,,,,,
logs_viejos/bot_hasta_2026-09-22.log.gz,08:05:01,CIERRE,LONG,,7443.00,7443.00,,,,,,+0.00,CRUCE CONTRARIO
logs_viejos/bot_hasta_2026-09-22.log.gz,08:05:02,APERTURA,SHORT,1,7443.00,,7440.00,,,,,,
logs_viejos/bot_hasta_2026-09-22.log.gz,08:07:01,CIERRE,SHORT,,7443.00,7442.25,,,,,,+3.75,CRUCE CONTRARIO
logs_viejos/bot_hasta_2026-09-22.log.gz,08:07:02,APERTURA,LONG,1,7442.25,,7445.25,,,,,,
logs_viejos/bot_hasta_2026-09-22.log.gz,08:09:01,CIERRE,LONG,,7442.25,7441.25,,,,,,-5.00,CRUCE CONTRARIO
logs_viejos/bot_hasta_2026-09-22.log.gz,08:09:02,APERTURA,SHORT,1,7441.25,,7438.25,,,,,,
logs_viejos/bot_hasta_2026-09-22.log.gz,08:10:01,CIERRE,SHORT,,7441.25,7442.75,,,,,,-7.50,CRUCE CONTRARIO
logs_viejos/bot_hasta_2026-09-22.log.gz,08:10:02,APERTURA,LONG,1,7442.75,,7445.75,,,,,,
logs_viejos/bot_hasta_2026-09-22.log.gz,08:12:01,CIERRE,LONG,,7442.75,7444.25,,,,,,+7.50,CRUCE CONTRARIO
logs_viejos/bot_hasta_2026-09-22.log.gz,08:12:02,APERTURA,SHORT,1,7444.25,,7441.25,,,,,,
logs_viejos/bot_hasta_2026-09-22.log.gz,08:13:01,CIERRE,SHORT,,7444.25,7443.75,,,,,,+2.50,CRUCE CONTRARIO
logs_viejos/bot_hasta_2026-09-22.log.gz,08:13:02,APERTURA,LONG,1,7443.75,,7446.75,,,,,,
logs_viejos/bot_hasta_2026-09-22.log.gz,08:14:00,CIERRE,LONG,,7443.75,7442.75,,,,,,-5.00,CRUCE CONTRARIO
logs_viejos/bot_hasta_2026-09-22.log.gz,08:14:01,APERTURA,SHORT,1,7442.75,,7439.75,,,,,,
logs_viejos/bot_hasta_2026-09-22.log.gz,08:16:01,CIERRE,SHORT,,7442.75,7440.50,,,,,,+11.25,CRUCE CONTRARIO
logs_viejos/bot_hasta_2026-09-22.log.gz,08:16:02,APERTURA,LONG,1,7440.50,,7443.50,,,,,,
logs_viejos/bot_hasta_2026-09-22.log.gz,08:17:01,CIERRE,LONG,,7440.50,7440.25,,,,,,-1.25,CRUCE CONTRARIO
logs_viejos/bot_hasta_2026-09-22.log.gz,08:17:02,APERTURA,SHORT,1,7440.25,,7437.25,,,,,,
logs_viejos/bot_hasta_2026-09-22.log.gz,08:18:01,CIERRE,SHORT,,7440.25,7439.00,,,,,,+6.25,CRUCE CONTRARIO
logs_viejos/bot_hasta_2026-09-22.log.gz,08:18:02,APERTURA,LONG,1,7439.00,,7442.00,,,,,,
logs_viejos/bot_hasta_2026-09-22.log.gz,08:19:01,CIERRE,LONG,,7439.00,7440.00,,,,,,+5.00,CRUCE CONTRARIO
logs_viejos/bot_hasta_2026-09-22.log.gz,08:19:02,APERTURA,SHORT,1,7440.00,,7437.00,,,,,,
logs_viejos/bot_hasta_2026-09-22.log.gz,08:20:01,CIERRE,SHORT,,7440.00,7441.00,,,,,,-5.00,CRUCE CONTRARIO
logs_viejos/bot_hasta_2026-09-22.log.gz,08:20:02,APERTURA,LONG,1,7441.00,,7444.00,,,,,,
logs_viejos/bot_hasta_2026-09-22.log.gz,08:21:01,CIERRE,LONG,,7441.00,7440.00,,,,,,-5.00,CRUCE CONTRARIO
logs_viejos/bot_hasta_2026-09-22.log.gz,08:21:02,APERTURA,SHORT,1,7440.00,,7437.00,,,,,,
logs_viejos/bot_hasta_2026-09-22.log.gz,08:22:00,CIERRE,SHORT,,7440.00,7439.25,,,,,,+3.75,CRUCE CONTRARIO
logs_viejos/bot_hasta_2026-09-22.log.gz,08:22:01,APERTURA,LONG,1,7439.25,,7442.25,,,,,,
logs_viejos/bot_hasta_2026-09-22.log.gz,08:23:01,CIERRE,LONG,,7439.25,7439.75,,,,,,+2.50,CRUCE CONTRARIO
logs_viejos/bot_hasta_2026-09-22.log.gz,08:23:02,APERTURA,SHORT,1,7439.75,,7436.75,,,,,,
logs_viejos/bot_hasta_2026-09-22.log.gz,08:24:01,CIERRE,SHORT,,7439.75,7440.50,,,,,,-3.75,CRUCE CONTRARIO
logs_viejos/bot_hasta_2026-09-22.log.gz,08:24:02,APERTURA,LONG,1,7440.50,,7443.50,,,,,,
logs_viejos/bot_hasta_2026-09-22.log.gz,08:25:01,CIERRE,LONG,,7440.50,7440.75,,,,,,+1.25,CRUCE CONTRARIO
logs_viejos/bot_hasta_2026-09-22.log.gz,08:25:02,APERTURA,SHORT,1,7440.75,,7437.75,,,,,,
logs_viejos/bot_hasta_2026-09-22.log.gz,08:26:01,CIERRE,SHORT,,7440.75,7441.00,,,,,,-1.25,CRUCE CONTRARIO
logs_viejos/bot_hasta_2026-09-22.log.gz,08:26:02,APERTURA,LONG,1,7441.00,,7444.00,,,,,,
logs_viejos/bot_hasta_2026-09-22.log.gz,08:27:01,CIERRE,LONG,,7441.00,7441.25,,,,,,+1.25,CRUCE CONTRARIO
logs_viejos/bot_hasta_2026-09-22.log.gz,08:27:02,APERTURA,SHORT,1,7441.25,,7438.25,,,,,,
logs_viejos/bot_hasta_2026-09-22.log.gz,08:28:01,CIERRE,SHORT,,7441.25,7441.25,,,,,,+0.00,CRUCE CONTRARIO
logs_viejos/bot_hasta_2026-09-22.log.gz,08:28:02,APERTURA,LONG,1,7441.25,,7444.25,,,,,,
logs_viejos/bot_hasta_2026-09-22.log.gz,08:29:01,CIERRE,LONG,,7441.25,7440.25,,,,,,-5.00,CRUCE CONTRARIO
logs_viejos/bot_hasta_2026-09-22.log.gz,08:29:02,APERTURA,SHORT,1,7440.25,,7437.25,,,,,,
logs_viejos/bot_hasta_2026-09-22.log.gz,08:30:01,CIERRE,SHORT,,7440.25,7439.75,,,,,,+2.50,CRUCE CONTRARIO
logs_viejos/bot_hasta_2026-09-22.log.gz,08:30:02,APERTURA,LONG,1,7439.75,,7442.75,,,,,,
logs_viejos/bot_hasta_2026-09-22.log.gz,08:31:01,CIERRE,LONG,,7439.75,7440.75,,,,,,+5.00,CRUCE CONTRARIO
logs_viejos/bot_hasta_2026-09-22.log.gz,08:31:02,APERTURA,SHORT,1,7440.75,,7437.75,,,,,,
logs_viejos/bot_hasta_2026-09-22.log.gz,08:32:01,CIERRE,SHORT,,7440.75,7440.25,,,,,,+2.50,CRUCE CONTRARIO
logs_viejos/bot_hasta_2026-09-22.log.gz,08:32:02,APERTURA,LONG,1,7440.25,,7443.25,,,,,,
logs_viejos/bot_hasta_2026-09-22.log.gz,08:33:01,CIERRE,LONG,,7440.25,7439.25,,,,,,-5.00,CRUCE CONTRARIO
logs_viejos/bot_hasta_2026-09-22.log.gz,08:33:02,APERTURA,SHORT,1,7439.25,,7436.25,,,,,,
logs_viejos/bot_hasta_2026-09-22.log.gz,08:34:01,CIERRE,SHORT,,7439.25,7438.75,,,,,,+2.50,CRUCE CONTRARIO
logs_viejos/bot_hasta_2026-09-22.log.gz,08:34:02,APERTURA,LONG,1,7438.75,,7441.75,,,,,,
logs_viejos/bot_hasta_2026-09-22.log.gz,08:35:01,CIERRE,LONG,,7438.75,7439.25,,,,,,+2.50,CRUCE CONTRARIO
logs_viejos/bot_hasta_2026-09-22.log.gz,08:35:02,APERTURA,SHORT,1,7439.25,,7436.25,,,,,,
logs_viejos/bot_hasta_2026-09-22.log.gz,08:36:01,CIERRE,SHORT,,7439.25,7439.25,,,,,,+0.00,CRUCE CONTRARIO
logs_viejos/bot_hasta_2026-09-22.log.gz,08:36:02,APERTURA,LONG,1,7439.25,,7442.25,,,,,,
logs_viejos/bot_hasta_2026-09-22.log.gz,08:37:00,CIERRE,LONG,,7439.25,7439.50,,,,,,+1.25,CRUCE CONTRARIO
logs_viejos/bot_hasta_2026-09-22.log.gz,08:37:01,APERTURA,SHORT,1,7439.50,,7436.50,,,,,,
logs_viejos/bot_hasta_2026-09-22.log.gz,08:38:01,CIERRE,SHORT,,7439.50,7439.75,,,,,,-1.25,CRUCE CONTRARIO
logs_viejos/bot_hasta_2026-09-22.log.gz,08:38:02,APERTURA,LONG,1,7439.75,,7442.75,,,,,,
logs_viejos/bot_hasta_2026-09-22.log.gz,08:41:01,CIERRE,LONG,,7439.75,7440.75,,,,,,+5.00,CRUCE CONTRARIO
logs_viejos/bot_hasta_2026-09-22.log.gz,08:41:02,APERTURA,SHORT,1,7440.75,,7437.75,,,,,,
logs_viejos/bot_hasta_2026-09-22.log.gz,08:42:01,CIERRE,SHORT,,7440.75,7441.75,,,,,,-5.00,CRUCE CONTRARIO
logs_viejos/bot_hasta_2026-09-22.log.gz,08:42:02,APERTURA,LONG,1,7441.75,,7444.75,,,,,,
logs_viejos/bot_hasta_2026-09-22.log.gz,08:43:01,CIERRE,LONG,,7441.75,7442.25,,,,,,+2.50,CRUCE CONTRARIO
logs_viejos/bot_hasta_2026-09-22.log.gz,08:43:02,APERTURA,SHORT,1,7442.25,,7439.25,,,,,,
logs_viejos/bot_hasta_2026-09-22.log.gz,08:44:01,CIERRE,SHORT,,7442.25,7442.75,,,,,,-2.50,CRUCE CONTRARIO
logs_viejos/bot_hasta_2026-09-22.log.gz,08:44:02,APERTURA,LONG,1,7442.75,,7445.75,,,,,,
logs_viejos/bot_hasta_2026-09-22.log.gz,08:45:01,CIERRE,LONG,,7442.75,7443.50,,,,,,+3.75,CRUCE CONTRARIO
logs_viejos/bot_hasta_2026-09-22.log.gz,08:45:02,APERTURA,SHORT,1,7443.50,,7440.50,,,,,,
logs_viejos/bot_hasta_2026-09-22.log.gz,08:46:01,CIERRE,SHORT,,7443.50,7443.50,,,,,,+0.00,CRUCE CONTRARIO
logs_viejos/bot_hasta_2026-09-22.log.gz,08:46:02,APERTURA,LONG,1,7443.50,,7446.50,,,,,,
logs_viejos/bot_hasta_2026-09-22.log.gz,08:48:01,CIERRE,LONG,,7443.50,7442.75,,,,,,-3.75,CRUCE CONTRARIO
logs_viejos/bot_hasta_2026-09-22.log.gz,08:48:02,APERTURA,SHORT,1,7442.75,,7439.75,,,,,,
logs_viejos/bot_hasta_2026-09-22.log.gz,08:49:01,CIERRE,SHORT,,7442.75,7443.25,,,,,,-2.50,CRUCE CONTRARIO
logs_viejos/bot_hasta_2026-09-22.log.gz,08:49:02,APERTURA,LONG,1,7443.25,,7446.25,,,,,,
logs_viejos/bot_hasta_2026-09-22.log.gz,08:50:01,CIERRE,LONG,,7443.25,7442.25,,,,,,-5.00,CRUCE CONTRARIO
logs_viejos/bot_hasta_2026-09-22.log.gz,08:50:02,APERTURA,SHORT,1,7442.25,,7439.25,,,,,,
logs_viejos/bot_hasta_2026-09-22.log.gz,08:51:01,CIERRE,SHORT,,7442.25,7441.75,,,,,,+2.50,CRUCE CONTRARIO
logs_viejos/bot_hasta_2026-09-22.log.gz,08:51:02,APERTURA,LONG,1,7441.75,,7444.75,,,,,,
logs_viejos/bot_hasta_2026-09-22.log.gz,08:52:01,CIERRE,LONG,,7441.75,7441.50,,,,,,-1.25,CRUCE CONTRARIO
logs_viejos/bot_hasta_2026-09-22.log.gz,08:52:02,APERTURA,SHORT,1,7441.50,,7438.50,,,,,,
logs_viejos/bot_hasta_2026-09-22.log.gz,08:53:01,CIERRE,SHORT,,7441.50,7442.00,,,,,,-2.50,CRUCE CONTRARIO
logs_viejos/bot_hasta_2026-09-22.log.gz,08:53:02,APERTURA,LONG,1,7442.00,,7445.00,,,,,,
logs_viejos/bot_hasta_2026-09-22.log.gz,08:54:01,CIERRE,LONG,,7442.00,7442.25,,,,,,+1.25,CRUCE CONTRARIO
logs_viejos/bot_hasta_2026-09-22.log.gz,08:54:02,APERTURA,SHORT,1,7442.25,,7439.25,,,,,,
logs_viejos/bot_hasta_2026-09-22.log.gz,08:55:01,CIERRE,SHORT,,7442.25,7442.25,,,,,,+0.00,CRUCE CONTRARIO
logs_viejos/bot_hasta_2026-09-22.log.gz,08:55:02,APERTURA,LONG,1,7442.25,,7445.25,,,,,,
logs_viejos/bot_hasta_2026-09-22.log.gz,08:57:01,CIERRE,LONG,,7442.25,7442.25,,,,,,+0.00,CRUCE CONTRARIO
logs_viejos/bot_hasta_2026-09-22.log.gz,08:57:02,APERTURA,SHORT,1,7442.25,,7439.25,,,,,,
logs_viejos/bot_hasta_2026-09-22.log.gz,00:13:51,APERTURA,SHORT,1,7480.50,,7477.50,,,,,,
logs_viejos/bot_hasta_2026-09-22.log.gz,00:14:01,CIERRE,SHORT,,7480.50,7480.75,,,,,,-1.25,CRUCE CONTRARIO
logs_viejos/bot_hasta_2026-09-22.log.gz,00:14:02,APERTURA,LONG,1,7480.75,,7483.75,,,,,,
logs_viejos/bot_hasta_2026-09-22.log.gz,01:21:23,CIERRE,LONG,,7480.75,7475.00,,,,,,-28.75,STOP LOSS
logs_viejos/bot_hasta_2026-09-22.log.gz,01:38:40,APERTURA,LONG,1,7477.75,,7480.75,,,,,,
logs_viejos/bot_hasta_2026-09-22.log.gz,02:13:42,CIERRE,LONG,,7477.75,7477.50,,,,,,-1.25,CRUCE CONTRARIO
logs_viejos/bot_hasta_2026-09-22.log.gz,02:29:34,APERTURA,SHORT,1,7477.50,,7474.50,,,,,,
logs_viejos/bot_hasta_2026-09-22.log.gz,02:29:37,CIERRE,SHORT,,7477.50,7473.75,,,,,,+18.75,TAKE PROFIT
logs_viejos/bot_hasta_2026-09-22.log.gz,02:30:00,APERTURA,LONG,1,7474.50,,7477.50,,,,,,
logs_viejos/bot_hasta_2026-09-22.log.gz,02:58:58,CIERRE,LONG,,7474.50,7480.75,,,,,,+31.25,TAKE PROFIT
logs_viejos/bot_hasta_2026-09-22.log.gz,04:16:18,APERTURA,SHORT,1,7483.75,,7480.75,,,,,,
logs_viejos/bot_hasta_2026-09-22.log.gz,04:49:34,CIERRE,SHORT,,7483.75,7487.50,,,,,,-18.75,STOP LOSS
logs_viejos/bot_hasta_2026-09-22.log.gz,04:49:58,APERTURA,SHORT,1,7487.25,,7484.25,,,,,,
logs_viejos/bot_hasta_2026-09-22.log.gz,04:51:00,CIERRE,SHORT,,7487.25,7487.25,,,,,,+0.00,CRUCE CONTRARIO
logs_viejos/bot_hasta_2026-09-22.log.gz,04:51:02,APERTURA,LONG,1,7487.25,,7490.25,,,,,,
logs_viejos/bot_hasta_2026-09-22.log.gz,05:00:34,CIERRE,LONG,,7487.25,7485.75,,,,,,-7.50,CRUCE CONTRARIO
logs_viejos/bot_hasta_2026-09-22.log.gz,05:00:35,APERTURA,SHORT,1,7485.75,,7482.75,,,,,,
logs_viejos/bot_hasta_2026-09-22.log.gz,05:16:23,CIERRE,SHORT,,7485.75,7478.50,,,,,,+36.25,TAKE PROFIT
logs_viejos/bot_hasta_2026-09-22.log.gz,05:32:43,APERTURA,LONG,1,7488.25,,7491.25,,,,,,
logs_viejos/bot_hasta_2026-09-22.log.gz,06:02:01,CIERRE,LONG,,7488.25,7486.00,,,,,,-11.25,CRUCE CONTRARIO
logs_viejos/bot_hasta_2026-09-22.log.gz,06:02:02,APERTURA,SHORT,1,7486.00,,7483.00,,,,,,
logs_viejos/bot_hasta_2026-09-22.log.gz,06:18:01,CIERRE,SHORT,,7486.00,7487.25,,,,,,-6.25,CRUCE CONTRARIO
logs_viejos/bot_hasta_2026-09-22.log.gz,06:18:02,APERTURA,LONG,1,7487.25,,7490.25,,,,,,
logs_viejos/bot_hasta_2026-09-22.log.gz,06:19:01,CIERRE,LONG,,7487.25,7488.50,,,,,,+6.25,CRUCE CONTRARIO
logs_viejos/bot_hasta_2026-09-22.log.gz,06:19:02,APERTURA,SHORT,1,7488.50,,7485.50,,,,,,
logs_viejos/bot_hasta_2026-09-22.log.gz,06:20:01,CIERRE,SHORT,,7488.50,7488.00,,,,,,+2.50,CRUCE CONTRARIO
logs_viejos/bot_hasta_2026-09-22.log.gz,06:20:02,APERTURA,LONG,1,7488.00,,7491.00,,,,,,
logs_viejos/bot_hasta_2026-09-22.log.gz,06:20:23,CIERRE,LONG,,7488.00,7484.25,,,,,,-18.75,STOP LOSS
logs_viejos/bot_hasta_2026-09-22.log.gz,06:20:46,APERTURA,LONG,1,7485.00,,7488.00,,,,,,
logs_viejos/bot_hasta_2026-09-22.log.gz,06:22:01,CIERRE,LONG,,7485.00,7485.00,,,,,,+0.00,CRUCE CONTRARIO
logs_viejos/bot_hasta_2026-09-22.log.gz,06:22:02,APERTURA,SHORT,1,7485.00,,7482.00,,,,,,
logs_viejos/bot_hasta_2026-09-22.log.gz,06:23:01,CIERRE,SHORT,,7485.00,7485.75,,,,,,-3.75,CRUCE CONTRARIO
logs_viejos/bot_hasta_2026-09-22.log.gz,06:23:02,APERTURA,LONG,1,7485.75,,7488.75,,,,,,
logs_viejos/bot_hasta_2026-09-22.log.gz,06:24:01,CIERRE,LONG,,7485.75,7485.25,,,,,,-2.50,CRUCE CONTRARIO
logs_viejos/bot_hasta_2026-09-22.log.gz,06:24:02,APERTURA,SHORT,1,7485.25,,7482.25,,,,,,
logs_viejos/bot_hasta_2026-09-22.log.gz,06:25:01,CIERRE,SHORT,,7485.25,7485.50,,,,,,-1.25,CRUCE CONTRARIO
logs_viejos/bot_hasta_2026-09-22.log.gz,06:25:02,APERTURA,LONG,1,7485.50,,7488.50,,,,,,
logs_viejos/bot_hasta_2026-09-22.log.gz,06:26:01,CIERRE,LONG,,7485.50,7485.50,,,,,,+0.00,CRUCE CONTRARIO
logs_viejos/bot_hasta_2026-09-22.log.gz,06:26:02,APERTURA,SHORT,1,7485.50,,7482.50,,,,,,
logs_viejos/bot_hasta_2026-09-22.log.gz,06:27:01,CIERRE,SHORT,,7485.50,7485.25,,,,,,+1.25,CRUCE CONTRARIO
logs_viejos/bot_hasta_2026-09-22.log.gz,06:27:02,APERTURA,LONG,1,7485.25,,7488.25,,,,,,
logs_viejos/bot_hasta_2026-09-22.log.gz,06:28:01,CIERRE,LONG,,7485.25,7484.00,,,,,,-6.25,CRUCE CONTRARIO
logs_viejos/bot_hasta_2026-09-22.log.gz,06:28:02,APERTURA,SHORT,1,7484.00,,7481.00,,,,,,
logs_viejos/bot_hasta_2026-09-22.log.gz,06:29:01,CIERRE,SHORT,,7484.00,7484.25,,,,,,-1.25,CRUCE CONTRARIO
logs_viejos/bot_hasta_2026-09-22.log.gz,06:29:02,APERTURA,LONG,1,7484.25,,7487.25,,,,,,
logs_viejos/bot_hasta_2026-09-22.log.gz,06:30:01,CIERRE,LONG,,7484.25,7484.50,,,,,,+1.25,CRUCE CONTRARIO
logs_viejos/bot_hasta_2026-09-22.log.gz,06:30:02,APERTURA,SHORT,1,7484.50,,7481.50,,,,,,
logs_viejos/bot_hasta_2026-09-22.log.gz,06:32:01,CIERRE,SHORT,,7484.50,7485.25,,,,,,-3.75,CRUCE CONTRARIO
logs_viejos/bot_hasta_2026-09-22.log.gz,06:32:02,APERTURA,LONG,1,7485.25,,7488.25,,,,,,
logs_viejos/bot_hasta_2026-09-22.log.gz,06:33:00,CIERRE,LONG,,7485.25,7485.25,,,,,,+0.00,CRUCE CONTRARIO
logs_viejos/bot_hasta_2026-09-22.log.gz,06:33:01,APERTURA,SHORT,1,7485.25,,7482.25,,,,,,
logs_viejos/bot_hasta_2026-09-22.log.gz,06:34:01,CIERRE,SHORT,,7485.25,7484.50,,,,,,+3.75,CRUCE CONTRARIO
logs_viejos/bot_hasta_2026-09-22.log.gz,06:34:02,APERTURA,LONG,1,7484.50,,7487.50,,,,,,
logs_viejos/bot_hasta_2026-09-22.log.gz,06:35:01,CIERRE,LONG,,7484.50,7484.00,,,,,,-2.50,CRUCE CONTRARIO
logs_viejos/bot_hasta_2026-09-22.log.gz,06:35:02,APERTURA,SHORT,1,7484.00,,7481.00,,,,,,
logs_viejos/bot_hasta_2026-09-22.log.gz,06:36:01,CIERRE,SHORT,,7484.00,7484.25,,,,,,-1.25,CRUCE CONTRARIO
logs_viejos/bot_hasta_2026-09-22.log.gz,06:36:03,APERTURA,LONG,1,7484.25,,7487.25,,,,,,
logs_viejos/bot_hasta_2026-09-22.log.gz,06:37:01,CIERRE,LONG,,7484.25,7484.75,,,,,,+2.50,CRUCE CONTRARIO
logs_viejos/bot_hasta_2026-09-22.log.gz,06:37:02,APERTURA,SHORT,1,7484.75,,7481.75,,,,,,
logs_viejos/bot_hasta_2026-09-22.log.gz,06:38:01,CIERRE,SHORT,,7484.75,7483.75,,,,,,+5.00,CRUCE CONTRARIO
logs_viejos/bot_hasta_2026-09-22.log.gz,06:38:02,APERTURA,LONG,1,7483.75,,7486.75,,,,,,
logs_viejos/bot_hasta_2026-09-22.log.gz,06:39:01,CIERRE,LONG,,7483.75,7482.50,,,,,,-6.25,CRUCE CONTRARIO
logs_viejos/bot_hasta_2026-09-22.log.gz,06:39:02,APERTURA,SHORT,1,7482.50,,7479.50,,,,,,
logs_viejos/bot_hasta_2026-09-22.log.gz,06:40:01,CIERRE,SHORT,,7482.50,7483.00,,,,,,-2.50,CRUCE CONTRARIO
logs_viejos/bot_hasta_2026-09-22.log.gz,06:40:02,APERTURA,LONG,1,7483.00,,7486.00,,,,,,
logs_viejos/bot_hasta_2026-09-22.log.gz,06:41:01,CIERRE,LONG,,7483.00,7483.25,,,,,,+1.25,CRUCE CONTRARIO
logs_viejos/bot_hasta_2026-09-22.log.gz,06:41:02,APERTURA,SHORT,1,7483.25,,7480.25,,,,,,
logs_viejos/bot_hasta_2026-09-22.log.gz,06:42:01,CIERRE,SHORT,,7483.25,7484.25,,,,,,-5.00,CRUCE CONTRARIO
logs_viejos/bot_hasta_2026-09-22.log.gz,06:42:02,APERTURA,LONG,1,7484.25,,7487.25,,,,,,
logs_viejos/bot_hasta_2026-09-22.log.gz,06:43:01,CIERRE,LONG,,7484.25,7482.75,,,,,,-7.50,CRUCE CONTRARIO
logs_viejos/bot_hasta_2026-09-22.log.gz,06:43:02,APERTURA,SHORT,1,7482.75,,7479.75,,,,,,
logs_viejos/bot_hasta_2026-09-22.log.gz,06:44:01,CIERRE,SHORT,,7482.75,7483.00,,,,,,-1.25,CRUCE CONTRARIO
logs_viejos/bot_hasta_2026-09-22.log.gz,06:44:02,APERTURA,LONG,1,7483.00,,7486.00,,,,,,
logs_viejos/bot_hasta_2026-09-22.log.gz,06:45:01,CIERRE,LONG,,7483.00,7484.25,,,,,,+6.25,CRUCE CONTRARIO
logs_viejos/bot_hasta_2026-09-22.log.gz,06:45:02,APERTURA,SHORT,1,7484.25,,7481.25,,,,,,
logs_viejos/bot_hasta_2026-09-22.log.gz,06:45:04,CIERRE,SHORT,,7484.25,7480.75,,,,,,+17.50,TAKE PROFIT
logs_viejos/bot_hasta_2026-09-22.log.gz,06:45:17,APERTURA,LONG,1,7483.75,,7486.75,,,,,,
logs_viejos/bot_hasta_2026-09-22.log.gz,06:46:01,CIERRE,LONG,,7483.75,7480.75,,,,,,-15.00,STOP LOSS
logs_viejos/bot_hasta_2026-09-22.log.gz,06:46:53,APERTURA,LONG,1,7479.50,,7482.50,,,,,,
logs_viejos/bot_hasta_2026-09-22.log.gz,06:47:59,CIERRE,LONG,,7479.50,7476.25,,,,,,-16.25,STOP LOSS
logs_viejos/bot_hasta_2026-09-22.log.gz,06:48:51,APERTURA,LONG,1,7476.25,,7479.25,,,,,,
logs_viejos/bot_hasta_2026-09-22.log.gz,06:50:01,CIERRE,LONG,,7476.25,7477.50,,,,,,+6.25,CRUCE CONTRARIO
logs_viejos/bot_hasta_2026-09-22.log.gz,06:50:02,APERTURA,SHORT,1,7477.50,,7474.50,,,,,,
logs_viejos/bot_hasta_2026-09-22.log.gz,06:51:01,CIERRE,SHORT,,7477.50,7479.00,,,,,,-7.50,CRUCE CONTRARIO
logs_viejos/bot_hasta_2026-09-22.log.gz,06:51:01,APERTURA,LONG,1,7479.00,,7482.00,,,,,,
logs_viejos/bot_hasta_2026-09-22.log.gz,06:52:00,CIERRE,LONG,,7479.00,7479.75,,,,,,+3.75,CRUCE CONTRARIO
logs_viejos/bot_hasta_2026-09-22.log.gz,06:52:01,APERTURA,SHORT,1,7479.75,,7476.75,,,,,,
logs_viejos/bot_hasta_2026-09-22.log.gz,06:53:02,CIERRE,SHORT,,7479.75,7478.75,,,,,,+5.00,CRUCE CONTRARIO
logs_viejos/bot_hasta_2026-09-22.log.gz,06:53:03,APERTURA,LONG,1,7478.75,,7481.75,,,,,,
logs_viejos/bot_hasta_2026-09-22.log.gz,06:54:01,CIERRE,LONG,,7478.75,7480.75,,,,,,+10.00,CRUCE CONTRARIO
logs_viejos/bot_hasta_2026-09-22.log.gz,06:54:02,APERTURA,SHORT,1,7480.75,,7477.75,,,,,,
logs_viejos/bot_hasta_2026-09-22.log.gz,06:55:01,CIERRE,SHORT,,7480.75,7480.50,,,,,,+1.25,CRUCE CONTRARIO
logs_viejos/bot_hasta_2026-09-22.log.gz,06:55:02,APERTURA,LONG,1,7480.50,,7483.50,,,,,,
logs_viejos/bot_hasta_2026-09-22.log.gz,06:56:01,CIERRE,LONG,,7480.50,7480.75,,,,,,+1.25,CRUCE CONTRARIO
logs_viejos/bot_hasta_2026-09-22.log.gz,06:56:02,APERTURA,SHORT,1,7480.75,,7477.75,,,,,,
logs_viejos/bot_hasta_2026-09-22.log.gz,06:57:01,CIERRE,SHORT,,7480.75,7482.25,,,,,,-7.50,CRUCE CONTRARIO
logs_viejos/bot_hasta_2026-09-22.log.gz,06:57:02,APERTURA,LONG,1,7482.25,,7485.25,,,,,,
logs_viejos/bot_hasta_2026-09-22.log.gz,06:58:01,CIERRE,LONG,,7482.25,7482.25,,,,,,+0.00,CRUCE CONTRARIO
logs_viejos/bot_hasta_2026-09-22.log.gz,06:58:02,APERTURA,SHORT,1,7482.25,,7479.25,,,,,,
logs_viejos/bot_hasta_2026-09-22.log.gz,20:55:32,APERTURA,SHORT,1,7526.00,,7523.00,,,,,,
logs_viejos/bot_hasta_2026-09-22.log.gz,20:57:22,APERTURA,SHORT,1,7525.75,,7522.75,,,,,,
logs_viejos/bot_hasta_2026-09-22.log.gz,20:59:01,CIERRE,SHORT,,7525.75,7524.50,,,,,,+6.25,CRUCE CONTRARIO
logs_viejos/bot_hasta_2026-09-22.log.gz,20:59:02,APERTURA,LONG,1,7524.50,,7527.50,,,,,,
logs_viejos/bot_hasta_2026-09-22.log.gz,21:00:01,CIERRE,LONG,,7524.50,7523.50,,,,,,-5.00,CRUCE CONTRARIO
logs_viejos/bot_hasta_2026-09-22.log.gz,21:00:02,APERTURA,SHORT,1,7523.50,,7520.50,,,,,,
logs_viejos/bot_hasta_2026-09-22.log.gz,21:01:01,CIERRE,SHORT,,7523.50,7522.50,,,,,,+5.00,CRUCE CONTRARIO
logs_viejos/bot_hasta_2026-09-22.log.gz,21:01:02,APERTURA,LONG,1,7522.50,,7525.50,,,,,,
logs_viejos/bot_hasta_2026-09-22.log.gz,21:02:01,CIERRE,LONG,,7522.50,7522.75,,,,,,+1.25,CRUCE CONTRARIO
logs_viejos/bot_hasta_2026-09-22.log.gz,21:02:02,APERTURA,SHORT,1,7522.75,,7519.75,,,,,,
logs_viejos/bot_hasta_2026-09-22.log.gz,21:03:00,CIERRE,SHORT,,7522.75,7523.00,,,,,,-1.25,CRUCE CONTRARIO
logs_viejos/bot_hasta_2026-09-22.log.gz,21:03:02,APERTURA,LONG,1,7523.00,,7526.00,,,,,,
logs_viejos/bot_hasta_2026-09-22.log.gz,21:05:01,CIERRE,LONG,,7523.00,7522.00,,,,,,-5.00,CRUCE CONTRARIO
logs_viejos/bot_hasta_2026-09-22.log.gz,21:05:02,APERTURA,SHORT,1,7522.00,,7519.00,,,,,,
logs_viejos/bot_hasta_2026-09-22.log.gz,21:06:02,CIERRE,SHORT,,7522.00,7521.25,,,,,,+3.75,CRUCE CONTRARIO
logs_viejos/bot_hasta_2026-09-22.log.gz,21:06:03,APERTURA,LONG,1,7521.25,,7524.25,,,,,,
logs_viejos/bot_hasta_2026-09-22.log.gz,21:07:00,CIERRE,LONG,,7521.25,7520.00,,,,,,-6.25,CRUCE CONTRARIO
logs_viejos/bot_hasta_2026-09-22.log.gz,21:07:02,APERTURA,SHORT,1,7520.00,,7517.00,,,,,,
logs_viejos/bot_hasta_2026-09-22.log.gz,21:08:01,CIERRE,SHORT,,7520.00,7519.75,,,,,,+1.25,CRUCE CONTRARIO
logs_viejos/bot_hasta_2026-09-22.log.gz,21:08:02,APERTURA,LONG,1,7519.75,,7522.75,,,,,,
logs_viejos/bot_hasta_2026-09-22.log.gz,21:09:01,CIERRE,LONG,,7519.75,7520.25,,,,,,+2.50,CRUCE CONTRARIO
logs_viejos/bot_hasta_2026-09-22.log.gz,21:09:02,APERTURA,SHORT,1,7520.25,,7517.25,,,,,,
logs_viejos/bot_hasta_2026-09-22.log.gz,21:10:02,CIERRE,SHORT,,7520.25,7521.00,,,,,,-3.75,CRUCE CONTRARIO
logs_viejos/bot_hasta_2026-09-22.log.gz,21:10:03,APERTURA,LONG,1,7521.00,,7524.00,,,,,,
logs_viejos/bot_hasta_2026-09-22.log.gz,21:11:01,CIERRE,LONG,,7521.00,7521.00,,,,,,+0.00,CRUCE CONTRARIO
logs_viejos/bot_hasta_2026-09-22.log.gz,21:11:03,APERTURA,SHORT,1,7521.00,,7518.00,,,,,,
logs_viejos/bot_hasta_2026-09-22.log.gz,21:12:01,CIERRE,SHORT,,7521.00,7517.25,,,,,,+18.75,TAKE PROFIT
logs_viejos/bot_hasta_2026-09-22.log.gz,21:12:14,APERTURA,LONG,1,7518.50,,7521.50,,,,,,
logs_viejos/bot_hasta_2026-09-22.log.gz,21:13:00,CIERRE,LONG,,7518.50,7519.75,,,,,,+6.25,CRUCE CONTRARIO
logs_viejos/bot_hasta_2026-09-22.log.gz,21:13:02,APERTURA,SHORT,1,7519.75,,7516.75,,,,,,
logs_viejos/bot_hasta_2026-09-22.log.gz,21:14:01,CIERRE,SHORT,,7519.75,7520.00,,,,,,-1.25,CRUCE CONTRARIO
logs_viejos/bot_hasta_2026-09-22.log.gz,21:14:02,APERTURA,LONG,1,7520.00,,7523.00,,,,,,
logs_viejos/bot_hasta_2026-09-22.log.gz,21:15:01,CIERRE,LONG,,7520.00,7519.25,,,,,,-3.75,CRUCE CONTRARIO
logs_viejos/bot_hasta_2026-09-22.log.gz,21:15:03,APERTURA,SHORT,1,7519.25,,7516.25,,,,,,
logs_viejos/bot_hasta_2026-09-22.log.gz,21:16:01,CIERRE,SHORT,,7519.25,7519.75,,,,,,-2.50,CRUCE CONTRARIO
logs_viejos/bot_hasta_2026-09-22.log.gz,21:16:02,APERTURA,LONG,1,7519.75,,7522.75,,,,,,
logs_viejos/bot_hasta_2026-09-22.log.gz,21:17:01,CIERRE,LONG,,7519.75,7520.50,,,,,,+3.75,CRUCE CONTRARIO
logs_viejos/bot_hasta_2026-09-22.log.gz,21:17:02,APERTURA,SHORT,1,7520.50,,7517.50,,,,,,
logs_viejos/bot_hasta_2026-09-22.log.gz,21:18:01,CIERRE,SHORT,,7520.50,7521.50,,,,,,-5.00,CRUCE CONTRARIO
logs_viejos/bot_hasta_2026-09-22.log.gz,21:18:02,APERTURA,LONG,1,7521.50,,7524.50,,,,,,
logs_viejos/bot_hasta_2026-09-22.log.gz,21:50:05,CIERRE,LONG,,7521.50,7521.00,,,,,,-2.50,CRUCE CONTRARIO
logs_viejos/bot_hasta_2026-09-22.log.gz,21:50:06,APERTURA,SHORT,1,7521.00,,7518.00,,,,,,
logs_viejos/bot_hasta_2026-09-22.log.gz,22:25:03,CIERRE,SHORT,,7521.00,7514.25,,,,,,+33.75,TAKE PROFIT
logs_viejos/bot_hasta_2026-09-22.log.gz,22:36:04,APERTURA,LONG,1,7511.00,,7514.00,,,,,,
logs_viejos/bot_hasta_2026-09-22.log.gz,22:37:01,CIERRE,LONG,,7511.00,7509.25,,,,,,-8.75,CRUCE CONTRARIO
logs_viejos/bot_hasta_2026-09-22.log.gz,22:37:02,APERTURA,SHORT,1,7509.25,,7506.25,,,,,,
logs_viejos/bot_hasta_2026-09-22.log.gz,22:38:01,CIERRE,SHORT,,7509.25,7507.50,,,,,,+8.75,CRUCE CONTRARIO
logs_viejos/bot_hasta_2026-09-22.log.gz,22:38:02,APERTURA,LONG,1,7507.50,,7510.50,,,,,,
logs_viejos/bot_hasta_2026-09-22.log.gz,22:39:22,CIERRE,LONG,,7507.50,7505.00,,,,,,-12.50,CRUCE CONTRARIO
logs_viejos/bot_hasta_2026-09-22.log.gz,22:39:23,APERTURA,SHORT,1,7505.00,,7502.00,,,,,,
logs_viejos/bot_hasta_2026-09-22.log.gz,22:40:01,CIERRE,SHORT,,7505.00,7505.00,,,,,,+0.00,CRUCE CONTRARIO
logs_viejos/bot_hasta_2026-09-22.log.gz,22:40:02,APERTURA,LONG,1,7505.00,,7508.00,,,,,,
logs_viejos/bot_hasta_2026-09-22.log.gz,22:40:25,CIERRE,LONG,,7505.00,7500.25,,,,,,-23.75,STOP LOSS
logs_viejos/bot_hasta_2026-09-22.log.gz,22:40:41,APERTURA,LONG,1,7501.25,,7504.25,,,,,,
logs_viejos/bot_hasta_2026-09-22.log.gz,22:41:01,CIERRE,LONG,,7501.25,7501.00,,,,,,-1.25,CRUCE CONTRARIO
logs_viejos/bot_hasta_2026-09-22.log.gz,22:41:02,APERTURA,SHORT,1,7501.00,,7498.00,,,,,,
logs_viejos/bot_hasta_2026-09-22.log.gz,22:42:01,CIERRE,SHORT,,7501.00,7499.25,,,,,,+8.75,CRUCE CONTRARIO
logs_viejos/bot_hasta_2026-09-22.log.gz,22:42:02,APERTURA,LONG,1,7499.25,,7502.25,,,,,,
logs_viejos/bot_hasta_2026-09-22.log.gz,22:43:01,CIERRE,LONG,,7499.25,7501.00,,,,,,+8.75,CRUCE CONTRARIO
logs_viejos/bot_hasta_2026-09-22.log.gz,22:43:02,APERTURA,SHORT,1,7501.00,,7498.00,,,,,,
logs_viejos/bot_hasta_2026-09-22.log.gz,22:45:04,CIERRE,SHORT,,7501.00,7502.25,,,,,,-6.25,CRUCE CONTRARIO
logs_viejos/bot_hasta_2026-09-22.log.gz,22:45:07,APERTURA,LONG,1,7502.25,,7505.25,,,,,,
logs_viejos/bot_hasta_2026-09-22.log.gz,22:46:01,CIERRE,LONG,,7502.25,7504.00,,,,,,+8.75,CRUCE CONTRARIO
logs_viejos/bot_hasta_2026-09-22.log.gz,22:46:02,APERTURA,SHORT,1,7504.00,,7501.00,,,,,,
logs_viejos/bot_hasta_2026-09-22.log.gz,22:47:02,CIERRE,SHORT,,7504.00,7506.50,,,,,,-12.50,CRUCE CONTRARIO
logs_viejos/bot_hasta_2026-09-22.log.gz,22:47:03,APERTURA,LONG,1,7506.50,,7509.50,,,,,,
logs_viejos/bot_hasta_2026-09-22.log.gz,22:48:01,CIERRE,LONG,,7506.50,7506.75,,,,,,+1.25,CRUCE CONTRARIO
logs_viejos/bot_hasta_2026-09-22.log.gz,22:48:02,APERTURA,SHORT,1,7506.75,,7503.75,,,,,,
logs_viejos/bot_hasta_2026-09-22.log.gz,22:49:01,CIERRE,SHORT,,7506.75,7505.50,,,,,,+6.25,CRUCE CONTRARIO
logs_viejos/bot_hasta_2026-09-22.log.gz,22:49:02,APERTURA,LONG,1,7505.50,,7508.50,,,,,,
logs_viejos/bot_hasta_2026-09-22.log.gz,22:50:01,CIERRE,LONG,,7505.50,7506.50,,,,,,+5.00,CRUCE CONTRARIO
logs_viejos/bot_hasta_2026-09-22.log.gz,22:50:02,APERTURA,SHORT,1,7506.50,,7503.50,,,,,,
logs_viejos/bot_hasta_2026-09-22.log.gz,22:51:01,CIERRE,SHORT,,7506.50,7506.25,,,,,,+1.25,CRUCE CONTRARIO
logs_viejos/bot_hasta_2026-09-22.log.gz,22:51:02,APERTURA,LONG,1,7506.25,,7509.25,,,,,,
logs_viejos/bot_hasta_2026-09-22.log.gz,22:53:01,CIERRE,LONG,,7506.25,7505.00,,,,,,-6.25,CRUCE CONTRARIO
logs_viejos/bot_hasta_2026-09-22.log.gz,22:53:02,APERTURA,SHORT,1,7505.00,,7502.00,,,,,,
logs_viejos/bot_hasta_2026-09-22.log.gz,22:54:01,CIERRE,SHORT,,7505.00,7505.25,,,,,,-1.25,CRUCE CONTRARIO
logs_viejos/bot_hasta_2026-09-22.log.gz,22:54:02,APERTURA,LONG,1,7505.25,,7508.25,,,,,,
logs_viejos/bot_hasta_2026-09-22.log.gz,22:55:01,CIERRE,LONG,,7505.25,7504.00,,,,,,-6.25,CRUCE CONTRARIO
logs_viejos/bot_hasta_2026-09-22.log.gz,22:55:02,APERTURA,SHORT,1,7504.00,,7501.00,,,,,,
logs_viejos/bot_hasta_2026-09-22.log.gz,22:56:01,CIERRE,SHORT,,7504.00,7502.75,,,,,,+6.25,CRUCE CONTRARIO
logs_viejos/bot_hasta_2026-09-22.log.gz,22:56:02,APERTURA,LONG,1,7502.75,,7505.75,,,,,,
logs_viejos/bot_hasta_2026-09-22.log.gz,22:57:01,CIERRE,LONG,,7502.75,7501.25,,,,,,-7.50,CRUCE CONTRARIO
logs_viejos/bot_hasta_2026-09-22.log.gz,22:57:02,APERTURA,SHORT,1,7501.25,,7498.25,,,,,,
logs_viejos/bot_hasta_2026-09-22.log.gz,22:57:38,CIERRE,SHORT,,7501.25,7498.25,,,,,,+15.00,TAKE PROFIT
logs_viejos/bot_hasta_2026-09-22.log.gz,22:57:49,APERTURA,LONG,1,7499.50,,7502.50,,,,,,
logs_viejos/bot_hasta_2026-09-22.log.gz,22:59:01,CIERRE,LONG,,7499.50,7499.50,,,,,,+0.00,CRUCE CONTRARIO
logs_viejos/bot_hasta_2026-09-22.log.gz,22:59:02,APERTURA,SHORT,1,7499.50,,7496.50,,,,,,
logs_viejos/bot_hasta_2026-09-22.log.gz,23:00:00,CIERRE,SHORT,,7499.50,7499.00,,,,,,+2.50,CRUCE CONTRARIO
logs_viejos/bot_hasta_2026-09-22.log.gz,23:00:01,APERTURA,LONG,1,7499.00,,7502.00,,,,,,
logs_viejos/bot_hasta_2026-09-22.log.gz,23:01:01,CIERRE,LONG,,7499.00,7498.50,,,,,,-2.50,CRUCE CONTRARIO
logs_viejos/bot_hasta_2026-09-22.log.gz,23:01:02,APERTURA,SHORT,1,7498.50,,7495.50,,,,,,
logs_viejos/bot_hasta_2026-09-22.log.gz,23:01:57,CIERRE,SHORT,,7498.50,7495.50,,,,,,+15.00,TAKE PROFIT
logs_viejos/bot_hasta_2026-09-22.log.gz,23:02:18,APERTURA,LONG,1,7496.00,,7499.00,,,,,,
logs_viejos/bot_hasta_2026-09-22.log.gz,23:03:01,CIERRE,LONG,,7496.00,7495.50,,,,,,-2.50,CRUCE CONTRARIO
logs_viejos/bot_hasta_2026-09-22.log.gz,23:03:02,APERTURA,SHORT,1,7495.50,,7492.50,,,,,,
logs_viejos/bot_hasta_2026-09-22.log.gz,23:04:01,CIERRE,SHORT,,7495.50,7496.25,,,,,,-3.75,CRUCE CONTRARIO
logs_viejos/bot_hasta_2026-09-22.log.gz,23:04:02,APERTURA,LONG,1,7496.25,,7499.25,,,,,,
logs_viejos/bot_hasta_2026-09-22.log.gz,23:05:01,CIERRE,LONG,,7496.25,7497.50,,,,,,+6.25,CRUCE CONTRARIO
logs_viejos/bot_hasta_2026-09-22.log.gz,23:05:02,APERTURA,SHORT,1,7497.50,,7494.50,,,,,,
logs_viejos/bot_hasta_2026-09-22.log.gz,00:00:41,CIERRE,SHORT,,7497.50,7504.50,,,,,,-35.00,STOP LOSS
logs_viejos/bot_hasta_2026-09-22.log.gz,00:01:14,APERTURA,SHORT,1,7504.25,,7501.25,,,,,,
logs_viejos/bot_hasta_2026-09-22.log.gz,00:01:44,CIERRE,SHORT,,7504.25,7509.00,,,,,,-23.75,STOP LOSS
logs_viejos/bot_hasta_2026-09-22.log.gz,00:02:17,APERTURA,SHORT,1,7510.25,,7507.25,,,,,,
logs_viejos/bot_hasta_2026-09-22.log.gz,00:03:01,CIERRE,SHORT,,7510.25,7508.75,,,,,,+7.50,CRUCE CONTRARIO
logs_viejos/bot_hasta_2026-09-22.log.gz,00:03:02,APERTURA,LONG,1,7508.75,,7511.75,,,,,,
logs_viejos/bot_hasta_2026-09-22.log.gz,00:04:01,CIERRE,LONG,,7508.75,7508.75,,,,,,+0.00,CRUCE CONTRARIO
logs_viejos/bot_hasta_2026-09-22.log.gz,00:04:02,APERTURA,SHORT,1,7508.75,,7505.75,,,,,,
logs_viejos/bot_hasta_2026-09-22.log.gz,00:05:01,CIERRE,SHORT,,7508.75,7509.75,,,,,,-5.00,CRUCE CONTRARIO
logs_viejos/bot_hasta_2026-09-22.log.gz,00:05:02,APERTURA,LONG,1,7509.75,,7512.75,,,,,,
logs_viejos/bot_hasta_2026-09-22.log.gz,00:06:01,CIERRE,LONG,,7509.75,7510.25,,,,,,+2.50,CRUCE CONTRARIO
logs_viejos/bot_hasta_2026-09-22.log.gz,00:06:02,APERTURA,SHORT,1,7510.25,,7507.25,,,,,,
logs_viejos/bot_hasta_2026-09-22.log.gz,00:08:01,CIERRE,SHORT,,7510.25,7508.00,,,,,,+11.25,CRUCE CONTRARIO
logs_viejos/bot_hasta_2026-09-22.log.gz,00:08:02,APERTURA,LONG,1,7508.00,,7511.00,,,,,,
logs_viejos/bot_hasta_2026-09-22.log.gz,00:09:00,CIERRE,LONG,,7508.00,7507.25,,,,,,-3.75,CRUCE CONTRARIO
logs_viejos/bot_hasta_2026-09-22.log.gz,00:09:01,APERTURA,SHORT,1,7507.25,,7504.25,,,,,,
logs_viejos/bot_hasta_2026-09-22.log.gz,00:10:01,CIERRE,SHORT,,7507.25,7508.00,,,,,,-3.75,CRUCE CONTRARIO
logs_viejos/bot_hasta_2026-09-22.log.gz,00:10:02,APERTURA,LONG,1,7508.00,,7511.00,,,,,,
logs_viejos/bot_hasta_2026-09-22.log.gz,00:11:01,CIERRE,LONG,,7508.00,7509.25,,,,,,+6.25,CRUCE CONTRARIO
logs_viejos/bot_hasta_2026-09-22.log.gz,00:11:02,APERTURA,SHORT,1,7509.25,,7506.25,,,,,,
logs_viejos/bot_hasta_2026-09-22.log.gz,00:13:01,CIERRE,SHORT,,7509.25,7508.00,,,,,,+6.25,CRUCE CONTRARIO
logs_viejos/bot_hasta_2026-09-22.log.gz,00:13:02,APERTURA,LONG,1,7508.00,,7511.00,,,,,,
logs_viejos/bot_hasta_2026-09-22.log.gz,00:14:00,CIERRE,LONG,,7508.00,7507.75,,,,,,-1.25,CRUCE CONTRARIO
logs_viejos/bot_hasta_2026-09-22.log.gz,00:14:02,APERTURA,SHORT,1,7507.75,,7504.75,,,,,,
logs_viejos/bot_hasta_2026-09-22.log.gz,00:15:01,CIERRE,SHORT,,7507.75,7506.50,,,,,,+6.25,CRUCE CONTRARIO
logs_viejos/bot_hasta_2026-09-22.log.gz,00:15:02,APERTURA,LONG,1,7506.50,,7509.50,,,,,,
logs_viejos/bot_hasta_2026-09-22.log.gz,00:16:01,CIERRE,LONG,,7506.50,7506.75,,,,,,+1.25,CRUCE CONTRARIO
logs_viejos/bot_hasta_2026-09-22.log.gz,00:16:02,APERTURA,SHORT,1,7506.75,,7503.75,,,,,,
logs_viejos/bot_hasta_2026-09-22.log.gz,00:18:01,CIERRE,SHORT,,7506.75,7506.00,,,,,,+3.75,CRUCE CONTRARIO
logs_viejos/bot_hasta_2026-09-22.log.gz,00:18:02,APERTURA,LONG,1,7506.00,,7509.00,,,,,,
logs_viejos/bot_hasta_2026-09-22.log.gz,00:19:01,CIERRE,LONG,,7506.00,7506.00,,,,,,+0.00,CRUCE CONTRARIO
logs_viejos/bot_hasta_2026-09-22.log.gz,00:19:03,APERTURA,SHORT,1,7506.00,,7503.00,,,,,,
logs_viejos/bot_hasta_2026-09-22.log.gz,00:20:01,CIERRE,SHORT,,7506.00,7505.75,,,,,,+1.25,CRUCE CONTRARIO
logs_viejos/bot_hasta_2026-09-22.log.gz,00:20:02,APERTURA,LONG,1,7505.75,,7508.75,,,,,,
logs_viejos/bot_hasta_2026-09-22.log.gz,00:20:59,CIERRE,LONG,,7505.75,7508.75,,,,,,+15.00,TAKE PROFIT
logs_viejos/bot_hasta_2026-09-22.log.gz,00:21:31,APERTURA,SHORT,1,7509.00,,7506.00,,,,,,
logs_viejos/bot_hasta_2026-09-22.log.gz,00:23:01,CIERRE,SHORT,,7509.00,7508.75,,,,,,+1.25,CRUCE CONTRARIO
logs_viejos/bot_hasta_2026-09-22.log.gz,00:23:02,APERTURA,LONG,1,7508.75,,7511.75,,,,,,
logs_viejos/bot_hasta_2026-09-22.log.gz,00:24:01,CIERRE,LONG,,7508.75,7508.00,,,,,,-3.75,CRUCE CONTRARIO
logs_viejos/bot_hasta_2026-09-22.log.gz,00:24:02,APERTURA,SHORT,1,7508.00,,7505.00,,,,,,
logs_viejos/bot_hasta_2026-09-22.log.gz,00:25:01,CIERRE,SHORT,,7508.00,7508.25,,,,,,-1.25,CRUCE CONTRARIO
logs_viejos/bot_hasta_2026-09-22.log.gz,00:25:02,APERTURA,LONG,1,7508.25,,7511.25,,,,,,
logs_viejos/bot_hasta_2026-09-22.log.gz,00:26:01,CIERRE,LONG,,7508.25,7507.50,,,,,,-3.75,CRUCE CONTRARIO
logs_viejos/bot_hasta_2026-09-22.log.gz,00:26:02,APERTURA,SHORT,1,7507.50,,7504.50,,,,,,
logs_viejos/bot_hasta_2026-09-22.log.gz,00:27:01,CIERRE,SHORT,,7507.50,7507.00,,,,,,+2.50,CRUCE CONTRARIO
logs_viejos/bot_hasta_2026-09-22.log.gz,00:27:02,APERTURA,LONG,1,7507.00,,7510.00,,,,,,
logs_viejos/bot_hasta_2026-09-22.log.gz,00:28:00,CIERRE,LONG,,7507.00,7507.75,,,,,,+3.75,CRUCE CONTRARIO
logs_viejos/bot_hasta_2026-09-22.log.gz,00:28:01,APERTURA,SHORT,1,7507.75,,7504.75,,,,,,
logs_viejos/bot_hasta_2026-09-22.log.gz,00:29:01,CIERRE,SHORT,,7507.75,7508.00,,,,,,-1.25,CRUCE CONTRARIO
logs_viejos/bot_hasta_2026-09-22.log.gz,00:29:02,APERTURA,LONG,1,7508.00,,7511.00,,,,,,
logs_viejos/bot_hasta_2026-09-22.log.gz,00:30:01,CIERRE,LONG,,7508.00,7508.25,,,,,,+1.25,CRUCE CONTRARIO
logs_viejos/bot_hasta_2026-09-22.log.gz,00:30:02,APERTURA,SHORT,1,7508.25,,7505.25,,,,,,
logs_viejos/bot_hasta_2026-09-22.log.gz,00:32:01,CIERRE,SHORT,,7508.25,7508.00,,,,,,+1.25,CRUCE CONTRARIO
logs_viejos/bot_hasta_2026-09-22.log.gz,00:32:02,APERTURA,LONG,1,7508.00,,7511.00,,,,,,
logs_viejos/bot_hasta_2026-09-22.log.gz,00:33:01,CIERRE,LONG,,7508.00,7508.25,,,,,,+1.25,CRUCE CONTRARIO
logs_viejos/bot_hasta_2026-09-22.log.gz,00:33:02,APERTURA,SHORT,1,7508.25,,7505.25,,,,,,
logs_viejos/bot_hasta_2026-09-22.log.gz,00:35:01,CIERRE,SHORT,,7508.25,7508.25,,,,,,+0.00,CRUCE CONTRARIO
logs_viejos/bot_hasta_2026-09-22.log.gz,00:35:02,APERTURA,LONG,1,7508.25,,7511.25,,,,,,
logs_viejos/bot_hasta_2026-09-22.log.gz,00:36:01,CIERRE,LONG,,7508.25,7509.25,,,,,,+5.00,CRUCE CONTRARIO
logs_viejos/bot_hasta_2026-09-22.log.gz,00:36:02,APERTURA,SHORT,1,7509.25,,7506.25,,,,,,
logs_viejos/bot_hasta_2026-09-22.log.gz,00:38:01,CIERRE,SHORT,,7509.25,7508.00,,,,,,+6.25,CRUCE CONTRARIO
logs_viejos/bot_hasta_2026-09-22.log.gz,00:38:02,APERTURA,LONG,1,7508.00,,7511.00,,,,,,
logs_viejos/bot_hasta_2026-09-22.log.gz,00:39:01,CIERRE,LONG,,7508.00,7508.25,,,,,,+1.25,CRUCE CONTRARIO
logs_viejos/bot_hasta_2026-09-22.log.gz,00:39:02,APERTURA,SHORT,1,7508.25,,7505.25,,,,,,
logs_viejos/bot_hasta_2026-09-22.log.gz,00:40:01,CIERRE,SHORT,,7508.25,7507.75,,,,,,+2.50,CRUCE CONTRARIO
logs_viejos/bot_hasta_2026-09-22.log.gz,00:40:02,APERTURA,LONG,1,7507.75,,7510.75,,,,,,
logs_viejos/bot_hasta_2026-09-22.log.gz,02:03:53,CIERRE,LONG,,7507.75,7494.25,,,,,,-67.50,STOP LOSS
logs_viejos/bot_hasta_2026-09-22.log.gz,02:21:11,APERTURA,LONG,1,7487.50,,7490.50,,,,,,
logs_viejos/bot_hasta_2026-09-22.log.gz,02:39:00,CIERRE,LONG,,7487.50,7487.75,,,,,,+1.25,CRUCE CONTRARIO
logs_viejos/bot_hasta_2026-09-22.log.gz,02:39:01,APERTURA,SHORT,1,7487.75,,7484.75,,,,,,
logs_viejos/bot_hasta_2026-09-22.log.gz,02:41:25,CIERRE,SHORT,,7487.75,7484.75,,,,,,+15.00,TAKE PROFIT
logs_viejos/bot_hasta_2026-09-22.log.gz,02:41:58,APERTURA,LONG,1,7484.50,,7487.50,,,,,,
logs_viejos/bot_hasta_2026-09-22.log.gz,02:58:55,CIERRE,LONG,,7484.50,7474.25,,,,,,-51.25,STOP LOSS
logs_viejos/bot_hasta_2026-09-22.log.gz,03:14:46,APERTURA,LONG,1,7471.25,,7474.25,,,,,,
logs_viejos/bot_hasta_2026-09-22.log.gz,03:42:41,CIERRE,LONG,,7471.25,7474.75,,,,,,+17.50,TAKE PROFIT
logs_viejos/bot_hasta_2026-09-22.log.gz,04:17:40,APERTURA,SHORT,1,7481.75,,7478.75,,,,,,
logs_viejos/bot_hasta_2026-09-22.log.gz,05:01:28,CIERRE,SHORT,,7481.75,7472.75,,,,,,+45.00,TAKE PROFIT
logs_viejos/bot_hasta_2026-09-22.log.gz,05:44:50,APERTURA,LONG,1,7443.00,,7446.00,,,,,,
logs_viejos/bot_hasta_2026-09-22.log.gz,06:00:50,CIERRE,LONG,,7443.00,7453.75,,,,,,+53.75,TAKE PROFIT
logs_viejos/bot_hasta_2026-09-22.log.gz,06:33:04,APERTURA,SHORT,1,7443.00,,7440.00,,,,,,
logs_viejos/bot_hasta_2026-09-22.log.gz,07:36:00,CIERRE,SHORT,,7443.00,7458.25,,,,,,-76.25,STOP LOSS
logs_viejos/bot_hasta_2026-09-22.log.gz,08:47:18,APERTURA,SHORT,1,7454.25,,7451.25,,,,,,
logs_viejos/bot_hasta_2026-09-22.log.gz,08:48:02,CIERRE,SHORT,,7454.25,7455.50,,,,,,-6.25,CRUCE CONTRARIO
logs_viejos/bot_hasta_2026-09-22.log.gz,08:48:03,APERTURA,LONG,1,7455.50,,7458.50,,,,,,
logs_viejos/bot_hasta_2026-09-22.log.gz,09:19:55,CIERRE,LONG,,7455.50,7441.50,,,,,,-70.00,STOP LOSS
logs_viejos/bot_hasta_2026-09-22.log.gz,09:26:46,APERTURA,LONG,1,7435.50,,7438.50,,,,,,
logs_viejos/bot_hasta_2026-09-22.log.gz,09:28:01,CIERRE,LONG,,7435.50,7437.25,,,,,,+8.75,CRUCE CONTRARIO
logs_viejos/bot_hasta_2026-09-22.log.gz,09:28:02,APERTURA,SHORT,1,7437.25,,7434.25,,,,,,
logs_viejos/bot_hasta_2026-09-22.log.gz,09:29:00,CIERRE,SHORT,,7437.25,7435.75,,,,,,+7.50,CRUCE CONTRARIO
logs_viejos/bot_hasta_2026-09-22.log.gz,09:29:01,APERTURA,LONG,1,7435.75,,7438.75,,,,,,
logs_viejos/bot_hasta_2026-09-22.log.gz,09:30:01,CIERRE,LONG,,7435.75,7437.25,,,,,,+7.50,CRUCE CONTRARIO
logs_viejos/bot_hasta_2026-09-22.log.gz,09:30:02,APERTURA,SHORT,1,7437.25,,7434.25,,,,,,
logs_viejos/bot_hasta_2026-09-22.log.gz,09:31:01,CIERRE,SHORT,,7437.25,7439.50,,,,,,-11.25,CRUCE CONTRARIO
logs_viejos/bot_hasta_2026-09-22.log.gz,09:31:02,APERTURA,LONG,1,7439.50,,7442.50,,,,,,
logs_viejos/bot_hasta_2026-09-22.log.gz,09:32:01,CIERRE,LONG,,7439.50,7441.00,,,,,,+7.50,CRUCE CONTRARIO
logs_viejos/bot_hasta_2026-09-22.log.gz,09:32:02,APERTURA,SHORT,1,7441.00,,7438.00,,,,,,
logs_viejos/bot_hasta_2026-09-22.log.gz,09:32:55,CIERRE,SHORT,,7441.00,7444.00,,,,,,-15.00,STOP LOSS
logs_viejos/bot_hasta_2026-09-22.log.gz,09:33:28,APERTURA,SHORT,1,7443.75,,7440.75,,,,,,
logs_viejos/bot_hasta_2026-09-22.log.gz,09:34:22,CIERRE,SHORT,,7443.75,7440.25,,,,,,+17.50,TAKE PROFIT
logs_viejos/bot_hasta_2026-09-22.log.gz,09:34:47,APERTURA,LONG,1,7439.75,,7442.75,,,,,,
logs_viejos/bot_hasta_2026-09-22.log.gz,14:15:55,APERTURA,LONG,1,7453.25,,7456.25,,,,,,
logs_viejos/bot_hasta_2026-09-22.log.gz,14:16:46,CIERRE,LONG,,7453.25,7457.00,,,,,,+18.75,TAKE PROFIT
logs_viejos/bot_hasta_2026-09-22.log.gz,14:17:07,APERTURA,SHORT,1,7456.75,,7453.75,,,,,,
logs_viejos/bot_hasta_2026-09-22.log.gz,14:18:01,CIERRE,SHORT,,7456.75,7455.00,,,,,,+8.75,CRUCE CONTRARIO
logs_viejos/bot_hasta_2026-09-22.log.gz,14:18:02,APERTURA,LONG,1,7455.00,,7458.00,,,,,,
logs_viejos/bot_hasta_2026-09-22.log.gz,14:19:01,CIERRE,LONG,,7455.00,7455.50,,,,,,+2.50,CRUCE CONTRARIO
logs_viejos/bot_hasta_2026-09-22.log.gz,14:19:02,APERTURA,SHORT,1,7455.50,,7452.50,,,,,,
logs_viejos/bot_hasta_2026-09-22.log.gz,14:20:00,CIERRE,SHORT,,7455.50,7456.25,,,,,,-3.75,CRUCE CONTRARIO
logs_viejos/bot_hasta_2026-09-22.log.gz,14:20:02,APERTURA,LONG,1,7456.25,,7459.25,,,,,,
logs_viejos/bot_hasta_2026-09-22.log.gz,14:21:01,CIERRE,LONG,,7456.25,7457.25,,,,,,+5.00,CRUCE CONTRARIO
logs_viejos/bot_hasta_2026-09-22.log.gz,14:21:02,APERTURA,SHORT,1,7457.25,,7454.25,,,,,,
logs_viejos/bot_hasta_2026-09-22.log.gz,14:22:01,CIERRE,SHORT,,7457.25,7457.50,,,,,,-1.25,CRUCE CONTRARIO
logs_viejos/bot_hasta_2026-09-22.log.gz,14:22:02,APERTURA,LONG,1,7457.50,,7460.50,,,,,,
logs_viejos/bot_hasta_2026-09-22.log.gz,14:23:01,CIERRE,LONG,,7457.50,7458.00,,,,,,+2.50,CRUCE CONTRARIO
logs_viejos/bot_hasta_2026-09-22.log.gz,14:23:02,APERTURA,SHORT,1,7458.00,,7455.00,,,,,,
logs_viejos/bot_hasta_2026-09-22.log.gz,14:24:01,CIERRE,SHORT,,7458.00,7456.00,,,,,,+10.00,CRUCE CONTRARIO
logs_viejos/bot_hasta_2026-09-22.log.gz,14:24:02,APERTURA,LONG,1,7456.00,,7459.00,,,,,,
logs_viejos/bot_hasta_2026-09-22.log.gz,14:25:01,CIERRE,LONG,,7456.00,7457.25,,,,,,+6.25,CRUCE CONTRARIO
logs_viejos/bot_hasta_2026-09-22.log.gz,14:25:02,APERTURA,SHORT,1,7457.25,,7454.25,,,,,,
logs_viejos/bot_hasta_2026-09-22.log.gz,14:26:01,CIERRE,SHORT,,7457.25,7454.50,,,,,,+13.75,CRUCE CONTRARIO
logs_viejos/bot_hasta_2026-09-22.log.gz,14:26:02,APERTURA,LONG,1,7454.50,,7457.50,,,,,,
logs_viejos/bot_hasta_2026-09-22.log.gz,14:27:01,CIERRE,LONG,,7454.50,7454.00,,,,,,-2.50,CRUCE CONTRARIO
logs_viejos/bot_hasta_2026-09-22.log.gz,14:27:02,APERTURA,SHORT,1,7454.00,,7451.00,,,,,,
logs_viejos/bot_hasta_2026-09-22.log.gz,14:28:01,CIERRE,SHORT,,7454.00,7454.75,,,,,,-3.75,CRUCE CONTRARIO
logs_viejos/bot_hasta_2026-09-22.log.gz,14:28:02,APERTURA,LONG,1,7454.75,,7457.75,,,,,,
logs_viejos/bot_hasta_2026-09-22.log.gz,14:29:46,CIERRE,LONG,,7454.75,7457.75,,,,,,+15.00,TAKE PROFIT
logs_viejos/bot_hasta_2026-09-22.log.gz,14:30:13,APERTURA,SHORT,1,7458.25,,7455.25,,,,,,
logs_viejos/bot_hasta_2026-09-22.log.gz,14:31:01,CIERRE,SHORT,,7458.25,7459.75,,,,,,-7.50,CRUCE CONTRARIO
logs_viejos/bot_hasta_2026-09-22.log.gz,14:31:02,APERTURA,LONG,1,7459.75,,7462.75,,,,,,
logs_viejos/bot_hasta_2026-09-22.log.gz,14:32:01,CIERRE,LONG,,7459.75,7461.50,,,,,,+8.75,CRUCE CONTRARIO
logs_viejos/bot_hasta_2026-09-22.log.gz,14:32:03,APERTURA,SHORT,1,7461.50,,7458.50,,,,,,
logs_viejos/bot_hasta_2026-09-22.log.gz,14:33:01,CIERRE,SHORT,,7461.50,7462.25,,,,,,-3.75,CRUCE CONTRARIO
logs_viejos/bot_hasta_2026-09-22.log.gz,14:33:02,APERTURA,LONG,1,7462.25,,7465.25,,,,,,
logs_viejos/bot_hasta_2026-09-22.log.gz,14:34:01,CIERRE,LONG,,7462.25,7463.00,,,,,,+3.75,CRUCE CONTRARIO
logs_viejos/bot_hasta_2026-09-22.log.gz,14:34:02,APERTURA,SHORT,1,7463.00,,7460.00,,,,,,
logs_viejos/bot_hasta_2026-09-22.log.gz,14:35:01,CIERRE,SHORT,,7463.00,7465.75,,,,,,-13.75,CRUCE CONTRARIO
logs_viejos/bot_hasta_2026-09-22.log.gz,14:35:02,APERTURA,LONG,1,7465.75,,7468.75,,,,,,
logs_viejos/bot_hasta_2026-09-22.log.gz,14:36:01,CIERRE,LONG,,7465.75,7467.50,,,,,,+8.75,CRUCE CONTRARIO
logs_viejos/bot_hasta_2026-09-22.log.gz,14:36:02,APERTURA,SHORT,1,7467.50,,7464.50,,,,,,
logs_viejos/bot_hasta_2026-09-22.log.gz,14:38:01,CIERRE,SHORT,,7467.50,7469.00,,,,,,-7.50,CRUCE CONTRARIO
logs_viejos/bot_hasta_2026-09-22.log.gz,14:38:02,APERTURA,LONG,1,7469.00,,7472.00,,,,,,
logs_viejos/bot_hasta_2026-09-22.log.gz,14:39:01,CIERRE,LONG,,7469.00,7468.75,,,,,,-1.25,CRUCE CONTRARIO
logs_viejos/bot_hasta_2026-09-22.log.gz,14:39:02,APERTURA,SHORT,1,7468.75,,7465.75,,,,,,
logs_viejos/bot_hasta_2026-09-22.log.gz,14:41:01,CIERRE,SHORT,,7468.75,7468.00,,,,,,+3.75,CRUCE CONTRARIO
logs_viejos/bot_hasta_2026-09-22.log.gz,14:41:03,APERTURA,LONG,1,7468.00,,7471.00,,,,,,
logs_viejos/bot_hasta_2026-09-22.log.gz,14:42:01,CIERRE,LONG,,7468.00,7468.25,,,,,,+1.25,CRUCE CONTRARIO
logs_viejos/bot_hasta_2026-09-22.log.gz,14:42:02,APERTURA,SHORT,1,7468.25,,7465.25,,,,,,
logs_viejos/bot_hasta_2026-09-22.log.gz,14:43:00,CIERRE,SHORT,,7468.25,7468.75,,,,,,-2.50,CRUCE CONTRARIO
logs_viejos/bot_hasta_2026-09-22.log.gz,14:43:02,APERTURA,LONG,1,7468.75,,7471.75,,,,,,
logs_viejos/bot_hasta_2026-09-22.log.gz,14:44:01,CIERRE,LONG,,7468.75,7469.25,,,,,,+2.50,CRUCE CONTRARIO
logs_viejos/bot_hasta_2026-09-22.log.gz,14:44:02,APERTURA,SHORT,1,7469.25,,7466.25,,,,,,
logs_viejos/bot_hasta_2026-09-22.log.gz,14:48:18,CIERRE,SHORT,,7469.25,7466.00,,,,,,+16.25,TAKE PROFIT
logs_viejos/bot_hasta_2026-09-22.log.gz,14:49:02,APERTURA,LONG,1,7466.25,,7469.25,,,,,,
logs_viejos/bot_hasta_2026-09-22.log.gz,14:51:01,CIERRE,LONG,,7466.25,7465.75,,,,,,-2.50,CRUCE CONTRARIO
logs_viejos/bot_hasta_2026-09-22.log.gz,14:51:02,APERTURA,SHORT,1,7465.75,,7462.75,,,,,,
logs_viejos/bot_hasta_2026-09-22.log.gz,14:51:58,CIERRE,SHORT,,7465.75,7462.25,,,,,,+17.50,TAKE PROFIT
logs_viejos/bot_hasta_2026-09-22.log.gz,14:52:19,APERTURA,LONG,1,7462.25,,7465.25,,,,,,
logs_viejos/bot_hasta_2026-09-22.log.gz,14:53:31,CIERRE,LONG,,7462.25,7465.75,,,,,,+17.50,TAKE PROFIT
logs_viejos/bot_hasta_2026-09-22.log.gz,14:53:54,APERTURA,SHORT,1,7466.00,,7463.00,,,,,,
logs_viejos/bot_hasta_2026-09-22.log.gz,14:54:01,CIERRE,SHORT,,7466.00,7466.50,,,,,,-2.50,CRUCE CONTRARIO
logs_viejos/bot_hasta_2026-09-22.log.gz,14:54:02,APERTURA,LONG,1,7466.50,,7469.50,,,,,,
logs_viejos/bot_hasta_2026-09-22.log.gz,15:25:48,CIERRE,LONG,,7466.50,7470.25,,,,,,+18.75,TAKE PROFIT
logs_viejos/bot_hasta_2026-09-22.log.gz,15:26:04,APERTURA,SHORT,1,7468.50,,7465.50,,,,,,
logs_viejos/bot_hasta_2026-09-22.log.gz,16:16:08,CIERRE,SHORT,,7468.50,7450.00,,,,,,+92.50,TAKE PROFIT
logs_viejos/bot_hasta_2026-09-22.log.gz,20:05:15,APERTURA,SHORT,1,7430.00,,7427.00,,,,,,
logs_viejos/bot_hasta_2026-09-22.log.gz,20:22:46,CIERRE,SHORT,,7430.00,7422.75,,,,,,+36.25,TAKE PROFIT
logs_viejos/bot_hasta_2026-09-22.log.gz,20:52:58,APERTURA,LONG,1,7408.25,,7411.25,,,,,,
logs_viejos/bot_hasta_2026-09-22.log.gz,20:54:41,CIERRE,LONG,,7408.25,7412.75,,,,,,+22.50,TAKE PROFIT
logs_viejos/bot_hasta_2026-09-22.log.gz,20:55:04,APERTURA,SHORT,1,7411.75,,7408.75,,,,,,
logs_viejos/bot_hasta_2026-09-22.log.gz,20:55:48,CIERRE,SHORT,,7411.75,7414.75,,,,,,-15.00,STOP LOSS
logs_viejos/bot_hasta_2026-09-22.log.gz,20:55:59,APERTURA,SHORT,1,7413.75,,7410.75,,,,,,
logs_viejos/bot_hasta_2026-09-22.log.gz,20:57:01,CIERRE,SHORT,,7413.75,7414.75,,,,,,-5.00,CRUCE CONTRARIO
logs_viejos/bot_hasta_2026-09-22.log.gz,20:57:02,APERTURA,LONG,1,7414.75,,7417.75,,,,,,
logs_viejos/bot_hasta_2026-09-22.log.gz,20:57:33,CIERRE,LONG,,7414.75,7411.25,,,,,,-17.50,STOP LOSS
logs_viejos/bot_hasta_2026-09-22.log.gz,20:58:06,APERTURA,LONG,1,7413.25,,7416.25,,,,,,
logs_viejos/bot_hasta_2026-09-22.log.gz,20:58:40,CIERRE,LONG,,7413.25,7416.25,,,,,,+15.00,TAKE PROFIT
logs_viejos/bot_hasta_2026-09-22.log.gz,20:59:03,APERTURA,SHORT,1,7415.00,,7412.00,,,,,,
logs_viejos/bot_hasta_2026-09-22.log.gz,21:00:01,CIERRE,SHORT,,7415.00,7416.75,,,,,,-8.75,CRUCE CONTRARIO
logs_viejos/bot_hasta_2026-09-22.log.gz,21:00:02,APERTURA,LONG,1,7416.75,,7419.75,,,,,,
logs_viejos/bot_hasta_2026-09-22.log.gz,21:01:01,CIERRE,LONG,,7416.75,7415.50,,,,,,-6.25,CRUCE CONTRARIO
logs_viejos/bot_hasta_2026-09-22.log.gz,21:01:02,APERTURA,SHORT,1,7415.50,,7412.50,,,,,,
logs_viejos/bot_hasta_2026-09-22.log.gz,21:02:00,CIERRE,SHORT,,7415.50,7413.50,,,,,,+10.00,CRUCE CONTRARIO
logs_viejos/bot_hasta_2026-09-22.log.gz,21:02:02,APERTURA,LONG,1,7413.50,,7416.50,,,,,,
logs_viejos/bot_hasta_2026-09-22.log.gz,21:02:23,CIERRE,LONG,,7413.50,7416.75,,,,,,+16.25,TAKE PROFIT
logs_viejos/bot_hasta_2026-09-22.log.gz,21:02:35,APERTURA,SHORT,1,7416.00,,7413.00,,,,,,
logs_viejos/bot_hasta_2026-09-22.log.gz,21:03:01,CIERRE,SHORT,,7416.00,7416.50,,,,,,-2.50,CRUCE CONTRARIO
logs_viejos/bot_hasta_2026-09-22.log.gz,21:03:02,APERTURA,LONG,1,7416.50,,7419.50,,,,,,
logs_viejos/bot_hasta_2026-09-22.log.gz,21:03:59,CIERRE,LONG,,7416.50,7411.75,,,,,,-23.75,STOP LOSS
logs_viejos/bot_hasta_2026-09-22.log.gz,21:04:11,APERTURA,LONG,1,7414.25,,7417.25,,,,,,
logs_viejos/bot_hasta_2026-09-22.log.gz,21:05:01,CIERRE,LONG,,7414.25,7411.50,,,,,,-13.75,CRUCE CONTRARIO
logs_viejos/bot_hasta_2026-09-22.log.gz,21:05:02,APERTURA,SHORT,1,7411.50,,7408.50,,,,,,
logs_viejos/bot_hasta_2026-09-22.log.gz,21:06:01,CIERRE,SHORT,,7411.50,7411.25,,,,,,+1.25,CRUCE CONTRARIO
logs_viejos/bot_hasta_2026-09-22.log.gz,21:06:02,APERTURA,LONG,1,7411.25,,7414.25,,,,,,
logs_viejos/bot_hasta_2026-09-22.log.gz,21:07:01,CIERRE,LONG,,7411.25,7409.25,,,,,,-10.00,CRUCE CONTRARIO
logs_viejos/bot_hasta_2026-09-22.log.gz,21:07:02,APERTURA,SHORT,1,7409.25,,7406.25,,,,,,
logs_viejos/bot_hasta_2026-09-22.log.gz,21:07:54,CIERRE,SHORT,,7409.25,7414.00,,,,,,-23.75,STOP LOSS
logs_viejos/bot_hasta_2026-09-22.log.gz,21:08:16,APERTURA,SHORT,1,7413.25,,7410.25,,,,,,
logs_viejos/bot_hasta_2026-09-22.log.gz,21:09:01,CIERRE,SHORT,,7413.25,7414.25,,,,,,-5.00,CRUCE CONTRARIO
logs_viejos/bot_hasta_2026-09-22.log.gz,21:09:02,APERTURA,LONG,1,7414.25,,7417.25,,,,,,
logs_viejos/bot_hasta_2026-09-22.log.gz,21:09:46,CIERRE,LONG,,7414.25,7411.00,,,,,,-16.25,STOP LOSS
logs_viejos/bot_hasta_2026-09-22.log.gz,21:10:08,APERTURA,LONG,1,7413.50,,7416.50,,,,,,
logs_viejos/bot_hasta_2026-09-22.log.gz,21:10:41,CIERRE,LONG,,7413.50,7410.50,,,,,,-15.00,STOP LOSS
logs_viejos/bot_hasta_2026-09-22.log.gz,21:12:07,APERTURA,LONG,1,7405.00,,7408.00,,,,,,
logs_viejos/bot_hasta_2026-09-22.log.gz,21:13:01,CIERRE,LONG,,7405.00,7409.25,,,,,,+21.25,TAKE PROFIT
logs_viejos/bot_hasta_2026-09-22.log.gz,21:13:13,APERTURA,SHORT,1,7407.00,,7404.00,,,,,,
logs_viejos/bot_hasta_2026-09-22.log.gz,21:14:01,CIERRE,SHORT,,7407.00,7406.50,,,,,,+2.50,CRUCE CONTRARIO
logs_viejos/bot_hasta_2026-09-22.log.gz,21:14:02,APERTURA,LONG,1,7406.50,,7409.50,,,,,,
logs_viejos/bot_hasta_2026-09-22.log.gz,21:15:01,CIERRE,LONG,,7406.50,7404.75,,,,,,-8.75,CRUCE CONTRARIO
logs_viejos/bot_hasta_2026-09-22.log.gz,21:15:02,APERTURA,SHORT,1,7404.75,,7401.75,,,,,,
logs_viejos/bot_hasta_2026-09-22.log.gz,21:15:32,CIERRE,SHORT,,7404.75,7401.75,,,,,,+15.00,TAKE PROFIT
logs_viejos/bot_hasta_2026-09-22.log.gz,21:16:16,APERTURA,LONG,1,7394.00,,7397.00,,,,,,
logs_viejos/bot_hasta_2026-09-22.log.gz,21:17:01,CIERRE,LONG,,7394.00,7393.50,,,,,,-2.50,CRUCE CONTRARIO
logs_viejos/bot_hasta_2026-09-22.log.gz,21:17:01,APERTURA,SHORT,1,7393.50,,7390.50,,,,,,
logs_viejos/bot_hasta_2026-09-22.log.gz,21:18:00,CIERRE,SHORT,,7393.50,7396.75,,,,,,-16.25,STOP LOSS
logs_viejos/bot_hasta_2026-09-22.log.gz,21:18:12,APERTURA,SHORT,1,7393.75,,7390.75,,,,,,
logs_viejos/bot_hasta_2026-09-22.log.gz,21:18:33,CIERRE,SHORT,,7393.75,7397.00,,,,,,-16.25,STOP LOSS
logs_viejos/bot_hasta_2026-09-22.log.gz,21:18:47,APERTURA,SHORT,1,7395.50,,7392.50,,,,,,
logs_viejos/bot_hasta_2026-09-22.log.gz,21:19:49,CIERRE,SHORT,,7395.50,7392.50,,,,,,+15.00,TAKE PROFIT
logs_viejos/bot_hasta_2026-09-22.log.gz,21:20:43,APERTURA,LONG,1,7386.00,,7389.00,,,,,,
logs_viejos/bot_hasta_2026-09-22.log.gz,21:21:25,CIERRE,LONG,,7386.00,7392.25,,,,,,+31.25,TAKE PROFIT
logs_viejos/bot_hasta_2026-09-22.log.gz,21:22:10,APERTURA,SHORT,1,7394.00,,7391.00,,,,,,
logs_viejos/bot_hasta_2026-09-22.log.gz,21:23:01,CIERRE,SHORT,,7394.00,7393.50,,,,,,+2.50,CRUCE CONTRARIO
logs_viejos/bot_hasta_2026-09-22.log.gz,21:23:02,APERTURA,LONG,1,7393.50,,7396.50,,,,,,
logs_viejos/bot_hasta_2026-09-22.log.gz,21:24:01,CIERRE,LONG,,7393.50,7394.00,,,,,,+2.50,CRUCE CONTRARIO
logs_viejos/bot_hasta_2026-09-22.log.gz,21:24:02,APERTURA,SHORT,1,7394.00,,7391.00,,,,,,
logs_viejos/bot_hasta_2026-09-22.log.gz,21:25:01,CIERRE,SHORT,,7394.00,7394.50,,,,,,-2.50,CRUCE CONTRARIO
logs_viejos/bot_hasta_2026-09-22.log.gz,21:25:02,APERTURA,LONG,1,7394.50,,7397.50,,,,,,
logs_viejos/bot_hasta_2026-09-22.log.gz,21:26:01,CIERRE,LONG,,7394.50,7395.50,,,,,,+5.00,CRUCE CONTRARIO
logs_viejos/bot_hasta_2026-09-22.log.gz,21:26:02,APERTURA,SHORT,1,7395.50,,7392.50,,,,,,
logs_viejos/bot_hasta_2026-09-22.log.gz,21:26:38,CIERRE,SHORT,,7395.50,7392.50,,,,,,+15.00,TAKE PROFIT
logs_viejos/bot_hasta_2026-09-22.log.gz,21:26:50,APERTURA,LONG,1,7398.00,,7401.00,,,,,,
logs_viejos/bot_hasta_2026-09-22.log.gz,21:28:01,CIERRE,LONG,,7398.00,7400.50,,,,,,+12.50,CRUCE CONTRARIO
logs_viejos/bot_hasta_2026-09-22.log.gz,21:28:02,APERTURA,SHORT,1,7400.50,,7397.50,,,,,,
logs_viejos/bot_hasta_2026-09-22.log.gz,21:28:06,CIERRE,SHORT,,7400.50,7397.25,,,,,,+16.25,TAKE PROFIT
logs_viejos/bot_hasta_2026-09-22.log.gz,21:28:29,APERTURA,LONG,1,7398.00,,7401.00,,,,,,
logs_viejos/bot_hasta_2026-09-22.log.gz,21:28:49,CIERRE,LONG,,7398.00,7394.25,,,,,,-18.75,STOP LOSS
logs_viejos/bot_hasta_2026-09-22.log.gz,21:29:01,APERTURA,LONG,1,7396.50,,7399.50,,,,,,
logs_viejos/bot_hasta_2026-09-22.log.gz,21:30:00,CIERRE,LONG,,7396.50,7394.75,,,,,,-8.75,CRUCE CONTRARIO
logs_viejos/bot_hasta_2026-09-22.log.gz,21:30:01,APERTURA,SHORT,1,7394.75,,7391.75,,,,,,
logs_viejos/bot_hasta_2026-09-22.log.gz,21:30:29,CIERRE,SHORT,,7394.75,7399.00,,,,,,-21.25,STOP LOSS
logs_viejos/bot_hasta_2026-09-22.log.gz,21:30:52,APERTURA,SHORT,1,7399.25,,7396.25,,,,,,
logs_viejos/bot_hasta_2026-09-22.log.gz,21:32:01,CIERRE,SHORT,,7399.25,7401.00,,,,,,-8.75,CRUCE CONTRARIO
logs_viejos/bot_hasta_2026-09-22.log.gz,21:32:02,APERTURA,LONG,1,7401.00,,7404.00,,,,,,
logs_viejos/bot_hasta_2026-09-22.log.gz,21:32:23,CIERRE,LONG,,7401.00,7397.00,,,,,,-20.00,STOP LOSS
logs_viejos/bot_hasta_2026-09-22.log.gz,21:32:40,APERTURA,LONG,1,7397.75,,7400.75,,,,,,
logs_viejos/bot_hasta_2026-09-22.log.gz,21:34:01,CIERRE,LONG,,7397.75,7398.50,,,,,,+3.75,CRUCE CONTRARIO
logs_viejos/bot_hasta_2026-09-22.log.gz,21:34:02,APERTURA,SHORT,1,7398.50,,7395.50,,,,,,
logs_viejos/bot_hasta_2026-09-22.log.gz,21:34:31,CIERRE,SHORT,,7398.50,7395.25,,,,,,+16.25,TAKE PROFIT
logs_viejos/bot_hasta_2026-09-22.log.gz,21:34:44,APERTURA,LONG,1,7397.00,,7400.00,,,,,,
logs_viejos/bot_hasta_2026-09-22.log.gz,21:35:01,CIERRE,LONG,,7397.00,7396.50,,,,,,-2.50,CRUCE CONTRARIO
logs_viejos/bot_hasta_2026-09-22.log.gz,21:35:02,APERTURA,SHORT,1,7396.50,,7393.50,,,,,,
logs_viejos/bot_hasta_2026-09-22.log.gz,21:36:01,CIERRE,SHORT,,7396.50,7398.75,,,,,,-11.25,CRUCE CONTRARIO
logs_viejos/bot_hasta_2026-09-22.log.gz,21:36:02,APERTURA,LONG,1,7398.75,,7401.75,,,,,,
logs_viejos/bot_hasta_2026-09-22.log.gz,21:37:01,CIERRE,LONG,,7398.75,7400.25,,,,,,+7.50,CRUCE CONTRARIO
logs_viejos/bot_hasta_2026-09-22.log.gz,21:37:02,APERTURA,SHORT,1,7400.25,,7397.25,,,,,,
logs_viejos/bot_hasta_2026-09-22.log.gz,21:37:17,CIERRE,SHORT,,7400.25,7397.25,,,,,,+15.00,TAKE PROFIT
logs_viejos/bot_hasta_2026-09-22.log.gz,21:38:11,APERTURA,LONG,1,7397.25,,7400.25,,,,,,
logs_viejos/bot_hasta_2026-09-22.log.gz,21:39:01,CIERRE,LONG,,7397.25,7396.25,,,,,,-5.00,CRUCE CONTRARIO
logs_viejos/bot_hasta_2026-09-22.log.gz,21:39:03,APERTURA,SHORT,1,7396.25,,7393.25,,,,,,
logs_viejos/bot_hasta_2026-09-22.log.gz,21:40:01,CIERRE,SHORT,,7396.25,7396.25,,,,,,+0.00,CRUCE CONTRARIO
logs_viejos/bot_hasta_2026-09-22.log.gz,21:40:02,APERTURA,LONG,1,7396.25,,7399.25,,,,,,
logs_viejos/bot_hasta_2026-09-22.log.gz,21:41:01,CIERRE,LONG,,7396.25,7393.50,,,,,,-13.75,CRUCE CONTRARIO
logs_viejos/bot_hasta_2026-09-22.log.gz,21:41:02,APERTURA,SHORT,1,7393.50,,7390.50,,,,,,
logs_viejos/bot_hasta_2026-09-22.log.gz,00:00:06,CIERRE,SHORT,,7393.50,7383.25,,,,,,+51.25,TAKE PROFIT
logs_viejos/bot_hasta_2026-09-22.log.gz,00:01:04,APERTURA,LONG,1,7381.25,,7384.25,,,,,,
logs_viejos/bot_hasta_2026-09-22.log.gz,00:02:01,CIERRE,LONG,,7381.25,7382.25,,,,,,+5.00,CRUCE CONTRARIO
logs_viejos/bot_hasta_2026-09-22.log.gz,00:02:02,APERTURA,SHORT,1,7382.25,,7379.25,,,,,,
logs_viejos/bot_hasta_2026-09-22.log.gz,00:02:28,CIERRE,SHORT,,7382.25,7378.75,,,,,,+17.50,TAKE PROFIT
logs_viejos/bot_hasta_2026-09-22.log.gz,00:02:41,APERTURA,LONG,1,7379.75,,7382.75,,,,,,
logs_viejos/bot_hasta_2026-09-22.log.gz,00:04:01,CIERRE,LONG,,7379.75,7381.50,,,,,,+8.75,CRUCE CONTRARIO
logs_viejos/bot_hasta_2026-09-22.log.gz,00:04:02,APERTURA,SHORT,1,7381.50,,7378.50,,,,,,
logs_viejos/bot_hasta_2026-09-22.log.gz,00:05:01,CIERRE,SHORT,,7381.50,7381.50,,,,,,+0.00,CRUCE CONTRARIO
logs_viejos/bot_hasta_2026-09-22.log.gz,00:05:02,APERTURA,LONG,1,7381.50,,7384.50,,,,,,
logs_viejos/bot_hasta_2026-09-22.log.gz,00:06:01,CIERRE,LONG,,7381.50,7380.50,,,,,,-5.00,CRUCE CONTRARIO
logs_viejos/bot_hasta_2026-09-22.log.gz,00:06:02,APERTURA,SHORT,1,7380.50,,7377.50,,,,,,
logs_viejos/bot_hasta_2026-09-22.log.gz,00:07:01,CIERRE,SHORT,,7380.50,7380.25,,,,,,+1.25,CRUCE CONTRARIO
logs_viejos/bot_hasta_2026-09-22.log.gz,00:07:02,APERTURA,LONG,1,7380.25,,7383.25,,,,,,
logs_viejos/bot_hasta_2026-09-22.log.gz,00:07:58,CIERRE,LONG,,7380.25,7383.25,,,,,,+15.00,TAKE PROFIT
logs_viejos/bot_hasta_2026-09-22.log.gz,00:08:21,APERTURA,SHORT,1,7382.75,,7379.75,,,,,,
logs_viejos/bot_hasta_2026-09-22.log.gz,00:10:00,CIERRE,SHORT,,7382.75,7382.00,,,,,,+3.75,CRUCE CONTRARIO
logs_viejos/bot_hasta_2026-09-22.log.gz,00:10:01,APERTURA,LONG,1,7382.00,,7385.00,,,,,,
logs_viejos/bot_hasta_2026-09-22.log.gz,00:10:51,CIERRE,LONG,,7382.00,7385.00,,,,,,+15.00,TAKE PROFIT
logs_viejos/bot_hasta_2026-09-22.log.gz,00:11:15,APERTURA,SHORT,1,7385.50,,7382.50,,,,,,
logs_viejos/bot_hasta_2026-09-22.log.gz,00:12:01,CIERRE,SHORT,,7385.50,7386.75,,,,,,-6.25,CRUCE CONTRARIO
logs_viejos/bot_hasta_2026-09-22.log.gz,00:12:02,APERTURA,LONG,1,7386.75,,7389.75,,,,,,
logs_viejos/bot_hasta_2026-09-22.log.gz,00:13:01,CIERRE,LONG,,7386.75,7386.25,,,,,,-2.50,CRUCE CONTRARIO
logs_viejos/bot_hasta_2026-09-22.log.gz,00:13:02,APERTURA,SHORT,1,7386.25,,7383.25,,,,,,
logs_viejos/bot_hasta_2026-09-22.log.gz,00:14:01,CIERRE,SHORT,,7386.25,7384.25,,,,,,+10.00,CRUCE CONTRARIO
logs_viejos/bot_hasta_2026-09-22.log.gz,00:14:02,APERTURA,LONG,1,7384.25,,7387.25,,,,,,
logs_viejos/bot_hasta_2026-09-22.log.gz,00:15:01,CIERRE,LONG,,7384.25,7384.75,,,,,,+2.50,CRUCE CONTRARIO
logs_viejos/bot_hasta_2026-09-22.log.gz,00:15:02,APERTURA,SHORT,1,7384.75,,7381.75,,,,,,
logs_viejos/bot_hasta_2026-09-22.log.gz,00:16:01,CIERRE,SHORT,,7384.75,7385.50,,,,,,-3.75,CRUCE CONTRARIO
logs_viejos/bot_hasta_2026-09-22.log.gz,00:16:02,APERTURA,LONG,1,7385.50,,7388.50,,,,,,
logs_viejos/bot_hasta_2026-09-22.log.gz,00:17:01,CIERRE,LONG,,7385.50,7385.00,,,,,,-2.50,CRUCE CONTRARIO
logs_viejos/bot_hasta_2026-09-22.log.gz,00:17:02,APERTURA,SHORT,1,7385.00,,7382.00,,,,,,
logs_viejos/bot_hasta_2026-09-22.log.gz,00:18:01,CIERRE,SHORT,,7385.00,7385.75,,,,,,-3.75,CRUCE CONTRARIO
logs_viejos/bot_hasta_2026-09-22.log.gz,00:18:02,APERTURA,LONG,1,7385.75,,7388.75,,,,,,
logs_viejos/bot_hasta_2026-09-22.log.gz,00:19:01,CIERRE,LONG,,7385.75,7387.75,,,,,,+10.00,CRUCE CONTRARIO
logs_viejos/bot_hasta_2026-09-22.log.gz,00:19:02,APERTURA,SHORT,1,7387.75,,7384.75,,,,,,
logs_viejos/bot_hasta_2026-09-22.log.gz,00:20:01,CIERRE,SHORT,,7387.75,7387.25,,,,,,+2.50,CRUCE CONTRARIO
logs_viejos/bot_hasta_2026-09-22.log.gz,00:20:02,APERTURA,LONG,1,7387.25,,7390.25,,,,,,
logs_viejos/bot_hasta_2026-09-22.log.gz,00:21:01,CIERRE,LONG,,7387.25,7386.75,,,,,,-2.50,CRUCE CONTRARIO
logs_viejos/bot_hasta_2026-09-22.log.gz,00:21:02,APERTURA,SHORT,1,7386.75,,7383.75,,,,,,
logs_viejos/bot_hasta_2026-09-22.log.gz,00:22:01,CIERRE,SHORT,,7386.75,7386.50,,,,,,+1.25,CRUCE CONTRARIO
logs_viejos/bot_hasta_2026-09-22.log.gz,00:22:02,APERTURA,LONG,1,7386.50,,7389.50,,,,,,
logs_viejos/bot_hasta_2026-09-22.log.gz,00:23:01,CIERRE,LONG,,7386.50,7385.00,,,,,,-7.50,CRUCE CONTRARIO
logs_viejos/bot_hasta_2026-09-22.log.gz,00:23:02,APERTURA,SHORT,1,7385.00,,7382.00,,,,,,
logs_viejos/bot_hasta_2026-09-22.log.gz,00:24:01,CIERRE,SHORT,,7385.00,7383.50,,,,,,+7.50,CRUCE CONTRARIO
logs_viejos/bot_hasta_2026-09-22.log.gz,00:24:02,APERTURA,LONG,1,7383.50,,7386.50,,,,,,
logs_viejos/bot_hasta_2026-09-22.log.gz,00:26:01,CIERRE,LONG,,7383.50,7383.75,,,,,,+1.25,CRUCE CONTRARIO
logs_viejos/bot_hasta_2026-09-22.log.gz,00:26:02,APERTURA,SHORT,1,7383.75,,7380.75,,,,,,
logs_viejos/bot_hasta_2026-09-22.log.gz,00:28:01,CIERRE,SHORT,,7383.75,7382.25,,,,,,+7.50,CRUCE CONTRARIO
logs_viejos/bot_hasta_2026-09-22.log.gz,00:28:02,APERTURA,LONG,1,7382.25,,7385.25,,,,,,
logs_viejos/bot_hasta_2026-09-22.log.gz,00:29:00,CIERRE,LONG,,7382.25,7382.00,,,,,,-1.25,CRUCE CONTRARIO
logs_viejos/bot_hasta_2026-09-22.log.gz,00:29:02,APERTURA,SHORT,1,7382.00,,7379.00,,,,,,
logs_viejos/bot_hasta_2026-09-22.log.gz,00:30:01,CIERRE,SHORT,,7382.00,7382.00,,,,,,+0.00,CRUCE CONTRARIO
logs_viejos/bot_hasta_2026-09-22.log.gz,00:30:02,APERTURA,LONG,1,7382.00,,7385.00,,,,,,
logs_viejos/bot_hasta_2026-09-22.log.gz,00:31:01,CIERRE,LONG,,7382.00,7382.00,,,,,,+0.00,CRUCE CONTRARIO
logs_viejos/bot_hasta_2026-09-22.log.gz,00:31:02,APERTURA,SHORT,1,7382.00,,7379.00,,,,,,
logs_viejos/bot_hasta_2026-09-22.log.gz,00:32:01,CIERRE,SHORT,,7382.00,7382.25,,,,,,-1.25,CRUCE CONTRARIO
logs_viejos/bot_hasta_2026-09-22.log.gz,00:32:02,APERTURA,LONG,1,7382.25,,7385.25,,,,,,
logs_viejos/bot_hasta_2026-09-22.log.gz,00:33:01,CIERRE,LONG,,7382.25,7383.25,,,,,,+5.00,CRUCE CONTRARIO
logs_viejos/bot_hasta_2026-09-22.log.gz,00:33:02,APERTURA,SHORT,1,7383.25,,7380.25,,,,,,
logs_viejos/bot_hasta_2026-09-22.log.gz,00:34:01,CIERRE,SHORT,,7383.25,7384.50,,,,,,-6.25,CRUCE CONTRARIO
logs_viejos/bot_hasta_2026-09-22.log.gz,00:34:02,APERTURA,LONG,1,7384.50,,7387.50,,,,,,
logs_viejos/bot_hasta_2026-09-22.log.gz,00:35:01,CIERRE,LONG,,7384.50,7383.75,,,,,,-3.75,CRUCE CONTRARIO
logs_viejos/bot_hasta_2026-09-22.log.gz,00:35:02,APERTURA,SHORT,1,7383.75,,7380.75,,,,,,
logs_viejos/bot_hasta_2026-09-22.log.gz,00:36:00,CIERRE,SHORT,,7383.75,7382.25,,,,,,+7.50,CRUCE CONTRARIO
logs_viejos/bot_hasta_2026-09-22.log.gz,00:36:02,APERTURA,LONG,1,7382.25,,7385.25,,,,,,
logs_viejos/bot_hasta_2026-09-22.log.gz,00:37:01,CIERRE,LONG,,7382.25,7382.25,,,,,,+0.00,CRUCE CONTRARIO
logs_viejos/bot_hasta_2026-09-22.log.gz,00:37:02,APERTURA,SHORT,1,7382.25,,7379.25,,,,,,
logs_viejos/bot_hasta_2026-09-22.log.gz,00:38:01,CIERRE,SHORT,,7382.25,7384.00,,,,,,-8.75,CRUCE CONTRARIO
logs_viejos/bot_hasta_2026-09-22.log.gz,00:38:02,APERTURA,LONG,1,7384.00,,7387.00,,,,,,
logs_viejos/bot_hasta_2026-09-22.log.gz,00:39:02,CIERRE,LONG,,7384.00,7384.25,,,,,,+1.25,CRUCE CONTRARIO
logs_viejos/bot_hasta_2026-09-22.log.gz,00:39:03,APERTURA,SHORT,1,7384.25,,7381.25,,,,,,
logs_viejos/bot_hasta_2026-09-22.log.gz,00:40:40,CIERRE,SHORT,,7384.25,7381.25,,,,,,+15.00,TAKE PROFIT
logs_viejos/bot_hasta_2026-09-22.log.gz,00:41:13,APERTURA,LONG,1,7381.00,,7384.00,,,,,,
logs_viejos/bot_hasta_2026-09-22.log.gz,00:42:01,CIERRE,LONG,,7381.00,7379.75,,,,,,-6.25,CRUCE CONTRARIO
logs_viejos/bot_hasta_2026-09-22.log.gz,00:42:03,APERTURA,SHORT,1,7379.75,,7376.75,,,,,,
logs_viejos/bot_hasta_2026-09-22.log.gz,00:43:00,CIERRE,SHORT,,7379.75,7379.00,,,,,,+3.75,CRUCE CONTRARIO
logs_viejos/bot_hasta_2026-09-22.log.gz,00:43:02,APERTURA,LONG,1,7379.00,,7382.00,,,,,,
logs_viejos/bot_hasta_2026-09-22.log.gz,00:44:40,CIERRE,LONG,,7379.00,7384.00,,,,,,+25.00,TAKE PROFIT
logs_viejos/bot_hasta_2026-09-22.log.gz,00:45:02,APERTURA,SHORT,1,7383.25,,7380.25,,,,,,
logs_viejos/bot_hasta_2026-09-22.log.gz,00:46:01,CIERRE,SHORT,,7383.25,7381.25,,,,,,+10.00,CRUCE CONTRARIO
logs_viejos/bot_hasta_2026-09-22.log.gz,00:46:02,APERTURA,LONG,1,7381.25,,7384.25,,,,,,
logs_viejos/bot_hasta_2026-09-22.log.gz,00:46:47,CIERRE,LONG,,7381.25,7384.25,,,,,,+15.00,TAKE PROFIT
logs_viejos/bot_hasta_2026-09-22.log.gz,00:47:29,APERTURA,SHORT,1,7384.50,,7381.50,,,,,,
logs_viejos/bot_hasta_2026-09-22.log.gz,00:48:01,CIERRE,SHORT,,7384.50,7384.50,,,,,,+0.00,CRUCE CONTRARIO
logs_viejos/bot_hasta_2026-09-22.log.gz,00:48:02,APERTURA,LONG,1,7384.50,,7387.50,,,,,,
logs_viejos/bot_hasta_2026-09-22.log.gz,00:49:01,CIERRE,LONG,,7384.50,7383.75,,,,,,-3.75,CRUCE CONTRARIO
logs_viejos/bot_hasta_2026-09-22.log.gz,00:49:02,APERTURA,SHORT,1,7383.75,,7380.75,,,,,,
logs_viejos/bot_hasta_2026-09-22.log.gz,00:50:01,CIERRE,SHORT,,7383.75,7385.00,,,,,,-6.25,CRUCE CONTRARIO
logs_viejos/bot_hasta_2026-09-22.log.gz,00:50:02,APERTURA,LONG,1,7385.00,,7388.00,,,,,,
logs_viejos/bot_hasta_2026-09-22.log.gz,00:51:01,CIERRE,LONG,,7385.00,7385.00,,,,,,+0.00,CRUCE CONTRARIO
logs_viejos/bot_hasta_2026-09-22.log.gz,00:51:02,APERTURA,SHORT,1,7385.00,,7382.00,,,,,,
logs_viejos/bot_hasta_2026-09-22.log.gz,00:52:01,CIERRE,SHORT,,7385.00,7386.25,,,,,,-6.25,CRUCE CONTRARIO
logs_viejos/bot_hasta_2026-09-22.log.gz,00:52:02,APERTURA,LONG,1,7386.25,,7389.25,,,,,,
logs_viejos/bot_hasta_2026-09-22.log.gz,00:53:01,CIERRE,LONG,,7386.25,7384.75,,,,,,-7.50,CRUCE CONTRARIO
logs_viejos/bot_hasta_2026-09-22.log.gz,00:53:02,APERTURA,SHORT,1,7384.75,,7381.75,,,,,,
logs_viejos/bot_hasta_2026-09-22.log.gz,00:54:01,CIERRE,SHORT,,7384.75,7387.25,,,,,,-12.50,CRUCE CONTRARIO
logs_viejos/bot_hasta_2026-09-22.log.gz,00:54:02,APERTURA,LONG,1,7387.25,,7390.25,,,,,,
logs_viejos/bot_hasta_2026-09-22.log.gz,00:55:01,CIERRE,LONG,,7387.25,7387.50,,,,,,+1.25,CRUCE CONTRARIO
logs_viejos/bot_hasta_2026-09-22.log.gz,00:55:03,APERTURA,SHORT,1,7387.50,,7384.50,,,,,,
logs_viejos/bot_hasta_2026-09-22.log.gz,02:12:05,APERTURA,LONG,1,7405.00,,7408.00,,,,,,
logs_viejos/bot_hasta_2026-09-22.log.gz,02:37:58,CIERRE,LONG,,7405.00,7399.50,,,,,,-27.50,STOP LOSS
logs_viejos/bot_hasta_2026-09-22.log.gz,03:23:25,APERTURA,LONG,1,7406.50,,7409.50,,,,,,
logs_viejos/bot_hasta_2026-09-22.log.gz,03:39:38,CIERRE,LONG,,7406.50,7409.75,,,,,,+16.25,TAKE PROFIT
logs_viejos/bot_hasta_2026-09-22.log.gz,04:57:29,APERTURA,SHORT,1,7430.00,,7427.00,,,,,,
logs_viejos/bot_hasta_2026-09-22.log.gz,05:15:26,CIERRE,SHORT,,7430.00,7425.50,,,,,,+22.50,TAKE PROFIT
logs_viejos/bot_hasta_2026-09-22.log.gz,05:25:30,APERTURA,LONG,1,7418.25,,7421.25,,,,,,
logs_viejos/bot_hasta_2026-09-22.log.gz,05:41:07,CIERRE,LONG,,7418.25,7412.00,,,,,,-31.25,STOP LOSS
logs_viejos/bot_hasta_2026-09-22.log.gz,06:51:33,APERTURA,LONG,1,7388.75,,7391.75,,,,,,
logs_viejos/bot_hasta_2026-09-22.log.gz,06:52:01,CIERRE,LONG,,7388.75,7385.25,,,,,,-17.50,STOP LOSS
logs_viejos/bot_hasta_2026-09-22.log.gz,06:52:21,APERTURA,LONG,1,7385.75,,7388.75,,,,,,
logs_viejos/bot_hasta_2026-09-22.log.gz,06:53:01,CIERRE,LONG,,7385.75,7386.75,,,,,,+5.00,CRUCE CONTRARIO
logs_viejos/bot_hasta_2026-09-22.log.gz,06:53:02,APERTURA,SHORT,1,7386.75,,7383.75,,,,,,
logs_viejos/bot_hasta_2026-09-22.log.gz,06:54:01,CIERRE,SHORT,,7386.75,7386.00,,,,,,+3.75,CRUCE CONTRARIO
logs_viejos/bot_hasta_2026-09-22.log.gz,06:54:02,APERTURA,LONG,1,7386.00,,7389.00,,,,,,
logs_viejos/bot_hasta_2026-09-22.log.gz,07:12:23,CIERRE,LONG,,7386.00,7398.75,,,,,,+63.75,TAKE PROFIT
logs_viejos/bot_hasta_2026-09-22.log.gz,08:38:37,APERTURA,SHORT,1,7396.00,,7393.00,,,,,,
logs_viejos/bot_hasta_2026-09-22.log.gz,09:29:24,CIERRE,SHORT,,7396.00,7391.25,,,,,,+23.75,TAKE PROFIT
logs_viejos/bot_hasta_2026-09-22.log.gz,09:44:31,APERTURA,LONG,1,7398.00,,7401.00,,,,,,
logs_viejos/bot_hasta_2026-09-22.log.gz,09:56:03,CIERRE,LONG,,7398.00,7401.00,,,,,,+15.00,TAKE PROFIT
logs_viejos/bot_hasta_2026-09-22.log.gz,10:33:29,APERTURA,SHORT,1,7385.00,,7382.00,,,,,,
logs_viejos/bot_hasta_2026-09-22.log.gz,10:34:01,CIERRE,SHORT,,7385.00,7385.75,,,,,,-3.75,CRUCE CONTRARIO
logs_viejos/bot_hasta_2026-09-22.log.gz,10:34:02,APERTURA,LONG,1,7385.75,,7388.75,,,,,,
logs_viejos/bot_hasta_2026-09-22.log.gz,10:34:46,CIERRE,LONG,,7385.75,7382.50,,,,,,-16.25,STOP LOSS
logs_viejos/bot_hasta_2026-09-22.log.gz,10:34:59,APERTURA,LONG,1,7383.25,,7386.25,,,,,,
logs_viejos/bot_hasta_2026-09-22.log.gz,10:36:01,CIERRE,LONG,,7383.25,7382.00,,,,,,-6.25,CRUCE CONTRARIO
logs_viejos/bot_hasta_2026-09-22.log.gz,10:36:02,APERTURA,SHORT,1,7382.00,,7379.00,,,,,,
logs_viejos/bot_hasta_2026-09-22.log.gz,10:37:01,CIERRE,SHORT,,7382.00,7381.25,,,,,,+3.75,CRUCE CONTRARIO
logs_viejos/bot_hasta_2026-09-22.log.gz,10:37:02,APERTURA,LONG,1,7381.25,,7384.25,,,,,,
logs_viejos/bot_hasta_2026-09-22.log.gz,10:38:02,CIERRE,LONG,,7381.25,7384.50,,,,,,+16.25,TAKE PROFIT
logs_viejos/bot_hasta_2026-09-22.log.gz,10:38:15,APERTURA,SHORT,1,7383.50,,7380.50,,,,,,
logs_viejos/bot_hasta_2026-09-22.log.gz,10:39:01,CIERRE,SHORT,,7383.50,7383.00,,,,,,+2.50,CRUCE CONTRARIO
logs_viejos/bot_hasta_2026-09-22.log.gz,10:39:02,APERTURA,LONG,1,7383.00,,7386.00,,,,,,
logs_viejos/bot_hasta_2026-09-22.log.gz,10:40:07,CIERRE,LONG,,7383.00,7391.00,,,,,,+40.00,TAKE PROFIT
logs_viejos/bot_hasta_2026-09-22.log.gz,10:40:24,APERTURA,SHORT,1,7389.25,,7386.25,,,,,,
logs_viejos/bot_hasta_2026-09-22.log.gz,10:41:01,CIERRE,SHORT,,7389.25,7388.75,,,,,,+2.50,CRUCE CONTRARIO
logs_viejos/bot_hasta_2026-09-22.log.gz,10:41:02,APERTURA,LONG,1,7388.75,,7391.75,,,,,,
logs_viejos/bot_hasta_2026-09-22.log.gz,10:41:04,CIERRE,LONG,,7388.75,7382.25,,,,,,-32.50,STOP LOSS
logs_viejos/bot_hasta_2026-09-22.log.gz,10:41:19,APERTURA,LONG,1,7384.75,,7387.75,,,,,,
logs_viejos/bot_hasta_2026-09-22.log.gz,10:42:01,CIERRE,LONG,,7384.75,7384.25,,,,,,-2.50,CRUCE CONTRARIO
logs_viejos/bot_hasta_2026-09-22.log.gz,10:42:02,APERTURA,SHORT,1,7384.25,,7381.25,,,,,,
logs_viejos/bot_hasta_2026-09-22.log.gz,10:43:01,CIERRE,SHORT,,7384.25,7381.75,,,,,,+12.50,CRUCE CONTRARIO
logs_viejos/bot_hasta_2026-09-22.log.gz,10:43:02,APERTURA,LONG,1,7381.75,,7384.75,,,,,,
logs_viejos/bot_hasta_2026-09-22.log.gz,10:43:11,CIERRE,LONG,,7381.75,7385.75,,,,,,+20.00,TAKE PROFIT
logs_viejos/bot_hasta_2026-09-22.log.gz,10:43:34,APERTURA,SHORT,1,7385.00,,7382.00,,,,,,
logs_viejos/bot_hasta_2026-09-22.log.gz,10:44:01,CIERRE,SHORT,,7385.00,7387.00,,,,,,-10.00,CRUCE CONTRARIO
logs_viejos/bot_hasta_2026-09-22.log.gz,10:44:03,APERTURA,LONG,1,7387.00,,7390.00,,,,,,
logs_viejos/bot_hasta_2026-09-22.log.gz,10:45:01,CIERRE,LONG,,7387.00,7385.25,,,,,,-8.75,CRUCE CONTRARIO
logs_viejos/bot_hasta_2026-09-22.log.gz,10:45:02,APERTURA,SHORT,1,7385.25,,7382.25,,,,,,
logs_viejos/bot_hasta_2026-09-22.log.gz,10:45:04,CIERRE,SHORT,,7385.25,7382.25,,,,,,+15.00,TAKE PROFIT
logs_viejos/bot_hasta_2026-09-22.log.gz,10:45:59,APERTURA,LONG,1,7383.75,,7386.75,,,,,,
logs_viejos/bot_hasta_2026-09-22.log.gz,10:46:43,CIERRE,LONG,,7383.75,7388.25,,,,,,+22.50,TAKE PROFIT
logs_viejos/bot_hasta_2026-09-22.log.gz,10:47:27,APERTURA,SHORT,1,7392.25,,7389.25,,,,,,
logs_viejos/bot_hasta_2026-09-22.log.gz,10:48:01,CIERRE,SHORT,,7392.25,7393.25,,,,,,-5.00,CRUCE CONTRARIO
logs_viejos/bot_hasta_2026-09-22.log.gz,10:48:02,APERTURA,LONG,1,7393.25,,7396.25,,,,,,
logs_viejos/bot_hasta_2026-09-22.log.gz,10:49:01,CIERRE,LONG,,7393.25,7393.00,,,,,,-1.25,CRUCE CONTRARIO
logs_viejos/bot_hasta_2026-09-22.log.gz,10:49:02,APERTURA,SHORT,1,7393.00,,7390.00,,,,,,
logs_viejos/bot_hasta_2026-09-22.log.gz,10:50:01,CIERRE,SHORT,,7393.00,7393.25,,,,,,-1.25,CRUCE CONTRARIO
logs_viejos/bot_hasta_2026-09-22.log.gz,10:50:02,APERTURA,LONG,1,7393.25,,7396.25,,,,,,
logs_viejos/bot_hasta_2026-09-22.log.gz,10:50:18,CIERRE,LONG,,7393.25,7389.25,,,,,,-20.00,STOP LOSS
logs_viejos/bot_hasta_2026-09-22.log.gz,10:50:40,APERTURA,LONG,1,7389.25,,7392.25,,,,,,
logs_viejos/bot_hasta_2026-09-22.log.gz,10:50:50,CIERRE,LONG,,7389.25,7386.00,,,,,,-16.25,STOP LOSS
logs_viejos/bot_hasta_2026-09-22.log.gz,10:51:57,APERTURA,LONG,1,7383.25,,7386.25,,,,,,
logs_viejos/bot_hasta_2026-09-22.log.gz,10:52:06,CIERRE,LONG,,7383.25,7380.00,,,,,,-16.25,STOP LOSS
logs_viejos/bot_hasta_2026-09-22.log.gz,10:52:08,APERTURA,SHORT,1,7380.00,,7377.00,,,,,,
logs_viejos/bot_hasta_2026-09-22.log.gz,10:53:01,CIERRE,SHORT,,7380.00,7378.25,,,,,,+8.75,CRUCE CONTRARIO
logs_viejos/bot_hasta_2026-09-22.log.gz,10:53:02,APERTURA,LONG,1,7378.25,,7381.25,,,,,,
logs_viejos/bot_hasta_2026-09-22.log.gz,10:54:01,CIERRE,LONG,,7378.25,7377.75,,,,,,-2.50,CRUCE CONTRARIO
logs_viejos/bot_hasta_2026-09-22.log.gz,10:54:02,APERTURA,SHORT,1,7377.75,,7374.75,,,,,,
logs_viejos/bot_hasta_2026-09-22.log.gz,10:54:38,CIERRE,SHORT,,7377.75,7374.25,,,,,,+17.50,TAKE PROFIT
logs_viejos/bot_hasta_2026-09-22.log.gz,10:54:49,APERTURA,LONG,1,7376.25,,7379.25,,,,,,
logs_viejos/bot_hasta_2026-09-22.log.gz,10:56:01,CIERRE,LONG,,7376.25,7379.00,,,,,,+13.75,CRUCE CONTRARIO
logs_viejos/bot_hasta_2026-09-22.log.gz,10:56:02,APERTURA,SHORT,1,7379.00,,7376.00,,,,,,
logs_viejos/bot_hasta_2026-09-22.log.gz,10:56:04,CIERRE,SHORT,,7379.00,7376.00,,,,,,+15.00,TAKE PROFIT
logs_viejos/bot_hasta_2026-09-22.log.gz,10:56:28,APERTURA,LONG,1,7375.25,,7378.25,,,,,,
logs_viejos/bot_hasta_2026-09-22.log.gz,10:56:58,CIERRE,LONG,,7375.25,7370.00,,,,,,-26.25,STOP LOSS
logs_viejos/bot_hasta_2026-09-22.log.gz,10:57:20,APERTURA,LONG,1,7374.75,,7377.75,,,,,,
logs_viejos/bot_hasta_2026-09-22.log.gz,10:57:41,CIERRE,LONG,,7374.75,7381.50,,,,,,+33.75,TAKE PROFIT
logs_viejos/bot_hasta_2026-09-22.log.gz,10:58:18,APERTURA,SHORT,1,7384.50,,7381.50,,,,,,
logs_viejos/bot_hasta_2026-09-22.log.gz,10:59:01,CIERRE,SHORT,,7384.50,7384.50,,,,,,+0.00,CRUCE CONTRARIO
logs_viejos/bot_hasta_2026-09-22.log.gz,10:59:02,APERTURA,LONG,1,7384.50,,7387.50,,,,,,
logs_viejos/bot_hasta_2026-09-22.log.gz,10:59:09,CIERRE,LONG,,7384.50,7389.75,,,,,,+26.25,TAKE PROFIT
logs_viejos/bot_hasta_2026-09-22.log.gz,10:59:42,APERTURA,SHORT,1,7388.00,,7385.00,,,,,,
logs_viejos/bot_hasta_2026-09-22.log.gz,11:00:03,CIERRE,SHORT,,7388.00,7385.00,,,,,,+15.00,TAKE PROFIT
logs_viejos/bot_hasta_2026-09-22.log.gz,11:00:24,APERTURA,LONG,1,7386.75,,7389.75,,,,,,
logs_viejos/bot_hasta_2026-09-22.log.gz,11:01:01,CIERRE,LONG,,7386.75,7385.00,,,,,,-8.75,CRUCE CONTRARIO
logs_viejos/bot_hasta_2026-09-22.log.gz,11:01:02,APERTURA,SHORT,1,7385.00,,7382.00,,,,,,
logs_viejos/bot_hasta_2026-09-22.log.gz,11:01:38,CIERRE,SHORT,,7385.00,7388.50,,,,,,-17.50,STOP LOSS
logs_viejos/bot_hasta_2026-09-22.log.gz,11:02:43,APERTURA,SHORT,1,7390.25,,7387.25,,,,,,
logs_viejos/bot_hasta_2026-09-22.log.gz,11:04:01,CIERRE,SHORT,,7390.25,7391.00,,,,,,-3.75,CRUCE CONTRARIO
logs_viejos/bot_hasta_2026-09-22.log.gz,11:04:02,APERTURA,LONG,1,7391.00,,7394.00,,,,,,
logs_viejos/bot_hasta_2026-09-22.log.gz,11:04:26,CIERRE,LONG,,7391.00,7394.00,,,,,,+15.00,TAKE PROFIT
logs_viejos/bot_hasta_2026-09-22.log.gz,11:05:02,APERTURA,SHORT,1,7397.25,,7394.25,,,,,,
logs_viejos/bot_hasta_2026-09-22.log.gz,11:05:10,CIERRE,SHORT,,7397.25,7401.25,,,,,,-20.00,STOP LOSS
logs_viejos/bot_hasta_2026-09-22.log.gz,11:06:18,APERTURA,LONG,1,7399.00,,7402.00,,,,,,
logs_viejos/bot_hasta_2026-09-22.log.gz,11:06:39,CIERRE,LONG,,7399.00,7395.25,,,,,,-18.75,STOP LOSS
logs_viejos/bot_hasta_2026-09-22.log.gz,11:07:12,APERTURA,LONG,1,7395.00,,7398.00,,,,,,
logs_viejos/bot_hasta_2026-09-22.log.gz,11:07:56,CIERRE,LONG,,7395.00,7398.00,,,,,,+15.00,TAKE PROFIT
logs_viejos/bot_hasta_2026-09-22.log.gz,11:08:07,APERTURA,SHORT,1,7396.50,,7393.50,,,,,,
logs_viejos/bot_hasta_2026-09-22.log.gz,00:41:45,APERTURA,LONG,1,7362.00,,7365.00,,,,,,
logs_viejos/bot_hasta_2026-09-22.log.gz,00:43:01,CIERRE,LONG,,7362.00,7363.75,,,,,,+8.75,CRUCE CONTRARIO
logs_viejos/bot_hasta_2026-09-22.log.gz,00:43:02,APERTURA,SHORT,1,7363.75,,7360.75,,,,,,
logs_viejos/bot_hasta_2026-09-22.log.gz,00:44:01,CIERRE,SHORT,,7363.75,7363.00,,,,,,+3.75,CRUCE CONTRARIO
logs_viejos/bot_hasta_2026-09-22.log.gz,00:44:03,APERTURA,LONG,1,7363.00,,7366.00,,,,,,
logs_viejos/bot_hasta_2026-09-22.log.gz,02:24:39,CIERRE,LONG,,7363.00,7370.25,,,,,,+36.25,TAKE PROFIT
logs_viejos/bot_hasta_2026-09-22.log.gz,02:25:07,APERTURA,SHORT,1,7369.75,,7366.75,,,,,,
logs_viejos/bot_hasta_2026-09-22.log.gz,02:42:07,CIERRE,SHORT,,7369.75,7376.25,,,,,,-32.50,STOP LOSS
logs_viejos/bot_hasta_2026-09-22.log.gz,03:26:18,APERTURA,SHORT,1,7382.50,,7379.50,,,,,,
logs_viejos/bot_hasta_2026-09-22.log.gz,03:43:37,CIERRE,SHORT,,7382.50,7386.75,,,,,,-21.25,STOP LOSS
logs_viejos/bot_hasta_2026-09-22.log.gz,05:36:10,APERTURA,SHORT,1,7394.00,,7391.00,,,,,,
logs_viejos/bot_hasta_2026-09-22.log.gz,05:51:46,CIERRE,SHORT,,7394.00,7399.75,,,,,,-28.75,STOP LOSS
logs_viejos/bot_hasta_2026-09-22.log.gz,05:52:13,APERTURA,SHORT,1,7399.00,,7396.00,,,,,,
logs_viejos/bot_hasta_2026-09-22.log.gz,06:28:39,CIERRE,SHORT,,7399.00,7393.25,,,,,,+28.75,TAKE PROFIT
logs_viejos/bot_hasta_2026-09-22.log.gz,06:29:12,APERTURA,LONG,1,7396.00,,7399.00,,,,,,
logs_viejos/bot_hasta_2026-09-22.log.gz,07:29:50,CIERRE,LONG,,7396.00,7403.75,,,,,,+38.75,TAKE PROFIT
logs_viejos/bot_hasta_2026-09-22.log.gz,08:01:07,APERTURA,SHORT,1,7403.75,,7400.75,,,,,,
logs_viejos/bot_hasta_2026-09-22.log.gz,08:06:02,CIERRE,SHORT,,7403.75,7400.25,,,,,,+17.50,TAKE PROFIT
logs_viejos/bot_hasta_2026-09-22.log.gz,08:07:09,APERTURA,SHORT,1,7401.25,,7398.25,,,,,,
logs_viejos/bot_hasta_2026-09-22.log.gz,08:08:01,CIERRE,SHORT,,7401.25,7399.75,,,,,,+7.50,CRUCE CONTRARIO
logs_viejos/bot_hasta_2026-09-22.log.gz,08:08:01,APERTURA,LONG,1,7399.75,,7402.75,,,,,,
logs_viejos/bot_hasta_2026-09-22.log.gz,08:09:01,CIERRE,LONG,,7399.75,7400.00,,,,,,+1.25,CRUCE CONTRARIO
logs_viejos/bot_hasta_2026-09-22.log.gz,08:09:02,APERTURA,SHORT,1,7400.00,,7397.00,,,,,,
logs_viejos/bot_hasta_2026-09-22.log.gz,08:10:01,CIERRE,SHORT,,7400.00,7400.50,,,,,,-2.50,CRUCE CONTRARIO
logs_viejos/bot_hasta_2026-09-22.log.gz,08:10:02,APERTURA,LONG,1,7400.50,,7403.50,,,,,,
logs_viejos/bot_hasta_2026-09-22.log.gz,08:11:01,CIERRE,LONG,,7400.50,7400.75,,,,,,+1.25,CRUCE CONTRARIO
logs_viejos/bot_hasta_2026-09-22.log.gz,08:11:02,APERTURA,SHORT,1,7400.75,,7397.75,,,,,,
logs_viejos/bot_hasta_2026-09-22.log.gz,08:12:01,CIERRE,SHORT,,7400.75,7402.50,,,,,,-8.75,CRUCE CONTRARIO
logs_viejos/bot_hasta_2026-09-22.log.gz,08:12:02,APERTURA,LONG,1,7402.50,,7405.50,,,,,,
logs_viejos/bot_hasta_2026-09-22.log.gz,08:13:01,CIERRE,LONG,,7402.50,7400.00,,,,,,-12.50,CRUCE CONTRARIO
logs_viejos/bot_hasta_2026-09-22.log.gz,08:13:02,APERTURA,SHORT,1,7400.00,,7397.00,,,,,,
logs_viejos/bot_hasta_2026-09-22.log.gz,08:14:01,CIERRE,SHORT,,7400.00,7401.00,,,,,,-5.00,CRUCE CONTRARIO
logs_viejos/bot_hasta_2026-09-22.log.gz,08:14:02,APERTURA,LONG,1,7401.00,,7404.00,,,,,,
logs_viejos/bot_hasta_2026-09-22.log.gz,08:15:01,CIERRE,LONG,,7401.00,7401.50,,,,,,+2.50,CRUCE CONTRARIO
logs_viejos/bot_hasta_2026-09-22.log.gz,08:15:02,APERTURA,SHORT,1,7401.50,,7398.50,,,,,,
logs_viejos/bot_hasta_2026-09-22.log.gz,08:16:01,CIERRE,SHORT,,7401.50,7402.75,,,,,,-6.25,CRUCE CONTRARIO
logs_viejos/bot_hasta_2026-09-22.log.gz,08:16:12,APERTURA,LONG,1,7402.75,,7405.75,,,,,,
logs_viejos/bot_hasta_2026-09-22.log.gz,08:18:01,CIERRE,LONG,,7402.75,7403.50,,,,,,+3.75,CRUCE CONTRARIO
logs_viejos/bot_hasta_2026-09-22.log.gz,08:18:02,APERTURA,SHORT,1,7403.50,,7400.50,,,,,,
logs_viejos/bot_hasta_2026-09-22.log.gz,08:19:01,CIERRE,SHORT,,7403.50,7402.00,,,,,,+7.50,CRUCE CONTRARIO
logs_viejos/bot_hasta_2026-09-22.log.gz,08:19:02,APERTURA,LONG,1,7402.00,,7405.00,,,,,,
logs_viejos/bot_hasta_2026-09-22.log.gz,08:20:01,CIERRE,LONG,,7402.00,7401.75,,,,,,-1.25,CRUCE CONTRARIO
logs_viejos/bot_hasta_2026-09-22.log.gz,08:20:02,APERTURA,SHORT,1,7401.75,,7398.75,,,,,,
logs_viejos/bot_hasta_2026-09-22.log.gz,08:21:01,CIERRE,SHORT,,7401.75,7403.00,,,,,,-6.25,CRUCE CONTRARIO
logs_viejos/bot_hasta_2026-09-22.log.gz,08:21:02,APERTURA,LONG,1,7403.00,,7406.00,,,,,,
logs_viejos/bot_hasta_2026-09-22.log.gz,08:22:01,CIERRE,LONG,,7403.00,7402.75,,,,,,-1.25,CRUCE CONTRARIO
logs_viejos/bot_hasta_2026-09-22.log.gz,08:22:02,APERTURA,SHORT,1,7402.75,,7399.75,,,,,,
logs_viejos/bot_hasta_2026-09-22.log.gz,08:23:01,CIERRE,SHORT,,7402.75,7401.75,,,,,,+5.00,CRUCE CONTRARIO
logs_viejos/bot_hasta_2026-09-22.log.gz,08:23:02,APERTURA,LONG,1,7401.75,,7404.75,,,,,,
logs_viejos/bot_hasta_2026-09-22.log.gz,08:25:01,CIERRE,LONG,,7401.75,7399.25,,,,,,-12.50,CRUCE CONTRARIO
logs_viejos/bot_hasta_2026-09-22.log.gz,08:25:03,APERTURA,SHORT,1,7399.25,,7396.25,,,,,,
logs_viejos/bot_hasta_2026-09-22.log.gz,08:26:01,CIERRE,SHORT,,7399.25,7401.00,,,,,,-8.75,CRUCE CONTRARIO
logs_viejos/bot_hasta_2026-09-22.log.gz,08:26:02,APERTURA,LONG,1,7401.00,,7404.00,,,,,,
logs_viejos/bot_hasta_2026-09-22.log.gz,08:27:01,CIERRE,LONG,,7401.00,7401.75,,,,,,+3.75,CRUCE CONTRARIO
logs_viejos/bot_hasta_2026-09-22.log.gz,08:27:02,APERTURA,SHORT,1,7401.75,,7398.75,,,,,,
logs_viejos/bot_hasta_2026-09-22.log.gz,08:28:01,CIERRE,SHORT,,7401.75,7401.25,,,,,,+2.50,CRUCE CONTRARIO
logs_viejos/bot_hasta_2026-09-22.log.gz,08:28:02,APERTURA,LONG,1,7401.25,,7404.25,,,,,,
logs_viejos/bot_hasta_2026-09-22.log.gz,08:29:01,CIERRE,LONG,,7401.25,7401.25,,,,,,+0.00,CRUCE CONTRARIO
logs_viejos/bot_hasta_2026-09-22.log.gz,08:29:02,APERTURA,SHORT,1,7401.25,,7398.25,,,,,,
logs_viejos/bot_hasta_2026-09-22.log.gz,08:30:01,CIERRE,SHORT,,7401.25,7401.50,,,,,,-1.25,CRUCE CONTRARIO
logs_viejos/bot_hasta_2026-09-22.log.gz,08:30:02,APERTURA,LONG,1,7401.50,,7404.50,,,,,,
logs_viejos/bot_hasta_2026-09-22.log.gz,08:31:01,CIERRE,LONG,,7401.50,7402.00,,,,,,+2.50,CRUCE CONTRARIO
logs_viejos/bot_hasta_2026-09-22.log.gz,08:31:02,APERTURA,SHORT,1,7402.00,,7399.00,,,,,,
logs_viejos/bot_hasta_2026-09-22.log.gz,08:32:01,CIERRE,SHORT,,7402.00,7402.00,,,,,,+0.00,CRUCE CONTRARIO
logs_viejos/bot_hasta_2026-09-22.log.gz,08:32:02,APERTURA,LONG,1,7402.00,,7405.00,,,,,,
logs_viejos/bot_hasta_2026-09-22.log.gz,08:33:01,CIERRE,LONG,,7402.00,7403.00,,,,,,+5.00,CRUCE CONTRARIO
logs_viejos/bot_hasta_2026-09-22.log.gz,08:33:02,APERTURA,SHORT,1,7403.00,,7400.00,,,,,,
logs_viejos/bot_hasta_2026-09-22.log.gz,08:35:01,CIERRE,SHORT,,7403.00,7404.75,,,,,,-8.75,CRUCE CONTRARIO
logs_viejos/bot_hasta_2026-09-22.log.gz,08:35:02,APERTURA,LONG,1,7404.75,,7407.75,,,,,,
logs_viejos/bot_hasta_2026-09-22.log.gz,08:36:01,CIERRE,LONG,,7404.75,7404.50,,,,,,-1.25,CRUCE CONTRARIO
logs_viejos/bot_hasta_2026-09-22.log.gz,08:36:03,APERTURA,SHORT,1,7404.50,,7401.50,,,,,,
logs_viejos/bot_hasta_2026-09-22.log.gz,08:37:00,CIERRE,SHORT,,7404.50,7403.25,,,,,,+6.25,CRUCE CONTRARIO
logs_viejos/bot_hasta_2026-09-22.log.gz,08:37:01,APERTURA,LONG,1,7403.25,,7406.25,,,,,,
logs_viejos/bot_hasta_2026-09-22.log.gz,08:38:00,CIERRE,LONG,,7403.25,7403.00,,,,,,-1.25,CRUCE CONTRARIO
logs_viejos/bot_hasta_2026-09-22.log.gz,08:38:01,APERTURA,SHORT,1,7403.00,,7400.00,,,,,,
logs_viejos/bot_hasta_2026-09-22.log.gz,08:39:01,CIERRE,SHORT,,7403.00,7403.00,,,,,,+0.00,CRUCE CONTRARIO
logs_viejos/bot_hasta_2026-09-22.log.gz,08:39:02,APERTURA,LONG,1,7403.00,,7406.00,,,,,,
logs_viejos/bot_hasta_2026-09-22.log.gz,08:40:01,CIERRE,LONG,,7403.00,7404.75,,,,,,+8.75,CRUCE CONTRARIO
logs_viejos/bot_hasta_2026-09-22.log.gz,08:40:02,APERTURA,SHORT,1,7404.75,,7401.75,,,,,,
logs_viejos/bot_hasta_2026-09-22.log.gz,08:42:01,CIERRE,SHORT,,7404.75,7405.75,,,,,,-5.00,CRUCE CONTRARIO
logs_viejos/bot_hasta_2026-09-22.log.gz,08:42:02,APERTURA,LONG,1,7405.75,,7408.75,,,,,,
logs_viejos/bot_hasta_2026-09-22.log.gz,08:43:01,CIERRE,LONG,,7405.75,7406.25,,,,,,+2.50,CRUCE CONTRARIO
logs_viejos/bot_hasta_2026-09-22.log.gz,08:43:02,APERTURA,SHORT,1,7406.25,,7403.25,,,,,,
logs_viejos/bot_hasta_2026-09-22.log.gz,08:44:01,CIERRE,SHORT,,7406.25,7405.75,,,,,,+2.50,CRUCE CONTRARIO
logs_viejos/bot_hasta_2026-09-22.log.gz,08:44:02,APERTURA,LONG,1,7405.75,,7408.75,,,,,,
logs_viejos/bot_hasta_2026-09-22.log.gz,08:45:01,CIERRE,LONG,,7405.75,7406.00,,,,,,+1.25,CRUCE CONTRARIO
logs_viejos/bot_hasta_2026-09-22.log.gz,08:45:02,APERTURA,SHORT,1,7406.00,,7403.00,,,,,,
logs_viejos/bot_hasta_2026-09-22.log.gz,08:46:01,CIERRE,SHORT,,7406.00,7407.00,,,,,,-5.00,CRUCE CONTRARIO
logs_viejos/bot_hasta_2026-09-22.log.gz,08:46:02,APERTURA,LONG,1,7407.00,,7410.00,,,,,,
logs_viejos/bot_hasta_2026-09-22.log.gz,08:47:01,CIERRE,LONG,,7407.00,7404.50,,,,,,-12.50,CRUCE CONTRARIO
logs_viejos/bot_hasta_2026-09-22.log.gz,08:47:02,APERTURA,SHORT,1,7404.50,,7401.50,,,,,,
logs_viejos/bot_hasta_2026-09-22.log.gz,08:48:01,CIERRE,SHORT,,7404.50,7405.00,,,,,,-2.50,CRUCE CONTRARIO
logs_viejos/bot_hasta_2026-09-22.log.gz,08:48:02,APERTURA,LONG,1,7405.00,,7408.00,,,,,,
logs_viejos/bot_hasta_2026-09-22.log.gz,08:49:01,CIERRE,LONG,,7405.00,7404.50,,,,,,-2.50,CRUCE CONTRARIO
logs_viejos/bot_hasta_2026-09-22.log.gz,08:49:02,APERTURA,SHORT,1,7404.50,,7401.50,,,,,,
logs_viejos/bot_hasta_2026-09-22.log.gz,08:50:01,CIERRE,SHORT,,7404.50,7402.75,,,,,,+8.75,CRUCE CONTRARIO
logs_viejos/bot_hasta_2026-09-22.log.gz,08:50:02,APERTURA,LONG,1,7402.75,,7405.75,,,,,,
logs_viejos/bot_hasta_2026-09-22.log.gz,08:51:01,CIERRE,LONG,,7402.75,7402.25,,,,,,-2.50,CRUCE CONTRARIO
logs_viejos/bot_hasta_2026-09-22.log.gz,08:51:02,APERTURA,SHORT,1,7402.25,,7399.25,,,,,,
logs_viejos/bot_hasta_2026-09-22.log.gz,00:00:53,APERTURA,SHORT,1,7438.00,,7435.00,,,,,,
logs_viejos/bot_hasta_2026-09-22.log.gz,00:16:25,CIERRE,SHORT,,7438.00,7441.00,,,,,,-15.00,STOP LOSS
logs_viejos/bot_hasta_2026-09-22.log.gz,00:17:17,APERTURA,SHORT,1,7440.75,,7437.75,,,,,,
logs_viejos/bot_hasta_2026-09-22.log.gz,00:18:00,CIERRE,SHORT,,7440.75,7439.00,,,,,,+8.75,CRUCE CONTRARIO
logs_viejos/bot_hasta_2026-09-22.log.gz,00:18:01,APERTURA,LONG,1,7439.00,,7442.00,,,,,,
logs_viejos/bot_hasta_2026-09-22.log.gz,00:19:01,CIERRE,LONG,,7439.00,7439.50,,,,,,+2.50,CRUCE CONTRARIO
logs_viejos/bot_hasta_2026-09-22.log.gz,00:19:02,APERTURA,SHORT,1,7439.50,,7436.50,,,,,,
logs_viejos/bot_hasta_2026-09-22.log.gz,00:34:25,CIERRE,SHORT,,7439.50,7444.50,,,,,,-25.00,STOP LOSS
logs_viejos/bot_hasta_2026-09-22.log.gz,00:35:03,APERTURA,SHORT,1,7444.75,,7441.75,,,,,,
logs_viejos/bot_hasta_2026-09-22.log.gz,00:36:01,CIERRE,SHORT,,7444.75,7443.50,,,,,,+6.25,CRUCE CONTRARIO
logs_viejos/bot_hasta_2026-09-22.log.gz,00:36:03,APERTURA,LONG,1,7443.50,,7446.50,,,,,,
logs_viejos/bot_hasta_2026-09-22.log.gz,00:37:01,CIERRE,LONG,,7443.50,7442.75,,,,,,-3.75,CRUCE CONTRARIO
logs_viejos/bot_hasta_2026-09-22.log.gz,00:37:02,APERTURA,SHORT,1,7442.75,,7439.75,,,,,,
logs_viejos/bot_hasta_2026-09-22.log.gz,00:38:01,CIERRE,SHORT,,7442.75,7442.75,,,,,,+0.00,CRUCE CONTRARIO
logs_viejos/bot_hasta_2026-09-22.log.gz,00:38:02,APERTURA,LONG,1,7442.75,,7445.75,,,,,,
logs_viejos/bot_hasta_2026-09-22.log.gz,00:39:02,CIERRE,LONG,,7442.75,7443.50,,,,,,+3.75,CRUCE CONTRARIO
logs_viejos/bot_hasta_2026-09-22.log.gz,00:39:03,APERTURA,SHORT,1,7443.50,,7440.50,,,,,,
logs_viejos/bot_hasta_2026-09-22.log.gz,00:41:01,CIERRE,SHORT,,7443.50,7444.75,,,,,,-6.25,CRUCE CONTRARIO
logs_viejos/bot_hasta_2026-09-22.log.gz,00:41:02,APERTURA,LONG,1,7444.75,,7447.75,,,,,,
logs_viejos/bot_hasta_2026-09-22.log.gz,00:42:01,CIERRE,LONG,,7444.75,7444.75,,,,,,+0.00,CRUCE CONTRARIO
logs_viejos/bot_hasta_2026-09-22.log.gz,00:42:02,APERTURA,SHORT,1,7444.75,,7441.75,,,,,,
logs_viejos/bot_hasta_2026-09-22.log.gz,00:45:02,CIERRE,SHORT,,7444.75,7444.25,,,,,,+2.50,CRUCE CONTRARIO
logs_viejos/bot_hasta_2026-09-22.log.gz,00:45:03,APERTURA,LONG,1,7444.25,,7447.25,,,,,,
logs_viejos/bot_hasta_2026-09-22.log.gz,00:46:03,CIERRE,LONG,,7444.25,7444.00,,,,,,-1.25,CRUCE CONTRARIO
logs_viejos/bot_hasta_2026-09-22.log.gz,00:46:04,APERTURA,SHORT,1,7444.00,,7441.00,,,,,,
logs_viejos/bot_hasta_2026-09-22.log.gz,00:47:01,CIERRE,SHORT,,7444.00,7443.75,,,,,,+1.25,CRUCE CONTRARIO
logs_viejos/bot_hasta_2026-09-22.log.gz,00:47:02,APERTURA,LONG,1,7443.75,,7446.75,,,,,,
logs_viejos/bot_hasta_2026-09-22.log.gz,00:49:01,CIERRE,LONG,,7443.75,7445.25,,,,,,+7.50,CRUCE CONTRARIO
logs_viejos/bot_hasta_2026-09-22.log.gz,00:49:02,APERTURA,SHORT,1,7445.25,,7442.25,,,,,,
logs_viejos/bot_hasta_2026-09-22.log.gz,00:50:01,CIERRE,SHORT,,7445.25,7444.50,,,,,,+3.75,CRUCE CONTRARIO
logs_viejos/bot_hasta_2026-09-22.log.gz,00:50:02,APERTURA,LONG,1,7444.50,,7447.50,,,,,,
logs_viejos/bot_hasta_2026-09-22.log.gz,00:52:01,CIERRE,LONG,,7444.50,7445.25,,,,,,+3.75,CRUCE CONTRARIO
logs_viejos/bot_hasta_2026-09-22.log.gz,00:52:02,APERTURA,SHORT,1,7445.25,,7442.25,,,,,,
logs_viejos/bot_hasta_2026-09-22.log.gz,00:55:01,CIERRE,SHORT,,7445.25,7447.75,,,,,,-12.50,CRUCE CONTRARIO
logs_viejos/bot_hasta_2026-09-22.log.gz,00:55:03,APERTURA,LONG,1,7447.75,,7450.75,,,,,,
logs_viejos/bot_hasta_2026-09-22.log.gz,00:56:01,CIERRE,LONG,,7447.75,7447.00,,,,,,-3.75,CRUCE CONTRARIO
logs_viejos/bot_hasta_2026-09-22.log.gz,00:56:02,APERTURA,SHORT,1,7447.00,,7444.00,,,,,,
logs_viejos/bot_hasta_2026-09-22.log.gz,00:57:01,CIERRE,SHORT,,7447.00,7446.75,,,,,,+1.25,CRUCE CONTRARIO
logs_viejos/bot_hasta_2026-09-22.log.gz,00:57:02,APERTURA,LONG,1,7446.75,,7449.75,,,,,,
logs_viejos/bot_hasta_2026-09-22.log.gz,00:58:01,CIERRE,LONG,,7446.75,7445.25,,,,,,-7.50,CRUCE CONTRARIO
logs_viejos/bot_hasta_2026-09-22.log.gz,00:58:02,APERTURA,SHORT,1,7445.25,,7442.25,,,,,,
logs_viejos/bot_hasta_2026-09-22.log.gz,00:59:01,CIERRE,SHORT,,7445.25,7445.50,,,,,,-1.25,CRUCE CONTRARIO
logs_viejos/bot_hasta_2026-09-22.log.gz,00:59:02,APERTURA,LONG,1,7445.50,,7448.50,,,,,,
logs_viejos/bot_hasta_2026-09-22.log.gz,01:00:01,CIERRE,LONG,,7445.50,7444.25,,,,,,-6.25,CRUCE CONTRARIO
logs_viejos/bot_hasta_2026-09-22.log.gz,01:00:02,APERTURA,SHORT,1,7444.25,,7441.25,,,,,,
logs_viejos/bot_hasta_2026-09-22.log.gz,01:41:19,CIERRE,SHORT,,7444.25,7449.75,,,,,,-27.50,STOP LOSS
logs_viejos/bot_hasta_2026-09-22.log.gz,01:42:03,APERTURA,SHORT,1,7449.25,,7446.25,,,,,,
logs_viejos/bot_hasta_2026-09-22.log.gz,01:43:01,CIERRE,SHORT,,7449.25,7449.50,,,,,,-1.25,CRUCE CONTRARIO
logs_viejos/bot_hasta_2026-09-22.log.gz,01:43:02,APERTURA,LONG,1,7449.50,,7452.50,,,,,,
logs_viejos/bot_hasta_2026-09-22.log.gz,01:44:01,CIERRE,LONG,,7449.50,7448.50,,,,,,-5.00,CRUCE CONTRARIO
logs_viejos/bot_hasta_2026-09-22.log.gz,01:44:02,APERTURA,SHORT,1,7448.50,,7445.50,,,,,,
logs_viejos/bot_hasta_2026-09-22.log.gz,01:45:00,CIERRE,SHORT,,7448.50,7448.75,,,,,,-1.25,CRUCE CONTRARIO
logs_viejos/bot_hasta_2026-09-22.log.gz,01:45:01,APERTURA,LONG,1,7448.75,,7451.75,,,,,,
logs_viejos/bot_hasta_2026-09-22.log.gz,01:46:01,CIERRE,LONG,,7448.75,7448.75,,,,,,+0.00,CRUCE CONTRARIO
logs_viejos/bot_hasta_2026-09-22.log.gz,01:46:02,APERTURA,SHORT,1,7448.75,,7445.75,,,,,,
logs_viejos/bot_hasta_2026-09-22.log.gz,01:47:01,CIERRE,SHORT,,7448.75,7448.00,,,,,,+3.75,CRUCE CONTRARIO
logs_viejos/bot_hasta_2026-09-22.log.gz,01:47:02,APERTURA,LONG,1,7448.00,,7451.00,,,,,,
logs_viejos/bot_hasta_2026-09-22.log.gz,01:48:01,CIERRE,LONG,,7448.00,7448.00,,,,,,+0.00,CRUCE CONTRARIO
logs_viejos/bot_hasta_2026-09-22.log.gz,01:48:02,APERTURA,SHORT,1,7448.00,,7445.00,,,,,,
logs_viejos/bot_hasta_2026-09-22.log.gz,01:49:01,CIERRE,SHORT,,7448.00,7448.50,,,,,,-2.50,CRUCE CONTRARIO
logs_viejos/bot_hasta_2026-09-22.log.gz,01:49:02,APERTURA,LONG,1,7448.50,,7451.50,,,,,,
logs_viejos/bot_hasta_2026-09-22.log.gz,01:52:01,CIERRE,LONG,,7448.50,7449.50,,,,,,+5.00,CRUCE CONTRARIO
logs_viejos/bot_hasta_2026-09-22.log.gz,01:52:02,APERTURA,SHORT,1,7449.50,,7446.50,,,,,,
logs_viejos/bot_hasta_2026-09-22.log.gz,01:53:00,CIERRE,SHORT,,7449.50,7449.50,,,,,,+0.00,CRUCE CONTRARIO
logs_viejos/bot_hasta_2026-09-22.log.gz,01:53:01,APERTURA,LONG,1,7449.50,,7452.50,,,,,,
logs_viejos/bot_hasta_2026-09-22.log.gz,01:54:01,CIERRE,LONG,,7449.50,7450.00,,,,,,+2.50,CRUCE CONTRARIO
logs_viejos/bot_hasta_2026-09-22.log.gz,01:54:02,APERTURA,SHORT,1,7450.00,,7447.00,,,,,,
logs_viejos/bot_hasta_2026-09-22.log.gz,02:02:19,CIERRE,SHORT,,7450.00,7451.00,,,,,,-5.00,CRUCE CONTRARIO
logs_viejos/bot_hasta_2026-09-22.log.gz,02:02:20,APERTURA,LONG,1,7451.00,,7454.00,,,,,,
logs_viejos/bot_hasta_2026-09-22.log.gz,02:18:30,CIERRE,LONG,,7451.00,7454.75,,,,,,+18.75,TAKE PROFIT
logs_viejos/bot_hasta_2026-09-22.log.gz,02:19:17,APERTURA,LONG,1,7453.25,,7456.25,,,,,,
logs_viejos/bot_hasta_2026-09-22.log.gz,02:52:47,CIERRE,LONG,,7453.25,7447.50,,,,,,-28.75,STOP LOSS
logs_viejos/bot_hasta_2026-09-22.log.gz,03:19:34,APERTURA,LONG,1,7450.25,,7453.25,,,,,,
logs_viejos/bot_hasta_2026-09-22.log.gz,03:20:01,CIERRE,LONG,,7450.25,7448.50,,,,,,-8.75,CRUCE CONTRARIO
logs_viejos/bot_hasta_2026-09-22.log.gz,03:20:02,APERTURA,SHORT,1,7448.50,,7445.50,,,,,,
logs_viejos/bot_hasta_2026-09-22.log.gz,03:36:39,CIERRE,SHORT,,7448.50,7448.00,,,,,,+2.50,CRUCE CONTRARIO
logs_viejos/bot_hasta_2026-09-22.log.gz,03:36:40,APERTURA,LONG,1,7448.00,,7451.00,,,,,,
logs_viejos/bot_hasta_2026-09-22.log.gz,03:52:53,CIERRE,LONG,,7448.00,7442.25,,,,,,-28.75,STOP LOSS
logs_viejos/bot_hasta_2026-09-22.log.gz,04:04:53,APERTURA,LONG,1,7436.00,,7439.00,,,,,,
logs_viejos/bot_hasta_2026-09-22.log.gz,04:21:25,CIERRE,LONG,,7436.00,7432.00,,,,,,-20.00,STOP LOSS
logs_viejos/bot_hasta_2026-09-22.log.gz,04:39:54,APERTURA,LONG,1,7431.50,,7434.50,,,,,,
logs_viejos/bot_hasta_2026-09-22.log.gz,04:56:00,CIERRE,LONG,,7431.50,7436.50,,,,,,+25.00,TAKE PROFIT
logs_viejos/bot_hasta_2026-09-22.log.gz,04:56:33,APERTURA,SHORT,1,7436.25,,7433.25,,,,,,
logs_viejos/bot_hasta_2026-09-22.log.gz,05:05:19,CIERRE,SHORT,,7436.25,7440.25,,,,,,-20.00,STOP LOSS
logs_viejos/bot_hasta_2026-09-22.log.gz,05:05:49,APERTURA,SHORT,1,7440.25,,7437.25,,,,,,
logs_viejos/bot_hasta_2026-09-22.log.gz,05:11:01,CIERRE,SHORT,,7440.25,7440.75,,,,,,-2.50,CRUCE CONTRARIO
logs_viejos/bot_hasta_2026-09-22.log.gz,05:11:04,APERTURA,LONG,1,7440.75,,7443.75,,,,,,
logs_viejos/bot_hasta_2026-09-22.log.gz,05:12:01,CIERRE,LONG,,7440.75,7439.75,,,,,,-5.00,CRUCE CONTRARIO
logs_viejos/bot_hasta_2026-09-22.log.gz,05:12:02,APERTURA,SHORT,1,7439.75,,7436.75,,,,,,
logs_viejos/bot_hasta_2026-09-22.log.gz,05:13:01,CIERRE,SHORT,,7439.75,7442.25,,,,,,-12.50,CRUCE CONTRARIO
logs_viejos/bot_hasta_2026-09-22.log.gz,05:13:02,APERTURA,LONG,1,7442.25,,7445.25,,,,,,
logs_viejos/bot_hasta_2026-09-22.log.gz,05:14:03,CIERRE,LONG,,7442.25,7444.25,,,,,,+10.00,CRUCE CONTRARIO
logs_viejos/bot_hasta_2026-09-22.log.gz,05:14:04,APERTURA,SHORT,1,7444.25,,7441.25,,,,,,
logs_viejos/bot_hasta_2026-09-22.log.gz,05:15:04,CIERRE,SHORT,,7444.25,7446.50,,,,,,-11.25,CRUCE CONTRARIO
logs_viejos/bot_hasta_2026-09-22.log.gz,05:15:05,APERTURA,LONG,1,7446.50,,7449.50,,,,,,
logs_viejos/bot_hasta_2026-09-22.log.gz,05:16:01,CIERRE,LONG,,7446.50,7448.50,,,,,,+10.00,CRUCE CONTRARIO
logs_viejos/bot_hasta_2026-09-22.log.gz,05:16:02,APERTURA,SHORT,1,7448.50,,7445.50,,,,,,
logs_viejos/bot_hasta_2026-09-22.log.gz,05:17:06,CIERRE,SHORT,,7448.50,7451.75,,,,,,-16.25,STOP LOSS
logs_viejos/bot_hasta_2026-09-22.log.gz,05:17:26,APERTURA,SHORT,1,7451.25,,7448.25,,,,,,
logs_viejos/bot_hasta_2026-09-22.log.gz,13:20:36,CIERRE,SHORT,,7451.25,7436.00,,,,,,+76.25,CIERRE MANUAL
logs_viejos/bot_hasta_2026-09-22.log.gz,13:22:14,APERTURA,SHORT,1,7435.00,,7432.00,,,,,,
logs_viejos/bot_hasta_2026-09-22.log.gz,13:23:01,CIERRE,SHORT,,7435.00,7433.75,,,,,,+6.25,CRUCE CONTRARIO
logs_viejos/bot_hasta_2026-09-22.log.gz,13:23:02,APERTURA,LONG,1,7433.75,,7436.75,,,,,,
logs_viejos/bot_hasta_2026-09-22.log.gz,13:23:26,CIERRE,LONG,,7433.75,7430.50,,,,,,-16.25,STOP LOSS
logs_viejos/bot_hasta_2026-09-22.log.gz,13:23:40,APERTURA,LONG,1,7431.50,,7434.50,,,,,,
logs_viejos/bot_hasta_2026-09-22.log.gz,13:25:01,CIERRE,LONG,,7431.50,7431.00,,,,,,-2.50,CRUCE CONTRARIO
logs_viejos/bot_hasta_2026-09-22.log.gz,13:25:02,APERTURA,SHORT,1,7431.00,,7428.00,,,,,,
logs_viejos/bot_hasta_2026-09-22.log.gz,13:25:36,CIERRE,SHORT,,7431.00,7428.00,,,,,,+15.00,TAKE PROFIT
logs_viejos/bot_hasta_2026-09-22.log.gz,13:25:58,APERTURA,LONG,1,7429.50,,7432.50,,,,,,
logs_viejos/bot_hasta_2026-09-22.log.gz,13:27:01,CIERRE,LONG,,7429.50,7429.25,,,,,,-1.25,CRUCE CONTRARIO
logs_viejos/bot_hasta_2026-09-22.log.gz,13:27:02,APERTURA,SHORT,1,7429.25,,7426.25,,,,,,
logs_viejos/bot_hasta_2026-09-22.log.gz,13:27:59,CIERRE,SHORT,,7429.25,7432.25,,,,,,-15.00,STOP LOSS
logs_viejos/bot_hasta_2026-09-22.log.gz,13:28:13,APERTURA,SHORT,1,7431.25,,7428.25,,,,,,
logs_viejos/bot_hasta_2026-09-22.log.gz,13:29:01,CIERRE,SHORT,,7431.25,7432.25,,,,,,-5.00,CRUCE CONTRARIO
logs_viejos/bot_hasta_2026-09-22.log.gz,13:29:02,APERTURA,LONG,1,7432.25,,7435.25,,,,,,
logs_viejos/bot_hasta_2026-09-22.log.gz,13:29:25,CIERRE,LONG,,7432.25,7429.00,,,,,,-16.25,STOP LOSS
logs_viejos/bot_hasta_2026-09-22.log.gz,13:30:10,APERTURA,LONG,1,7430.00,,7433.00,,,,,,
logs_viejos/bot_hasta_2026-09-22.log.gz,13:31:01,CIERRE,LONG,,7430.00,7428.00,,,,,,-10.00,CRUCE CONTRARIO
logs_viejos/bot_hasta_2026-09-22.log.gz,13:31:02,APERTURA,SHORT,1,7428.00,,7425.00,,,,,,
logs_viejos/bot_hasta_2026-09-22.log.gz,13:32:01,CIERRE,SHORT,,7428.00,7428.75,,,,,,-3.75,CRUCE CONTRARIO
logs_viejos/bot_hasta_2026-09-22.log.gz,13:32:02,APERTURA,LONG,1,7428.75,,7431.75,,,,,,
logs_viejos/bot_hasta_2026-09-22.log.gz,13:32:42,CIERRE,LONG,,7428.75,7425.25,,,,,,-17.50,STOP LOSS
logs_viejos/bot_hasta_2026-09-22.log.gz,13:33:17,APERTURA,LONG,1,7424.00,,7427.00,,,,,,
logs_viejos/bot_hasta_2026-09-22.log.gz,13:34:01,CIERRE,LONG,,7424.00,7424.75,,,,,,+3.75,CRUCE CONTRARIO
logs_viejos/bot_hasta_2026-09-22.log.gz,13:34:02,APERTURA,SHORT,1,7424.75,,7421.75,,,,,,
logs_viejos/bot_hasta_2026-09-22.log.gz,13:35:01,CIERRE,SHORT,,7424.75,7425.75,,,,,,-5.00,CRUCE CONTRARIO
logs_viejos/bot_hasta_2026-09-22.log.gz,13:35:02,APERTURA,LONG,1,7425.75,,7428.75,,,,,,
logs_viejos/bot_hasta_2026-09-22.log.gz,13:35:46,CIERRE,LONG,,7425.75,7422.75,,,,,,-15.00,STOP LOSS
logs_viejos/bot_hasta_2026-09-22.log.gz,13:36:03,APERTURA,LONG,1,7423.25,,7426.25,,,,,,
logs_viejos/bot_hasta_2026-09-22.log.gz,13:37:01,CIERRE,LONG,,7423.25,7423.50,,,,,,+1.25,CRUCE CONTRARIO
logs_viejos/bot_hasta_2026-09-22.log.gz,13:37:02,APERTURA,SHORT,1,7423.50,,7420.50,,,,,,
logs_viejos/bot_hasta_2026-09-22.log.gz,13:38:00,CIERRE,SHORT,,7423.50,7425.75,,,,,,-11.25,CRUCE CONTRARIO
logs_viejos/bot_hasta_2026-09-22.log.gz,13:38:01,APERTURA,LONG,1,7425.75,,7428.75,,,,,,
logs_viejos/bot_hasta_2026-09-22.log.gz,13:39:01,CIERRE,LONG,,7425.75,7425.00,,,,,,-3.75,CRUCE CONTRARIO
logs_viejos/bot_hasta_2026-09-22.log.gz,13:39:02,APERTURA,SHORT,1,7425.00,,7422.00,,,,,,
logs_viejos/bot_hasta_2026-09-22.log.gz,13:40:01,CIERRE,SHORT,,7425.00,7424.75,,,,,,+1.25,CRUCE CONTRARIO
logs_viejos/bot_hasta_2026-09-22.log.gz,13:40:02,APERTURA,LONG,1,7424.75,,7427.75,,,,,,
logs_viejos/bot_hasta_2026-09-22.log.gz,13:41:02,CIERRE,LONG,,7424.75,7426.25,,,,,,+7.50,CRUCE CONTRARIO
logs_viejos/bot_hasta_2026-09-22.log.gz,13:41:03,APERTURA,SHORT,1,7426.25,,7423.25,,,,,,
logs_viejos/bot_hasta_2026-09-22.log.gz,13:42:00,CIERRE,SHORT,,7426.25,7425.50,,,,,,+3.75,CRUCE CONTRARIO
logs_viejos/bot_hasta_2026-09-22.log.gz,13:42:02,APERTURA,LONG,1,7425.50,,7428.50,,,,,,
logs_viejos/bot_hasta_2026-09-22.log.gz,13:43:59,CIERRE,LONG,,7425.50,7428.50,,,,,,+15.00,TAKE PROFIT
logs_viejos/bot_hasta_2026-09-22.log.gz,13:44:10,APERTURA,SHORT,1,7427.00,,7424.00,,,,,,
logs_viejos/bot_hasta_2026-09-22.log.gz,13:45:01,CIERRE,SHORT,,7427.00,7427.50,,,,,,-2.50,CRUCE CONTRARIO
logs_viejos/bot_hasta_2026-09-22.log.gz,13:45:02,APERTURA,LONG,1,7427.50,,7430.50,,,,,,
logs_viejos/bot_hasta_2026-09-22.log.gz,13:46:01,CIERRE,LONG,,7427.50,7429.00,,,,,,+7.50,CRUCE CONTRARIO
logs_viejos/bot_hasta_2026-09-22.log.gz,13:46:02,APERTURA,SHORT,1,7429.00,,7426.00,,,,,,
logs_viejos/bot_hasta_2026-09-22.log.gz,13:47:01,CIERRE,SHORT,,7429.00,7427.25,,,,,,+8.75,CRUCE CONTRARIO
logs_viejos/bot_hasta_2026-09-22.log.gz,13:47:02,APERTURA,LONG,1,7427.25,,7430.25,,,,,,
logs_viejos/bot_hasta_2026-09-22.log.gz,13:48:01,CIERRE,LONG,,7427.25,7425.25,,,,,,-10.00,CRUCE CONTRARIO
logs_viejos/bot_hasta_2026-09-22.log.gz,13:48:02,APERTURA,SHORT,1,7425.25,,7422.25,,,,,,
logs_viejos/bot_hasta_2026-09-22.log.gz,13:48:25,CIERRE,SHORT,,7425.25,7422.00,,,,,,+16.25,TAKE PROFIT
logs_viejos/bot_hasta_2026-09-22.log.gz,13:49:09,APERTURA,LONG,1,7421.75,,7424.75,,,,,,
logs_viejos/bot_hasta_2026-09-22.log.gz,13:50:47,CIERRE,LONG,,7421.75,7424.75,,,,,,+15.00,TAKE PROFIT
logs_viejos/bot_hasta_2026-09-22.log.gz,13:51:09,APERTURA,SHORT,1,7423.75,,7420.75,,,,,,
logs_viejos/bot_hasta_2026-09-22.log.gz,13:52:01,CIERRE,SHORT,,7423.75,7425.00,,,,,,-6.25,CRUCE CONTRARIO
logs_viejos/bot_hasta_2026-09-22.log.gz,13:52:02,APERTURA,LONG,1,7425.00,,7428.00,,,,,,
logs_viejos/bot_hasta_2026-09-22.log.gz,13:53:02,CIERRE,LONG,,7425.00,7426.75,,,,,,+8.75,CRUCE CONTRARIO
logs_viejos/bot_hasta_2026-09-22.log.gz,13:53:02,APERTURA,SHORT,1,7426.75,,7423.75,,,,,,
logs_viejos/bot_hasta_2026-09-22.log.gz,13:54:01,CIERRE,SHORT,,7426.75,7425.75,,,,,,+5.00,CRUCE CONTRARIO
logs_viejos/bot_hasta_2026-09-22.log.gz,13:54:02,APERTURA,LONG,1,7425.75,,7428.75,,,,,,
logs_viejos/bot_hasta_2026-09-22.log.gz,13:55:01,CIERRE,LONG,,7425.75,7426.50,,,,,,+3.75,CRUCE CONTRARIO
logs_viejos/bot_hasta_2026-09-22.log.gz,13:55:02,APERTURA,SHORT,1,7426.50,,7423.50,,,,,,
logs_viejos/bot_hasta_2026-09-22.log.gz,13:56:01,CIERRE,SHORT,,7426.50,7427.75,,,,,,-6.25,CRUCE CONTRARIO
logs_viejos/bot_hasta_2026-09-22.log.gz,13:56:02,APERTURA,LONG,1,7427.75,,7430.75,,,,,,
logs_viejos/bot_hasta_2026-09-22.log.gz,13:56:37,CIERRE,LONG,,7427.75,7423.75,,,,,,-20.00,STOP LOSS
logs_viejos/bot_hasta_2026-09-22.log.gz,13:57:19,APERTURA,LONG,1,7423.25,,7426.25,,,,,,
logs_viejos/bot_hasta_2026-09-22.log.gz,13:58:00,CIERRE,LONG,,7423.25,7422.50,,,,,,-3.75,CRUCE CONTRARIO
logs_viejos/bot_hasta_2026-09-22.log.gz,13:58:01,APERTURA,SHORT,1,7422.50,,7419.50,,,,,,
logs_viejos/bot_hasta_2026-09-22.log.gz,13:59:02,CIERRE,SHORT,,7422.50,7421.75,,,,,,+3.75,CRUCE CONTRARIO
logs_viejos/bot_hasta_2026-09-22.log.gz,13:59:03,APERTURA,LONG,1,7421.75,,7424.75,,,,,,
logs_viejos/bot_hasta_2026-09-22.log.gz,14:00:56,CIERRE,LONG,,7421.75,7418.00,,,,,,-18.75,STOP LOSS
logs_viejos/bot_hasta_2026-09-22.log.gz,14:01:08,APERTURA,LONG,1,7420.00,,7423.00,,,,,,
logs_viejos/bot_hasta_2026-09-22.log.gz,14:02:02,CIERRE,LONG,,7420.00,7423.25,,,,,,+16.25,TAKE PROFIT
logs_viejos/bot_hasta_2026-09-22.log.gz,14:02:37,APERTURA,SHORT,1,7423.25,,7420.25,,,,,,
logs_viejos/bot_hasta_2026-09-22.log.gz,14:03:01,CIERRE,SHORT,,7423.25,7422.50,,,,,,+3.75,CRUCE CONTRARIO
logs_viejos/bot_hasta_2026-09-22.log.gz,14:03:02,APERTURA,LONG,1,7422.50,,7425.50,,,,,,
logs_viejos/bot_hasta_2026-09-22.log.gz,14:05:00,CIERRE,LONG,,7422.50,7423.75,,,,,,+6.25,CRUCE CONTRARIO
logs_viejos/bot_hasta_2026-09-22.log.gz,14:05:01,APERTURA,SHORT,1,7423.75,,7420.75,,,,,,
logs_viejos/bot_hasta_2026-09-22.log.gz,14:06:01,CIERRE,SHORT,,7423.75,7424.75,,,,,,-5.00,CRUCE CONTRARIO
logs_viejos/bot_hasta_2026-09-22.log.gz,14:06:02,APERTURA,LONG,1,7424.75,,7427.75,,,,,,
logs_viejos/bot_hasta_2026-09-22.log.gz,14:07:01,CIERRE,LONG,,7424.75,7426.25,,,,,,+7.50,CRUCE CONTRARIO
logs_viejos/bot_hasta_2026-09-22.log.gz,14:07:02,APERTURA,SHORT,1,7426.25,,7423.25,,,,,,
logs_viejos/bot_hasta_2026-09-22.log.gz,14:08:01,CIERRE,SHORT,,7426.25,7425.25,,,,,,+5.00,CRUCE CONTRARIO
logs_viejos/bot_hasta_2026-09-22.log.gz,14:08:02,APERTURA,LONG,1,7425.25,,7428.25,,,,,,
logs_viejos/bot_hasta_2026-09-22.log.gz,14:09:00,CIERRE,LONG,,7425.25,7425.75,,,,,,+2.50,CRUCE CONTRARIO
logs_viejos/bot_hasta_2026-09-22.log.gz,14:09:01,APERTURA,SHORT,1,7425.75,,7422.75,,,,,,
logs_viejos/bot_hasta_2026-09-22.log.gz,14:10:01,CIERRE,SHORT,,7425.75,7426.25,,,,,,-2.50,CRUCE CONTRARIO
logs_viejos/bot_hasta_2026-09-22.log.gz,14:10:02,APERTURA,LONG,1,7426.25,,7429.25,,,,,,
logs_viejos/bot_hasta_2026-09-22.log.gz,14:10:34,CIERRE,LONG,,7426.25,7429.25,,,,,,+15.00,TAKE PROFIT
logs_viejos/bot_hasta_2026-09-22.log.gz,14:10:56,APERTURA,SHORT,1,7428.75,,7425.75,,,,,,
logs_viejos/bot_hasta_2026-09-22.log.gz,14:12:01,CIERRE,SHORT,,7428.75,7428.50,,,,,,+1.25,CRUCE CONTRARIO
logs_viejos/bot_hasta_2026-09-22.log.gz,14:12:02,APERTURA,LONG,1,7428.50,,7431.50,,,,,,
logs_viejos/bot_hasta_2026-09-22.log.gz,14:13:01,CIERRE,LONG,,7428.50,7429.25,,,,,,+3.75,CRUCE CONTRARIO
logs_viejos/bot_hasta_2026-09-22.log.gz,14:13:02,APERTURA,SHORT,1,7429.25,,7426.25,,,,,,
logs_viejos/bot_hasta_2026-09-22.log.gz,14:14:00,CIERRE,SHORT,,7429.25,7429.00,,,,,,+1.25,CRUCE CONTRARIO
logs_viejos/bot_hasta_2026-09-22.log.gz,14:14:01,APERTURA,LONG,1,7429.00,,7432.00,,,,,,
logs_viejos/bot_hasta_2026-09-22.log.gz,14:15:01,CIERRE,LONG,,7429.00,7427.50,,,,,,-7.50,CRUCE CONTRARIO
logs_viejos/bot_hasta_2026-09-22.log.gz,14:15:02,APERTURA,SHORT,1,7427.50,,7424.50,,,,,,
logs_viejos/bot_hasta_2026-09-22.log.gz,00:01:36,APERTURA,SHORT,1,7484.25,,7481.25,,,,,,
logs_viejos/bot_hasta_2026-09-22.log.gz,00:03:01,CIERRE,SHORT,,7484.25,7483.25,,,,,,+5.00,CRUCE CONTRARIO
logs_viejos/bot_hasta_2026-09-22.log.gz,00:03:02,APERTURA,LONG,1,7483.25,,7486.25,,,,,,
logs_viejos/bot_hasta_2026-09-22.log.gz,00:05:01,CIERRE,LONG,,7483.25,7482.00,,,,,,-6.25,CRUCE CONTRARIO
logs_viejos/bot_hasta_2026-09-22.log.gz,00:05:02,APERTURA,SHORT,1,7482.00,,7479.00,,,,,,
logs_viejos/bot_hasta_2026-09-22.log.gz,00:06:01,CIERRE,SHORT,,7482.00,7481.75,,,,,,+1.25,CRUCE CONTRARIO
logs_viejos/bot_hasta_2026-09-22.log.gz,00:06:02,APERTURA,LONG,1,7481.75,,7484.75,,,,,,
logs_viejos/bot_hasta_2026-09-22.log.gz,00:07:02,CIERRE,LONG,,7481.75,7481.75,,,,,,+0.00,CRUCE CONTRARIO
logs_viejos/bot_hasta_2026-09-22.log.gz,00:07:03,APERTURA,SHORT,1,7481.75,,7478.75,,,,,,
logs_viejos/bot_hasta_2026-09-22.log.gz,00:08:01,CIERRE,SHORT,,7481.75,7482.25,,,,,,-2.50,CRUCE CONTRARIO
logs_viejos/bot_hasta_2026-09-22.log.gz,00:08:02,APERTURA,LONG,1,7482.25,,7485.25,,,,,,
logs_viejos/bot_hasta_2026-09-22.log.gz,00:09:01,CIERRE,LONG,,7482.25,7483.00,,,,,,+3.75,CRUCE CONTRARIO
logs_viejos/bot_hasta_2026-09-22.log.gz,00:09:02,APERTURA,SHORT,1,7483.00,,7480.00,,,,,,
logs_viejos/bot_hasta_2026-09-22.log.gz,00:10:01,CIERRE,SHORT,,7483.00,7483.50,,,,,,-2.50,CRUCE CONTRARIO
logs_viejos/bot_hasta_2026-09-22.log.gz,00:10:02,APERTURA,LONG,1,7483.50,,7486.50,,,,,,
logs_viejos/bot_hasta_2026-09-22.log.gz,00:12:01,CIERRE,LONG,,7483.50,7483.25,,,,,,-1.25,CRUCE CONTRARIO
logs_viejos/bot_hasta_2026-09-22.log.gz,00:12:03,APERTURA,SHORT,1,7483.25,,7480.25,,,,,,
logs_viejos/bot_hasta_2026-09-22.log.gz,00:14:01,CIERRE,SHORT,,7483.25,7483.25,,,,,,+0.00,CRUCE CONTRARIO
logs_viejos/bot_hasta_2026-09-22.log.gz,00:14:02,APERTURA,LONG,1,7483.25,,7486.25,,,,,,
logs_viejos/bot_hasta_2026-09-22.log.gz,00:15:01,CIERRE,LONG,,7483.25,7483.50,,,,,,+1.25,CRUCE CONTRARIO
logs_viejos/bot_hasta_2026-09-22.log.gz,00:15:02,APERTURA,SHORT,1,7483.50,,7480.50,,,,,,
logs_viejos/bot_hasta_2026-09-22.log.gz,00:16:00,CIERRE,SHORT,,7483.50,7482.50,,,,,,+5.00,CRUCE CONTRARIO
logs_viejos/bot_hasta_2026-09-22.log.gz,00:16:01,APERTURA,LONG,1,7482.50,,7485.50,,,,,,
logs_viejos/bot_hasta_2026-09-22.log.gz,00:17:01,CIERRE,LONG,,7482.50,7481.50,,,,,,-5.00,CRUCE CONTRARIO
logs_viejos/bot_hasta_2026-09-22.log.gz,00:17:02,APERTURA,SHORT,1,7481.50,,7478.50,,,,,,
logs_viejos/bot_hasta_2026-09-22.log.gz,00:18:01,CIERRE,SHORT,,7481.50,7481.25,,,,,,+1.25,CRUCE CONTRARIO
logs_viejos/bot_hasta_2026-09-22.log.gz,00:18:02,APERTURA,LONG,1,7481.25,,7484.25,,,,,,
logs_viejos/bot_hasta_2026-09-22.log.gz,00:20:01,CIERRE,LONG,,7481.25,7480.50,,,,,,-3.75,CRUCE CONTRARIO
logs_viejos/bot_hasta_2026-09-22.log.gz,00:20:02,APERTURA,SHORT,1,7480.50,,7477.50,,,,,,
logs_viejos/bot_hasta_2026-09-22.log.gz,00:26:53,CIERRE,SHORT,,7480.50,7481.75,,,,,,-6.25,CRUCE CONTRARIO
logs_viejos/bot_hasta_2026-09-22.log.gz,00:26:54,APERTURA,LONG,1,7481.75,,7484.75,,,,,,
logs_viejos/bot_hasta_2026-09-22.log.gz,01:49:45,CIERRE,LONG,,7481.75,7490.50,,,,,,+43.75,TAKE PROFIT
logs_viejos/bot_hasta_2026-09-22.log.gz,02:28:21,APERTURA,SHORT,1,7493.25,,7490.25,,,,,,
logs_viejos/bot_hasta_2026-09-22.log.gz,03:01:37,CIERRE,SHORT,,7493.25,7492.50,,,,,,+3.75,CRUCE CONTRARIO
logs_viejos/bot_hasta_2026-09-22.log.gz,03:01:38,APERTURA,LONG,1,7492.50,,7495.50,,,,,,
logs_viejos/bot_hasta_2026-09-22.log.gz,03:03:00,CIERRE,LONG,,7492.50,7492.50,,,,,,+0.00,CRUCE CONTRARIO
logs_viejos/bot_hasta_2026-09-22.log.gz,03:03:02,APERTURA,SHORT,1,7492.50,,7489.50,,,,,,
logs_viejos/bot_hasta_2026-09-22.log.gz,03:19:53,CIERRE,SHORT,,7492.50,7487.00,,,,,,+27.50,TAKE PROFIT
logs_viejos/bot_hasta_2026-09-22.log.gz,03:29:22,APERTURA,LONG,1,7489.25,,7492.25,,,,,,
logs_viejos/bot_hasta_2026-09-22.log.gz,03:45:03,CIERRE,LONG,,7489.25,7490.50,,,,,,+6.25,CRUCE CONTRARIO
logs_viejos/bot_hasta_2026-09-22.log.gz,03:45:04,APERTURA,SHORT,1,7490.50,,7487.50,,,,,,
logs_viejos/bot_hasta_2026-09-22.log.gz,04:29:57,CIERRE,SHORT,,7490.50,7484.75,,,,,,+28.75,TAKE PROFIT
logs_viejos/bot_hasta_2026-09-22.log.gz,05:17:48,APERTURA,LONG,1,7488.25,,7491.25,,,,,,
logs_viejos/bot_hasta_2026-09-22.log.gz,06:20:20,CIERRE,LONG,,7488.25,7477.50,,,,,,-53.75,STOP LOSS
logs_viejos/bot_hasta_2026-09-22.log.gz,06:31:58,APERTURA,LONG,1,7479.75,,7482.75,,,,,,
logs_viejos/bot_hasta_2026-09-22.log.gz,06:48:19,CIERRE,LONG,,7479.75,7481.25,,,,,,+7.50,CRUCE CONTRARIO
logs_viejos/bot_hasta_2026-09-22.log.gz,06:48:20,APERTURA,SHORT,1,7481.25,,7478.25,,,,,,
logs_viejos/bot_hasta_2026-09-22.log.gz,07:27:13,CIERRE,SHORT,,7481.25,7476.25,,,,,,+25.00,TAKE PROFIT
logs_viejos/bot_hasta_2026-09-22.log.gz,07:27:45,APERTURA,LONG,1,7476.75,,7479.75,,,,,,
logs_viejos/bot_hasta_2026-09-22.log.gz,07:29:01,CIERRE,LONG,,7476.75,7478.00,,,,,,+6.25,CRUCE CONTRARIO
logs_viejos/bot_hasta_2026-09-22.log.gz,07:29:02,APERTURA,SHORT,1,7478.00,,7475.00,,,,,,
logs_viejos/bot_hasta_2026-09-22.log.gz,07:50:10,CIERRE,SHORT,,7478.00,7471.00,,,,,,+35.00,TAKE PROFIT
logs_viejos/bot_hasta_2026-09-22.log.gz,08:34:27,APERTURA,LONG,1,7474.75,,7477.75,,,,,,
logs_viejos/bot_hasta_2026-09-22.log.gz,08:51:06,CIERRE,LONG,,7474.75,7477.75,,,,,,+15.00,TAKE PROFIT
logs_viejos/bot_hasta_2026-09-22.log.gz,08:56:51,APERTURA,SHORT,1,7479.50,,7476.50,,,,,,
logs_viejos/bot_hasta_2026-09-22.log.gz,08:57:43,CIERRE,SHORT,,7479.50,7483.25,,,,,,-18.75,STOP LOSS
logs_viejos/bot_hasta_2026-09-22.log.gz,08:58:39,APERTURA,SHORT,1,7484.50,,7481.50,,,,,,
logs_viejos/bot_hasta_2026-09-22.log.gz,09:00:02,CIERRE,SHORT,,7484.50,7482.75,,,,,,+8.75,CRUCE CONTRARIO
logs_viejos/bot_hasta_2026-09-22.log.gz,09:00:03,APERTURA,LONG,1,7482.75,,7485.75,,,,,,
logs_viejos/bot_hasta_2026-09-22.log.gz,09:01:01,CIERRE,LONG,,7482.75,7482.00,,,,,,-3.75,CRUCE CONTRARIO
logs_viejos/bot_hasta_2026-09-22.log.gz,09:01:02,APERTURA,SHORT,1,7482.00,,7479.00,,,,,,
logs_viejos/bot_hasta_2026-09-22.log.gz,09:02:01,CIERRE,SHORT,,7482.00,7481.25,,,,,,+3.75,CRUCE CONTRARIO
logs_viejos/bot_hasta_2026-09-22.log.gz,09:02:02,APERTURA,LONG,1,7481.25,,7484.25,,,,,,
logs_viejos/bot_hasta_2026-09-22.log.gz,09:03:01,CIERRE,LONG,,7481.25,7482.75,,,,,,+7.50,CRUCE CONTRARIO
logs_viejos/bot_hasta_2026-09-22.log.gz,09:03:02,APERTURA,SHORT,1,7482.75,,7479.75,,,,,,
logs_viejos/bot_hasta_2026-09-22.log.gz,09:04:01,CIERRE,SHORT,,7482.75,7481.75,,,,,,+5.00,CRUCE CONTRARIO
logs_viejos/bot_hasta_2026-09-22.log.gz,09:04:02,APERTURA,LONG,1,7481.75,,7484.75,,,,,,
logs_viejos/bot_hasta_2026-09-22.log.gz,09:05:01,CIERRE,LONG,,7481.75,7482.00,,,,,,+1.25,CRUCE CONTRARIO
logs_viejos/bot_hasta_2026-09-22.log.gz,09:05:02,APERTURA,SHORT,1,7482.00,,7479.00,,,,,,
logs_viejos/bot_hasta_2026-09-22.log.gz,09:06:01,CIERRE,SHORT,,7482.00,7481.50,,,,,,+2.50,CRUCE CONTRARIO
logs_viejos/bot_hasta_2026-09-22.log.gz,09:06:02,APERTURA,LONG,1,7481.50,,7484.50,,,,,,
logs_viejos/bot_hasta_2026-09-22.log.gz,09:07:01,CIERRE,LONG,,7481.50,7480.75,,,,,,-3.75,CRUCE CONTRARIO
logs_viejos/bot_hasta_2026-09-22.log.gz,09:07:02,APERTURA,SHORT,1,7480.75,,7477.75,,,,,,
logs_viejos/bot_hasta_2026-09-22.log.gz,09:09:01,CIERRE,SHORT,,7480.75,7480.50,,,,,,+1.25,CRUCE CONTRARIO
logs_viejos/bot_hasta_2026-09-22.log.gz,09:09:03,APERTURA,LONG,1,7480.50,,7483.50,,,,,,
logs_viejos/bot_hasta_2026-09-22.log.gz,09:10:01,CIERRE,LONG,,7480.50,7481.00,,,,,,+2.50,CRUCE CONTRARIO
logs_viejos/bot_hasta_2026-09-22.log.gz,09:10:02,APERTURA,SHORT,1,7481.00,,7478.00,,,,,,
logs_viejos/bot_hasta_2026-09-22.log.gz,09:12:01,CIERRE,SHORT,,7481.00,7481.75,,,,,,-3.75,CRUCE CONTRARIO
logs_viejos/bot_hasta_2026-09-22.log.gz,09:12:02,APERTURA,LONG,1,7481.75,,7484.75,,,,,,
logs_viejos/bot_hasta_2026-09-22.log.gz,09:13:01,CIERRE,LONG,,7481.75,7481.75,,,,,,+0.00,CRUCE CONTRARIO
logs_viejos/bot_hasta_2026-09-22.log.gz,09:13:02,APERTURA,SHORT,1,7481.75,,7478.75,,,,,,
logs_viejos/bot_hasta_2026-09-22.log.gz,09:14:01,CIERRE,SHORT,,7481.75,7481.25,,,,,,+2.50,CRUCE CONTRARIO
logs_viejos/bot_hasta_2026-09-22.log.gz,09:14:02,APERTURA,LONG,1,7481.25,,7484.25,,,,,,
logs_viejos/bot_hasta_2026-09-22.log.gz,09:15:01,CIERRE,LONG,,7481.25,7480.25,,,,,,-5.00,CRUCE CONTRARIO
logs_viejos/bot_hasta_2026-09-22.log.gz,09:15:02,APERTURA,SHORT,1,7480.25,,7477.25,,,,,,
logs_viejos/bot_hasta_2026-09-22.log.gz,09:16:01,CIERRE,SHORT,,7480.25,7480.50,,,,,,-1.25,CRUCE CONTRARIO
logs_viejos/bot_hasta_2026-09-22.log.gz,09:16:02,APERTURA,LONG,1,7480.50,,7483.50,,,,,,
logs_viejos/bot_hasta_2026-09-22.log.gz,09:17:01,CIERRE,LONG,,7480.50,7481.25,,,,,,+3.75,CRUCE CONTRARIO
logs_viejos/bot_hasta_2026-09-22.log.gz,09:17:02,APERTURA,SHORT,1,7481.25,,7478.25,,,,,,
logs_viejos/bot_hasta_2026-09-22.log.gz,09:19:00,CIERRE,SHORT,,7481.25,7479.25,,,,,,+10.00,CRUCE CONTRARIO
logs_viejos/bot_hasta_2026-09-22.log.gz,09:19:01,APERTURA,LONG,1,7479.25,,7482.25,,,,,,
logs_viejos/bot_hasta_2026-09-22.log.gz,09:20:01,CIERRE,LONG,,7479.25,7479.50,,,,,,+1.25,CRUCE CONTRARIO
logs_viejos/bot_hasta_2026-09-22.log.gz,09:20:02,APERTURA,SHORT,1,7479.50,,7476.50,,,,,,
logs_viejos/bot_hasta_2026-09-22.log.gz,09:21:01,CIERRE,SHORT,,7479.50,7479.50,,,,,,+0.00,CRUCE CONTRARIO
logs_viejos/bot_hasta_2026-09-22.log.gz,09:21:02,APERTURA,LONG,1,7479.50,,7482.50,,,,,,
logs_viejos/bot_hasta_2026-09-22.log.gz,09:22:00,CIERRE,LONG,,7479.50,7479.00,,,,,,-2.50,CRUCE CONTRARIO
logs_viejos/bot_hasta_2026-09-22.log.gz,09:22:02,APERTURA,SHORT,1,7479.00,,7476.00,,,,,,
logs_viejos/bot_hasta_2026-09-22.log.gz,09:22:22,CIERRE,SHORT,,7479.00,7493.50,,,,,,-72.50,STOP LOSS
logs_viejos/bot_hasta_2026-09-22.log.gz,09:22:58,APERTURA,SHORT,1,7493.25,,7490.25,,,,,,
logs_viejos/bot_hasta_2026-09-22.log.gz,21:13:48,APERTURA,LONG,1,7592.75,,7595.75,,,,,,
logs_viejos/bot_hasta_2026-09-22.log.gz,21:15:01,CIERRE,LONG,,7592.75,7593.00,,,,,,+1.25,CRUCE CONTRARIO
logs_viejos/bot_hasta_2026-09-22.log.gz,21:15:02,APERTURA,SHORT,1,7593.00,,7590.00,,,,,,
logs_viejos/bot_hasta_2026-09-22.log.gz,21:16:01,CIERRE,SHORT,,7593.00,7590.50,,,,,,+12.50,CRUCE CONTRARIO
logs_viejos/bot_hasta_2026-09-22.log.gz,21:16:02,APERTURA,LONG,1,7590.50,,7593.50,,,,,,
logs_viejos/bot_hasta_2026-09-22.log.gz,21:17:01,CIERRE,LONG,,7590.50,7591.25,,,,,,+3.75,CRUCE CONTRARIO
logs_viejos/bot_hasta_2026-09-22.log.gz,21:17:02,APERTURA,SHORT,1,7591.25,,7588.25,,,,,,
logs_viejos/bot_hasta_2026-09-22.log.gz,21:18:11,CIERRE,SHORT,,7591.25,7591.00,,,,,,+1.25,CRUCE CONTRARIO
logs_viejos/bot_hasta_2026-09-22.log.gz,21:18:12,APERTURA,LONG,1,7591.00,,7594.00,,,,,,
logs_viejos/bot_hasta_2026-09-22.log.gz,21:19:01,CIERRE,LONG,,7591.00,7590.50,,,,,,-2.50,CRUCE CONTRARIO
logs_viejos/bot_hasta_2026-09-22.log.gz,21:19:02,APERTURA,SHORT,1,7590.50,,7587.50,,,,,,
logs_viejos/bot_hasta_2026-09-22.log.gz,21:19:26,CIERRE,SHORT,,7590.50,7587.50,,,,,,+15.00,TAKE PROFIT
logs_viejos/bot_hasta_2026-09-22.log.gz,21:19:40,APERTURA,LONG,1,7588.25,,7591.25,,,,,,
logs_viejos/bot_hasta_2026-09-22.log.gz,21:20:01,CIERRE,LONG,,7588.25,7587.75,,,,,,-2.50,CRUCE CONTRARIO
logs_viejos/bot_hasta_2026-09-22.log.gz,21:20:12,APERTURA,SHORT,1,7587.75,,7584.75,,,,,,
logs_viejos/bot_hasta_2026-09-22.log.gz,21:21:01,CIERRE,SHORT,,7587.75,7588.50,,,,,,-3.75,CRUCE CONTRARIO
logs_viejos/bot_hasta_2026-09-22.log.gz,21:21:02,APERTURA,LONG,1,7588.50,,7591.50,,,,,,
logs_viejos/bot_hasta_2026-09-22.log.gz,21:22:00,CIERRE,LONG,,7588.50,7588.25,,,,,,-1.25,CRUCE CONTRARIO
logs_viejos/bot_hasta_2026-09-22.log.gz,21:22:01,APERTURA,SHORT,1,7588.25,,7585.25,,,,,,
logs_viejos/bot_hasta_2026-09-22.log.gz,21:23:01,CIERRE,SHORT,,7588.25,7587.50,,,,,,+3.75,CRUCE CONTRARIO
logs_viejos/bot_hasta_2026-09-22.log.gz,21:23:02,APERTURA,LONG,1,7587.50,,7590.50,,,,,,
logs_viejos/bot_hasta_2026-09-22.log.gz,21:24:01,CIERRE,LONG,,7587.50,7587.50,,,,,,+0.00,CRUCE CONTRARIO
logs_viejos/bot_hasta_2026-09-22.log.gz,21:24:02,APERTURA,SHORT,1,7587.50,,7584.50,,,,,,
logs_viejos/bot_hasta_2026-09-22.log.gz,21:25:01,CIERRE,SHORT,,7587.50,7588.25,,,,,,-3.75,CRUCE CONTRARIO
logs_viejos/bot_hasta_2026-09-22.log.gz,21:25:12,APERTURA,LONG,1,7588.25,,7591.25,,,,,,
logs_viejos/bot_hasta_2026-09-22.log.gz,21:26:01,CIERRE,LONG,,7588.25,7588.50,,,,,,+1.25,CRUCE CONTRARIO
logs_viejos/bot_hasta_2026-09-22.log.gz,21:26:02,APERTURA,SHORT,1,7588.50,,7585.50,,,,,,
logs_viejos/bot_hasta_2026-09-22.log.gz,21:27:00,CIERRE,SHORT,,7588.50,7587.50,,,,,,+5.00,CRUCE CONTRARIO
logs_viejos/bot_hasta_2026-09-22.log.gz,21:27:02,APERTURA,LONG,1,7587.50,,7590.50,,,,,,
logs_viejos/bot_hasta_2026-09-22.log.gz,21:28:01,CIERRE,LONG,,7587.50,7587.00,,,,,,-2.50,CRUCE CONTRARIO
logs_viejos/bot_hasta_2026-09-22.log.gz,21:28:02,APERTURA,SHORT,1,7587.00,,7584.00,,,,,,
logs_viejos/bot_hasta_2026-09-22.log.gz,21:29:01,CIERRE,SHORT,,7587.00,7586.00,,,,,,+5.00,CRUCE CONTRARIO
logs_viejos/bot_hasta_2026-09-22.log.gz,21:29:02,APERTURA,LONG,1,7586.00,,7589.00,,,,,,
logs_viejos/bot_hasta_2026-09-22.log.gz,21:30:00,CIERRE,LONG,,7586.00,7587.25,,,,,,+6.25,CRUCE CONTRARIO
logs_viejos/bot_hasta_2026-09-22.log.gz,21:30:11,APERTURA,SHORT,1,7587.25,,7584.25,,,,,,
logs_viejos/bot_hasta_2026-09-22.log.gz,21:31:01,CIERRE,SHORT,,7587.25,7586.75,,,,,,+2.50,CRUCE CONTRARIO
logs_viejos/bot_hasta_2026-09-22.log.gz,21:31:02,APERTURA,LONG,1,7586.75,,7589.75,,,,,,
logs_viejos/bot_hasta_2026-09-22.log.gz,21:33:01,CIERRE,LONG,,7586.75,7586.75,,,,,,+0.00,CRUCE CONTRARIO
logs_viejos/bot_hasta_2026-09-22.log.gz,21:33:02,APERTURA,SHORT,1,7586.75,,7583.75,,,,,,
logs_viejos/bot_hasta_2026-09-22.log.gz,21:34:01,CIERRE,SHORT,,7586.75,7586.00,,,,,,+3.75,CRUCE CONTRARIO
logs_viejos/bot_hasta_2026-09-22.log.gz,21:34:02,APERTURA,LONG,1,7586.00,,7589.00,,,,,,
logs_viejos/bot_hasta_2026-09-22.log.gz,21:35:01,CIERRE,LONG,,7586.00,7584.75,,,,,,-6.25,CRUCE CONTRARIO
logs_viejos/bot_hasta_2026-09-22.log.gz,21:35:02,APERTURA,SHORT,1,7584.75,,7581.75,,,,,,
logs_viejos/bot_hasta_2026-09-22.log.gz,21:36:01,CIERRE,SHORT,,7584.75,7583.75,,,,,,+5.00,CRUCE CONTRARIO
logs_viejos/bot_hasta_2026-09-22.log.gz,21:36:02,APERTURA,LONG,1,7583.75,,7586.75,,,,,,
logs_viejos/bot_hasta_2026-09-22.log.gz,21:38:01,CIERRE,LONG,,7583.75,7585.50,,,,,,+8.75,CRUCE CONTRARIO
logs_viejos/bot_hasta_2026-09-22.log.gz,21:38:02,APERTURA,SHORT,1,7585.50,,7582.50,,,,,,
logs_viejos/bot_hasta_2026-09-22.log.gz,21:39:01,CIERRE,SHORT,,7585.50,7585.75,,,,,,-1.25,CRUCE CONTRARIO
logs_viejos/bot_hasta_2026-09-22.log.gz,21:39:02,APERTURA,LONG,1,7585.75,,7588.75,,,,,,
logs_viejos/bot_hasta_2026-09-22.log.gz,21:40:01,CIERRE,LONG,,7585.75,7587.00,,,,,,+6.25,CRUCE CONTRARIO
logs_viejos/bot_hasta_2026-09-22.log.gz,21:40:02,APERTURA,SHORT,1,7587.00,,7584.00,,,,,,
logs_viejos/bot_hasta_2026-09-22.log.gz,21:41:01,CIERRE,SHORT,,7587.00,7587.25,,,,,,-1.25,CRUCE CONTRARIO
logs_viejos/bot_hasta_2026-09-22.log.gz,21:41:03,APERTURA,LONG,1,7587.25,,7590.25,,,,,,
logs_viejos/bot_hasta_2026-09-22.log.gz,21:43:01,CIERRE,LONG,,7587.25,7589.00,,,,,,+8.75,CRUCE CONTRARIO
logs_viejos/bot_hasta_2026-09-22.log.gz,21:43:02,APERTURA,SHORT,1,7589.00,,7586.00,,,,,,
logs_viejos/bot_hasta_2026-09-22.log.gz,21:44:01,CIERRE,SHORT,,7589.00,7588.50,,,,,,+2.50,CRUCE CONTRARIO
logs_viejos/bot_hasta_2026-09-22.log.gz,21:44:03,APERTURA,LONG,1,7588.50,,7591.50,,,,,,
logs_viejos/bot_hasta_2026-09-22.log.gz,21:45:01,CIERRE,LONG,,7588.50,7588.75,,,,,,+1.25,CRUCE CONTRARIO
logs_viejos/bot_hasta_2026-09-22.log.gz,21:45:02,APERTURA,SHORT,1,7588.75,,7585.75,,,,,,
logs_viejos/bot_hasta_2026-09-22.log.gz,21:46:01,CIERRE,SHORT,,7588.75,7589.50,,,,,,-3.75,CRUCE CONTRARIO
logs_viejos/bot_hasta_2026-09-22.log.gz,21:46:02,APERTURA,LONG,1,7589.50,,7592.50,,,,,,
logs_viejos/bot_hasta_2026-09-22.log.gz,21:47:02,CIERRE,LONG,,7589.50,7589.00,,,,,,-2.50,CRUCE CONTRARIO
logs_viejos/bot_hasta_2026-09-22.log.gz,21:47:03,APERTURA,SHORT,1,7589.00,,7586.00,,,,,,
logs_viejos/bot_hasta_2026-09-22.log.gz,21:48:01,CIERRE,SHORT,,7589.00,7588.50,,,,,,+2.50,CRUCE CONTRARIO
logs_viejos/bot_hasta_2026-09-22.log.gz,21:48:02,APERTURA,LONG,1,7588.50,,7591.50,,,,,,
logs_viejos/bot_hasta_2026-09-22.log.gz,21:49:52,CIERRE,LONG,,7588.50,7585.50,,,,,,-15.00,STOP LOSS
logs_viejos/bot_hasta_2026-09-22.log.gz,21:50:04,APERTURA,LONG,1,7586.25,,7589.25,,,,,,
logs_viejos/bot_hasta_2026-09-22.log.gz,21:52:01,CIERRE,LONG,,7586.25,7586.25,,,,,,+0.00,CRUCE CONTRARIO
logs_viejos/bot_hasta_2026-09-22.log.gz,21:52:02,APERTURA,SHORT,1,7586.25,,7583.25,,,,,,
logs_viejos/bot_hasta_2026-09-22.log.gz,21:53:01,CIERRE,SHORT,,7586.25,7583.50,,,,,,+13.75,CRUCE CONTRARIO
logs_viejos/bot_hasta_2026-09-22.log.gz,21:53:02,APERTURA,LONG,1,7583.50,,7586.50,,,,,,
logs_viejos/bot_hasta_2026-09-22.log.gz,21:54:01,CIERRE,LONG,,7583.50,7584.00,,,,,,+2.50,CRUCE CONTRARIO
logs_viejos/bot_hasta_2026-09-22.log.gz,21:54:02,APERTURA,SHORT,1,7584.00,,7581.00,,,,,,
logs_viejos/bot_hasta_2026-09-22.log.gz,21:55:01,CIERRE,SHORT,,7584.00,7584.75,,,,,,-3.75,CRUCE CONTRARIO
logs_viejos/bot_hasta_2026-09-22.log.gz,21:55:02,APERTURA,LONG,1,7584.75,,7587.75,,,,,,
logs_viejos/bot_hasta_2026-09-22.log.gz,21:56:01,CIERRE,LONG,,7584.75,7584.75,,,,,,+0.00,CRUCE CONTRARIO
logs_viejos/bot_hasta_2026-09-22.log.gz,21:56:02,APERTURA,SHORT,1,7584.75,,7581.75,,,,,,
logs_viejos/bot_hasta_2026-09-22.log.gz,21:57:11,CIERRE,SHORT,,7584.75,7585.25,,,,,,-2.50,CRUCE CONTRARIO
logs_viejos/bot_hasta_2026-09-22.log.gz,21:57:12,APERTURA,LONG,1,7585.25,,7588.25,,,,,,
logs_viejos/bot_hasta_2026-09-22.log.gz,21:58:02,CIERRE,LONG,,7585.25,7584.25,,,,,,-5.00,CRUCE CONTRARIO
logs_viejos/bot_hasta_2026-09-22.log.gz,21:58:03,APERTURA,SHORT,1,7584.25,,7581.25,,,,,,
logs_viejos/bot_hasta_2026-09-22.log.gz,21:59:01,CIERRE,SHORT,,7584.25,7584.00,,,,,,+1.25,CRUCE CONTRARIO
logs_viejos/bot_hasta_2026-09-22.log.gz,21:59:02,APERTURA,LONG,1,7584.00,,7587.00,,,,,,
logs_viejos/bot_hasta_2026-09-22.log.gz,22:00:01,CIERRE,LONG,,7584.00,7583.50,,,,,,-2.50,CRUCE CONTRARIO
logs_viejos/bot_hasta_2026-09-22.log.gz,22:00:02,APERTURA,SHORT,1,7583.50,,7580.50,,,,,,
logs_viejos/bot_hasta_2026-09-22.log.gz,22:01:00,CIERRE,SHORT,,7583.50,7583.50,,,,,,+0.00,CRUCE CONTRARIO
logs_viejos/bot_hasta_2026-09-22.log.gz,22:01:02,APERTURA,LONG,1,7583.50,,7586.50,,,,,,
logs_viejos/bot_hasta_2026-09-22.log.gz,22:02:01,CIERRE,LONG,,7583.50,7583.75,,,,,,+1.25,CRUCE CONTRARIO
logs_viejos/bot_hasta_2026-09-22.log.gz,22:02:02,APERTURA,SHORT,1,7583.75,,7580.75,,,,,,
logs_viejos/bot_hasta_2026-09-22.log.gz,22:03:01,CIERRE,SHORT,,7583.75,7583.00,,,,,,+3.75,CRUCE CONTRARIO
logs_viejos/bot_hasta_2026-09-22.log.gz,22:03:02,APERTURA,LONG,1,7583.00,,7586.00,,,,,,
logs_viejos/bot_hasta_2026-09-22.log.gz,22:04:01,CIERRE,LONG,,7583.00,7582.50,,,,,,-2.50,CRUCE CONTRARIO
logs_viejos/bot_hasta_2026-09-22.log.gz,22:04:02,APERTURA,SHORT,1,7582.50,,7579.50,,,,,,
logs_viejos/bot_hasta_2026-09-22.log.gz,22:05:01,CIERRE,SHORT,,7582.50,7581.75,,,,,,+3.75,CRUCE CONTRARIO
logs_viejos/bot_hasta_2026-09-22.log.gz,22:05:02,APERTURA,LONG,1,7581.75,,7584.75,,,,,,
logs_viejos/bot_hasta_2026-09-22.log.gz,22:06:01,CIERRE,LONG,,7581.75,7581.00,,,,,,-3.75,CRUCE CONTRARIO
logs_viejos/bot_hasta_2026-09-22.log.gz,22:06:02,APERTURA,SHORT,1,7581.00,,7578.00,,,,,,
logs_viejos/bot_hasta_2026-09-22.log.gz,22:07:01,CIERRE,SHORT,,7581.00,7582.25,,,,,,-6.25,CRUCE CONTRARIO
logs_viejos/bot_hasta_2026-09-22.log.gz,22:07:02,APERTURA,LONG,1,7582.25,,7585.25,,,,,,
logs_viejos/bot_hasta_2026-09-22.log.gz,00:19:08,CIERRE,LONG,,7582.25,7580.50,,,,,,-8.75,CRUCE CONTRARIO
logs_viejos/bot_hasta_2026-09-22.log.gz,00:19:09,APERTURA,SHORT,1,7580.50,,7577.50,,,,,,
logs_viejos/bot_hasta_2026-09-22.log.gz,00:39:10,CIERRE,SHORT,,7580.50,7578.25,,,,,,+11.25,CRUCE CONTRARIO
logs_viejos/bot_hasta_2026-09-22.log.gz,00:39:12,APERTURA,LONG,1,7578.25,,7581.25,,,,,,
logs_viejos/bot_hasta_2026-09-22.log.gz,00:45:02,CIERRE,LONG,,7578.25,7579.00,,,,,,+3.75,CRUCE CONTRARIO
logs_viejos/bot_hasta_2026-09-22.log.gz,00:45:03,APERTURA,SHORT,1,7579.00,,7576.00,,,,,,
logs_viejos/bot_hasta_2026-09-22.log.gz,00:47:01,CIERRE,SHORT,,7579.00,7579.50,,,,,,-2.50,CRUCE CONTRARIO
logs_viejos/bot_hasta_2026-09-22.log.gz,00:47:02,APERTURA,LONG,1,7579.50,,7582.50,,,,,,
logs_viejos/bot_hasta_2026-09-22.log.gz,01:34:50,CIERRE,LONG,,7579.50,7583.25,,,,,,+18.75,TAKE PROFIT
logs_viejos/bot_hasta_2026-09-22.log.gz,04:20:29,APERTURA,LONG,1,7599.50,,7602.50,,,,,,
logs_viejos/bot_hasta_2026-09-22.log.gz,04:20:32,CIERRE,LONG,,7599.50,7604.50,,,,,,+25.00,TAKE PROFIT
logs_viejos/bot_hasta_2026-09-22.log.gz,04:37:32,APERTURA,SHORT,1,7604.50,,7601.50,,,,,,
logs_viejos/bot_hasta_2026-09-22.log.gz,04:51:01,CIERRE,SHORT,,7604.50,7604.00,,,,,,+2.50,CRUCE CONTRARIO
logs_viejos/bot_hasta_2026-09-22.log.gz,04:51:02,APERTURA,LONG,1,7604.00,,7607.00,,,,,,
logs_viejos/bot_hasta_2026-09-22.log.gz,06:09:26,CIERRE,LONG,,7604.00,7605.50,,,,,,+7.50,CRUCE CONTRARIO
logs_viejos/bot_hasta_2026-09-22.log.gz,06:09:28,APERTURA,SHORT,1,7605.50,,7602.50,,,,,,
logs_viejos/bot_hasta_2026-09-22.log.gz,07:11:11,CIERRE,SHORT,,7605.50,7600.50,,,,,,+25.00,TAKE PROFIT
logs_viejos/bot_hasta_2026-09-22.log.gz,08:21:57,APERTURA,LONG,1,7600.50,,7603.50,,,,,,
logs_viejos/bot_hasta_2026-09-22.log.gz,08:22:01,CIERRE,LONG,,7600.50,7598.50,,,,,,-10.00,CRUCE CONTRARIO
logs_viejos/bot_hasta_2026-09-22.log.gz,08:22:02,APERTURA,SHORT,1,7598.50,,7595.50,,,,,,
logs_viejos/bot_hasta_2026-09-22.log.gz,08:23:01,CIERRE,SHORT,,7598.50,7598.75,,,,,,-1.25,CRUCE CONTRARIO
logs_viejos/bot_hasta_2026-09-22.log.gz,08:23:02,APERTURA,LONG,1,7598.75,,7601.75,,,,,,
logs_viejos/bot_hasta_2026-09-22.log.gz,08:24:01,CIERRE,LONG,,7598.75,7598.50,,,,,,-1.25,CRUCE CONTRARIO
logs_viejos/bot_hasta_2026-09-22.log.gz,08:24:02,APERTURA,SHORT,1,7598.50,,7595.50,,,,,,
logs_viejos/bot_hasta_2026-09-22.log.gz,08:25:01,CIERRE,SHORT,,7598.50,7598.50,,,,,,+0.00,CRUCE CONTRARIO
logs_viejos/bot_hasta_2026-09-22.log.gz,08:25:02,APERTURA,LONG,1,7598.50,,7601.50,,,,,,
logs_viejos/bot_hasta_2026-09-22.log.gz,08:26:02,CIERRE,LONG,,7598.50,7598.00,,,,,,-2.50,CRUCE CONTRARIO
logs_viejos/bot_hasta_2026-09-22.log.gz,08:26:03,APERTURA,SHORT,1,7598.00,,7595.00,,,,,,
logs_viejos/bot_hasta_2026-09-22.log.gz,08:27:01,CIERRE,SHORT,,7598.00,7597.25,,,,,,+3.75,CRUCE CONTRARIO
logs_viejos/bot_hasta_2026-09-22.log.gz,08:27:12,APERTURA,LONG,1,7597.25,,7600.25,,,,,,
logs_viejos/bot_hasta_2026-09-22.log.gz,08:28:01,CIERRE,LONG,,7597.25,7597.00,,,,,,-1.25,CRUCE CONTRARIO
logs_viejos/bot_hasta_2026-09-22.log.gz,08:28:02,APERTURA,SHORT,1,7597.00,,7594.00,,,,,,
logs_viejos/bot_hasta_2026-09-22.log.gz,08:29:01,CIERRE,SHORT,,7597.00,7597.75,,,,,,-3.75,CRUCE CONTRARIO
logs_viejos/bot_hasta_2026-09-22.log.gz,08:29:02,APERTURA,LONG,1,7597.75,,7600.75,,,,,,
logs_viejos/bot_hasta_2026-09-22.log.gz,08:30:11,CIERRE,LONG,,7597.75,7597.50,,,,,,-1.25,CRUCE CONTRARIO
logs_viejos/bot_hasta_2026-09-22.log.gz,08:30:12,APERTURA,SHORT,1,7597.50,,7594.50,,,,,,
logs_viejos/bot_hasta_2026-09-22.log.gz,08:31:01,CIERRE,SHORT,,7597.50,7597.50,,,,,,+0.00,CRUCE CONTRARIO
logs_viejos/bot_hasta_2026-09-22.log.gz,08:31:02,APERTURA,LONG,1,7597.50,,7600.50,,,,,,
logs_viejos/bot_hasta_2026-09-22.log.gz,08:32:01,CIERRE,LONG,,7597.50,7596.50,,,,,,-5.00,CRUCE CONTRARIO
logs_viejos/bot_hasta_2026-09-22.log.gz,08:32:12,APERTURA,SHORT,1,7596.50,,7593.50,,,,,,
logs_viejos/bot_hasta_2026-09-22.log.gz,08:33:01,CIERRE,SHORT,,7596.50,7597.25,,,,,,-3.75,CRUCE CONTRARIO
logs_viejos/bot_hasta_2026-09-22.log.gz,08:33:02,APERTURA,LONG,1,7597.25,,7600.25,,,,,,
logs_viejos/bot_hasta_2026-09-22.log.gz,08:34:01,CIERRE,LONG,,7597.25,7596.75,,,,,,-2.50,CRUCE CONTRARIO
logs_viejos/bot_hasta_2026-09-22.log.gz,08:34:02,APERTURA,SHORT,1,7596.75,,7593.75,,,,,,
logs_viejos/bot_hasta_2026-09-22.log.gz,08:35:01,CIERRE,SHORT,,7596.75,7596.50,,,,,,+1.25,CRUCE CONTRARIO
logs_viejos/bot_hasta_2026-09-22.log.gz,08:35:02,APERTURA,LONG,1,7596.50,,7599.50,,,,,,
logs_viejos/bot_hasta_2026-09-22.log.gz,08:36:11,CIERRE,LONG,,7596.50,7597.00,,,,,,+2.50,CRUCE CONTRARIO
logs_viejos/bot_hasta_2026-09-22.log.gz,08:36:12,APERTURA,SHORT,1,7597.00,,7594.00,,,,,,
logs_viejos/bot_hasta_2026-09-22.log.gz,08:37:01,CIERRE,SHORT,,7597.00,7597.50,,,,,,-2.50,CRUCE CONTRARIO
logs_viejos/bot_hasta_2026-09-22.log.gz,08:37:02,APERTURA,LONG,1,7597.50,,7600.50,,,,,,
logs_viejos/bot_hasta_2026-09-22.log.gz,08:38:01,CIERRE,LONG,,7597.50,7598.25,,,,,,+3.75,CRUCE CONTRARIO
logs_viejos/bot_hasta_2026-09-22.log.gz,08:38:01,APERTURA,SHORT,1,7598.25,,7595.25,,,,,,
logs_viejos/bot_hasta_2026-09-22.log.gz,08:40:01,CIERRE,SHORT,,7598.25,7598.75,,,,,,-2.50,CRUCE CONTRARIO
logs_viejos/bot_hasta_2026-09-22.log.gz,08:40:02,APERTURA,LONG,1,7598.75,,7601.75,,,,,,
logs_viejos/bot_hasta_2026-09-22.log.gz,08:42:01,CIERRE,LONG,,7598.75,7600.00,,,,,,+6.25,CRUCE CONTRARIO
logs_viejos/bot_hasta_2026-09-22.log.gz,08:42:02,APERTURA,SHORT,1,7600.00,,7597.00,,,,,,
logs_viejos/bot_hasta_2026-09-22.log.gz,08:44:01,CIERRE,SHORT,,7600.00,7601.75,,,,,,-8.75,CRUCE CONTRARIO
logs_viejos/bot_hasta_2026-09-22.log.gz,08:44:02,APERTURA,LONG,1,7601.75,,7604.75,,,,,,
logs_viejos/bot_hasta_2026-09-22.log.gz,08:45:01,CIERRE,LONG,,7601.75,7600.50,,,,,,-6.25,CRUCE CONTRARIO
logs_viejos/bot_hasta_2026-09-22.log.gz,08:45:02,APERTURA,SHORT,1,7600.50,,7597.50,,,,,,
logs_viejos/bot_hasta_2026-09-22.log.gz,08:46:01,CIERRE,SHORT,,7600.50,7600.25,,,,,,+1.25,CRUCE CONTRARIO
logs_viejos/bot_hasta_2026-09-22.log.gz,08:46:02,APERTURA,LONG,1,7600.25,,7603.25,,,,,,
logs_viejos/bot_hasta_2026-09-22.log.gz,08:47:01,CIERRE,LONG,,7600.25,7600.00,,,,,,-1.25,CRUCE CONTRARIO
logs_viejos/bot_hasta_2026-09-22.log.gz,08:47:02,APERTURA,SHORT,1,7600.00,,7597.00,,,,,,
logs_viejos/bot_hasta_2026-09-22.log.gz,08:48:01,CIERRE,SHORT,,7600.00,7600.75,,,,,,-3.75,CRUCE CONTRARIO
logs_viejos/bot_hasta_2026-09-22.log.gz,08:48:02,APERTURA,LONG,1,7600.75,,7603.75,,,,,,
logs_viejos/bot_hasta_2026-09-22.log.gz,08:49:01,CIERRE,LONG,,7600.75,7601.00,,,,,,+1.25,CRUCE CONTRARIO
logs_viejos/bot_hasta_2026-09-22.log.gz,08:49:12,APERTURA,SHORT,1,7601.00,,7598.00,,,,,,
logs_viejos/bot_hasta_2026-09-22.log.gz,08:50:01,CIERRE,SHORT,,7601.00,7601.50,,,,,,-2.50,CRUCE CONTRARIO
logs_viejos/bot_hasta_2026-09-22.log.gz,08:50:02,APERTURA,LONG,1,7601.50,,7604.50,,,,,,
logs_viejos/bot_hasta_2026-09-22.log.gz,08:51:01,CIERRE,LONG,,7601.50,7600.50,,,,,,-5.00,CRUCE CONTRARIO
logs_viejos/bot_hasta_2026-09-22.log.gz,08:51:02,APERTURA,SHORT,1,7600.50,,7597.50,,,,,,
logs_viejos/bot_hasta_2026-09-22.log.gz,08:52:00,CIERRE,SHORT,,7600.50,7599.75,,,,,,+3.75,CRUCE CONTRARIO
logs_viejos/bot_hasta_2026-09-22.log.gz,08:52:02,APERTURA,LONG,1,7599.75,,7602.75,,,,,,
logs_viejos/bot_hasta_2026-09-22.log.gz,08:53:01,CIERRE,LONG,,7599.75,7600.25,,,,,,+2.50,CRUCE CONTRARIO
logs_viejos/bot_hasta_2026-09-22.log.gz,08:53:02,APERTURA,SHORT,1,7600.25,,7597.25,,,,,,
logs_viejos/bot_hasta_2026-09-22.log.gz,08:55:01,CIERRE,SHORT,,7600.25,7599.00,,,,,,+6.25,CRUCE CONTRARIO
logs_viejos/bot_hasta_2026-09-22.log.gz,08:55:02,APERTURA,LONG,1,7599.00,,7602.00,,,,,,
logs_viejos/bot_hasta_2026-09-22.log.gz,08:56:01,CIERRE,LONG,,7599.00,7598.25,,,,,,-3.75,CRUCE CONTRARIO
logs_viejos/bot_hasta_2026-09-22.log.gz,08:56:12,APERTURA,SHORT,1,7598.25,,7595.25,,,,,,
logs_viejos/bot_hasta_2026-09-22.log.gz,08:57:11,CIERRE,SHORT,,7598.25,7598.25,,,,,,+0.00,CRUCE CONTRARIO
logs_viejos/bot_hasta_2026-09-22.log.gz,08:57:22,APERTURA,LONG,1,7598.25,,7601.25,,,,,,
logs_viejos/bot_hasta_2026-09-22.log.gz,08:58:01,CIERRE,LONG,,7598.25,7598.00,,,,,,-1.25,CRUCE CONTRARIO
logs_viejos/bot_hasta_2026-09-22.log.gz,08:58:02,APERTURA,SHORT,1,7598.00,,7595.00,,,,,,
logs_viejos/bot_hasta_2026-09-22.log.gz,08:59:01,CIERRE,SHORT,,7598.00,7598.25,,,,,,-1.25,CRUCE CONTRARIO
logs_viejos/bot_hasta_2026-09-22.log.gz,08:59:02,APERTURA,LONG,1,7598.25,,7601.25,,,,,,
logs_viejos/bot_hasta_2026-09-22.log.gz,09:00:01,CIERRE,LONG,,7598.25,7598.50,,,,,,+1.25,CRUCE CONTRARIO
logs_viejos/bot_hasta_2026-09-22.log.gz,09:00:02,APERTURA,SHORT,1,7598.50,,7595.50,,,,,,
logs_viejos/bot_hasta_2026-09-22.log.gz,09:01:01,CIERRE,SHORT,,7598.50,7597.75,,,,,,+3.75,CRUCE CONTRARIO
logs_viejos/bot_hasta_2026-09-22.log.gz,09:01:02,APERTURA,LONG,1,7597.75,,7600.75,,,,,,
logs_viejos/bot_hasta_2026-09-22.log.gz,09:02:00,CIERRE,LONG,,7597.75,7598.00,,,,,,+1.25,CRUCE CONTRARIO
logs_viejos/bot_hasta_2026-09-22.log.gz,09:02:01,APERTURA,SHORT,1,7598.00,,7595.00,,,,,,
logs_viejos/bot_hasta_2026-09-22.log.gz,09:03:01,CIERRE,SHORT,,7598.00,7598.50,,,,,,-2.50,CRUCE CONTRARIO
logs_viejos/bot_hasta_2026-09-22.log.gz,09:03:02,APERTURA,LONG,1,7598.50,,7601.50,,,,,,
logs_viejos/bot_hasta_2026-09-22.log.gz,09:04:11,CIERRE,LONG,,7598.50,7597.75,,,,,,-3.75,CRUCE CONTRARIO
logs_viejos/bot_hasta_2026-09-22.log.gz,09:04:12,APERTURA,SHORT,1,7597.75,,7594.75,,,,,,
logs_viejos/bot_hasta_2026-09-22.log.gz,09:05:01,CIERRE,SHORT,,7597.75,7598.50,,,,,,-3.75,CRUCE CONTRARIO
logs_viejos/bot_hasta_2026-09-22.log.gz,09:05:02,APERTURA,LONG,1,7598.50,,7601.50,,,,,,
logs_viejos/bot_hasta_2026-09-22.log.gz,09:06:01,CIERRE,LONG,,7598.50,7598.00,,,,,,-2.50,CRUCE CONTRARIO
logs_viejos/bot_hasta_2026-09-22.log.gz,09:06:02,APERTURA,SHORT,1,7598.00,,7595.00,,,,,,
logs_viejos/bot_hasta_2026-09-22.log.gz,10:29:21,CIERRE,SHORT,,7598.00,7594.25,,,,,,+18.75,CIERRE MANUAL
logs_viejos/bot_hasta_2026-09-22.log.gz,10:29:33,APERTURA,LONG,1,7595.25,,7598.25,,,,,,
logs_viejos/bot_hasta_2026-09-22.log.gz,10:30:15,APERTURA,LONG,1,7594.75,,7597.75,,,,,,
logs_viejos/bot_hasta_2026-09-22.log.gz,10:32:11,CIERRE,LONG,,7594.75,7594.75,,,,,,+0.00,CRUCE CONTRARIO
logs_viejos/bot_hasta_2026-09-22.log.gz,10:32:12,APERTURA,SHORT,1,7594.75,,7591.75,,,,,,
logs_viejos/bot_hasta_2026-09-22.log.gz,10:33:11,CIERRE,SHORT,,7594.75,7597.00,,,,,,-11.25,CRUCE CONTRARIO
logs_viejos/bot_hasta_2026-09-22.log.gz,10:33:22,APERTURA,LONG,1,7597.00,,7600.00,,,,,,
logs_viejos/bot_hasta_2026-09-22.log.gz,10:34:01,CIERRE,LONG,,7597.00,7596.25,,,,,,-3.75,CRUCE CONTRARIO
logs_viejos/bot_hasta_2026-09-22.log.gz,10:34:02,APERTURA,SHORT,1,7596.25,,7593.25,,,,,,
logs_viejos/bot_hasta_2026-09-22.log.gz,10:35:01,CIERRE,SHORT,,7596.25,7597.00,,,,,,-3.75,CRUCE CONTRARIO
logs_viejos/bot_hasta_2026-09-22.log.gz,10:35:12,APERTURA,LONG,1,7597.00,,7600.00,,,,,,
logs_viejos/bot_hasta_2026-09-22.log.gz,10:36:01,CIERRE,LONG,,7597.00,7599.00,,,,,,+10.00,CRUCE CONTRARIO
logs_viejos/bot_hasta_2026-09-22.log.gz,10:36:02,APERTURA,SHORT,1,7599.00,,7596.00,,,,,,
logs_viejos/bot_hasta_2026-09-22.log.gz,10:38:01,CIERRE,SHORT,,7599.00,7598.50,,,,,,+2.50,CRUCE CONTRARIO
logs_viejos/bot_hasta_2026-09-22.log.gz,10:38:02,APERTURA,LONG,1,7598.50,,7601.50,,,,,,
logs_viejos/bot_hasta_2026-09-22.log.gz,10:39:01,CIERRE,LONG,,7598.50,7598.00,,,,,,-2.50,CRUCE CONTRARIO
logs_viejos/bot_hasta_2026-09-22.log.gz,10:39:02,APERTURA,SHORT,1,7598.00,,7595.00,,,,,,
logs_viejos/bot_hasta_2026-09-22.log.gz,10:40:01,CIERRE,SHORT,,7598.00,7597.75,,,,,,+1.25,CRUCE CONTRARIO
logs_viejos/bot_hasta_2026-09-22.log.gz,10:40:02,APERTURA,LONG,1,7597.75,,7600.75,,,,,,
logs_viejos/bot_hasta_2026-09-22.log.gz,10:41:01,CIERRE,LONG,,7597.75,7599.50,,,,,,+8.75,CRUCE CONTRARIO
logs_viejos/bot_hasta_2026-09-22.log.gz,10:41:02,APERTURA,SHORT,1,7599.50,,7596.50,,,,,,
logs_viejos/bot_hasta_2026-09-22.log.gz,10:41:31,CIERRE,SHORT,,7599.50,7602.75,,,,,,-16.25,STOP LOSS
logs_viejos/bot_hasta_2026-09-22.log.gz,10:42:12,APERTURA,SHORT,1,7603.75,,7600.75,,,,,,
logs_viejos/bot_hasta_2026-09-22.log.gz,10:43:01,CIERRE,SHORT,,7603.75,7602.50,,,,,,+6.25,CRUCE CONTRARIO
logs_viejos/bot_hasta_2026-09-22.log.gz,10:43:02,APERTURA,LONG,1,7602.50,,7605.50,,,,,,
logs_viejos/bot_hasta_2026-09-22.log.gz,10:44:01,CIERRE,LONG,,7602.50,7603.50,,,,,,+5.00,CRUCE CONTRARIO
logs_viejos/bot_hasta_2026-09-22.log.gz,10:44:02,APERTURA,SHORT,1,7603.50,,7600.50,,,,,,
logs_viejos/bot_hasta_2026-09-22.log.gz,10:45:11,CIERRE,SHORT,,7603.50,7602.75,,,,,,+3.75,CRUCE CONTRARIO
logs_viejos/bot_hasta_2026-09-22.log.gz,10:45:12,APERTURA,LONG,1,7602.75,,7605.75,,,,,,
logs_viejos/bot_hasta_2026-09-22.log.gz,10:46:01,CIERRE,LONG,,7602.75,7602.50,,,,,,-1.25,CRUCE CONTRARIO
logs_viejos/bot_hasta_2026-09-22.log.gz,10:46:02,APERTURA,SHORT,1,7602.50,,7599.50,,,,,,
logs_viejos/bot_hasta_2026-09-22.log.gz,10:47:02,CIERRE,SHORT,,7602.50,7601.50,,,,,,+5.00,CRUCE CONTRARIO
logs_viejos/bot_hasta_2026-09-22.log.gz,10:47:03,APERTURA,LONG,1,7601.50,,7604.50,,,,,,
logs_viejos/bot_hasta_2026-09-22.log.gz,10:48:01,CIERRE,LONG,,7601.50,7600.00,,,,,,-7.50,CRUCE CONTRARIO
logs_viejos/bot_hasta_2026-09-22.log.gz,10:48:02,APERTURA,SHORT,1,7600.00,,7597.00,,,,,,
logs_viejos/bot_hasta_2026-09-22.log.gz,10:49:01,CIERRE,SHORT,,7600.00,7600.50,,,,,,-2.50,CRUCE CONTRARIO
logs_viejos/bot_hasta_2026-09-22.log.gz,10:49:02,APERTURA,LONG,1,7600.50,,7603.50,,,,,,
logs_viejos/bot_hasta_2026-09-22.log.gz,10:50:01,CIERRE,LONG,,7600.50,7597.75,,,,,,-13.75,CRUCE CONTRARIO
logs_viejos/bot_hasta_2026-09-22.log.gz,10:50:02,APERTURA,SHORT,1,7597.75,,7594.75,,,,,,
logs_viejos/bot_hasta_2026-09-22.log.gz,10:51:00,CIERRE,SHORT,,7597.75,7598.25,,,,,,-2.50,CRUCE CONTRARIO
logs_viejos/bot_hasta_2026-09-22.log.gz,10:51:11,APERTURA,LONG,1,7598.25,,7601.25,,,,,,
logs_viejos/bot_hasta_2026-09-22.log.gz,10:52:01,CIERRE,LONG,,7598.25,7598.75,,,,,,+2.50,CRUCE CONTRARIO
logs_viejos/bot_hasta_2026-09-22.log.gz,10:52:02,APERTURA,SHORT,1,7598.75,,7595.75,,,,,,
logs_viejos/bot_hasta_2026-09-22.log.gz,10:53:01,CIERRE,SHORT,,7598.75,7600.25,,,,,,-7.50,CRUCE CONTRARIO
logs_viejos/bot_hasta_2026-09-22.log.gz,10:53:02,APERTURA,LONG,1,7600.25,,7603.25,,,,,,
logs_viejos/bot_hasta_2026-09-22.log.gz,10:54:01,CIERRE,LONG,,7600.25,7599.25,,,,,,-5.00,CRUCE CONTRARIO
logs_viejos/bot_hasta_2026-09-22.log.gz,10:54:02,APERTURA,SHORT,1,7599.25,,7596.25,,,,,,
logs_viejos/bot_hasta_2026-09-22.log.gz,10:55:01,CIERRE,SHORT,,7599.25,7600.50,,,,,,-6.25,CRUCE CONTRARIO
logs_viejos/bot_hasta_2026-09-22.log.gz,10:55:02,APERTURA,LONG,1,7600.50,,7603.50,,,,,,
logs_viejos/bot_hasta_2026-09-22.log.gz,10:55:29,CIERRE,LONG,,7600.50,7603.50,,,,,,+15.00,TAKE PROFIT
logs_viejos/bot_hasta_2026-09-22.log.gz,10:55:41,APERTURA,SHORT,1,7602.50,,7599.50,,,,,,
logs_viejos/bot_hasta_2026-09-22.log.gz,10:56:01,CIERRE,SHORT,,7602.50,7603.00,,,,,,-2.50,CRUCE CONTRARIO
logs_viejos/bot_hasta_2026-09-22.log.gz,10:56:13,APERTURA,LONG,1,7603.00,,7606.00,,,,,,
logs_viejos/bot_hasta_2026-09-22.log.gz,10:57:01,CIERRE,LONG,,7603.00,7604.25,,,,,,+6.25,CRUCE CONTRARIO
logs_viejos/bot_hasta_2026-09-22.log.gz,10:57:02,APERTURA,SHORT,1,7604.25,,7601.25,,,,,,
logs_viejos/bot_hasta_2026-09-22.log.gz,10:58:01,CIERRE,SHORT,,7604.25,7603.25,,,,,,+5.00,CRUCE CONTRARIO
logs_viejos/bot_hasta_2026-09-22.log.gz,10:58:02,APERTURA,LONG,1,7603.25,,7606.25,,,,,,
logs_viejos/bot_hasta_2026-09-22.log.gz,10:59:01,CIERRE,LONG,,7603.25,7603.50,,,,,,+1.25,CRUCE CONTRARIO
logs_viejos/bot_hasta_2026-09-22.log.gz,10:59:12,APERTURA,SHORT,1,7603.50,,7600.50,,,,,,
logs_viejos/bot_hasta_2026-09-22.log.gz,11:00:01,CIERRE,SHORT,,7603.50,7603.75,,,,,,-1.25,CRUCE CONTRARIO
logs_viejos/bot_hasta_2026-09-22.log.gz,11:00:02,APERTURA,LONG,1,7603.75,,7606.75,,,,,,
logs_viejos/bot_hasta_2026-09-22.log.gz,11:01:01,CIERRE,LONG,,7603.75,7602.75,,,,,,-5.00,CRUCE CONTRARIO
logs_viejos/bot_hasta_2026-09-22.log.gz,11:01:03,APERTURA,SHORT,1,7602.75,,7599.75,,,,,,
logs_viejos/bot_hasta_2026-09-22.log.gz,11:02:01,CIERRE,SHORT,,7602.75,7603.25,,,,,,-2.50,CRUCE CONTRARIO
logs_viejos/bot_hasta_2026-09-22.log.gz,11:02:02,APERTURA,LONG,1,7603.25,,7606.25,,,,,,
logs_viejos/bot_hasta_2026-09-22.log.gz,11:03:00,CIERRE,LONG,,7603.25,7603.25,,,,,,+0.00,CRUCE CONTRARIO
logs_viejos/bot_hasta_2026-09-22.log.gz,11:03:01,APERTURA,SHORT,1,7603.25,,7600.25,,,,,,
logs_viejos/bot_hasta_2026-09-22.log.gz,11:05:01,CIERRE,SHORT,,7603.25,7603.00,,,,,,+1.25,CRUCE CONTRARIO
logs_viejos/bot_hasta_2026-09-22.log.gz,11:05:02,APERTURA,LONG,1,7603.00,,7606.00,,,,,,
logs_viejos/bot_hasta_2026-09-22.log.gz,11:06:11,CIERRE,LONG,,7603.00,7602.00,,,,,,-5.00,CRUCE CONTRARIO
logs_viejos/bot_hasta_2026-09-22.log.gz,11:06:12,APERTURA,SHORT,1,7602.00,,7599.00,,,,,,
logs_viejos/bot_hasta_2026-09-22.log.gz,11:07:01,CIERRE,SHORT,,7602.00,7602.75,,,,,,-3.75,CRUCE CONTRARIO
logs_viejos/bot_hasta_2026-09-22.log.gz,11:07:02,APERTURA,LONG,1,7602.75,,7605.75,,,,,,
logs_viejos/bot_hasta_2026-09-22.log.gz,11:08:01,CIERRE,LONG,,7602.75,7603.50,,,,,,+3.75,CRUCE CONTRARIO
logs_viejos/bot_hasta_2026-09-22.log.gz,11:08:02,APERTURA,SHORT,1,7603.50,,7600.50,,,,,,
logs_viejos/bot_hasta_2026-09-22.log.gz,11:09:01,CIERRE,SHORT,,7603.50,7603.50,,,,,,+0.00,CRUCE CONTRARIO
logs_viejos/bot_hasta_2026-09-22.log.gz,11:09:02,APERTURA,LONG,1,7603.50,,7606.50,,,,,,
logs_viejos/bot_hasta_2026-09-22.log.gz,11:10:00,CIERRE,LONG,,7603.50,7603.75,,,,,,+1.25,CRUCE CONTRARIO
logs_viejos/bot_hasta_2026-09-22.log.gz,11:10:01,APERTURA,SHORT,1,7603.75,,7600.75,,,,,,
logs_viejos/bot_hasta_2026-09-22.log.gz,11:10:38,CIERRE,SHORT,,7603.75,7600.75,,,,,,+15.00,TAKE PROFIT
logs_viejos/bot_hasta_2026-09-22.log.gz,11:10:58,APERTURA,LONG,1,7602.00,,7605.00,,,,,,
logs_viejos/bot_hasta_2026-09-22.log.gz,11:12:01,CIERRE,LONG,,7602.00,7603.00,,,,,,+5.00,CRUCE CONTRARIO
logs_viejos/bot_hasta_2026-09-22.log.gz,11:12:02,APERTURA,SHORT,1,7603.00,,7600.00,,,,,,
logs_viejos/bot_hasta_2026-09-22.log.gz,11:13:01,CIERRE,SHORT,,7603.00,7602.50,,,,,,+2.50,CRUCE CONTRARIO
logs_viejos/bot_hasta_2026-09-22.log.gz,11:13:02,APERTURA,LONG,1,7602.50,,7605.50,,,,,,
logs_viejos/bot_hasta_2026-09-22.log.gz,11:14:01,CIERRE,LONG,,7602.50,7603.50,,,,,,+5.00,CRUCE CONTRARIO
logs_viejos/bot_hasta_2026-09-22.log.gz,11:14:02,APERTURA,SHORT,1,7603.50,,7600.50,,,,,,
logs_viejos/bot_hasta_2026-09-22.log.gz,11:16:01,CIERRE,SHORT,,7603.50,7605.00,,,,,,-7.50,CRUCE CONTRARIO
logs_viejos/bot_hasta_2026-09-22.log.gz,11:16:02,APERTURA,LONG,1,7605.00,,7608.00,,,,,,
logs_viejos/bot_hasta_2026-09-22.log.gz,11:18:11,CIERRE,LONG,,7605.00,7605.50,,,,,,+2.50,CRUCE CONTRARIO
logs_viejos/bot_hasta_2026-09-22.log.gz,11:18:12,APERTURA,SHORT,1,7605.50,,7602.50,,,,,,
logs_viejos/bot_hasta_2026-09-22.log.gz,11:19:00,CIERRE,SHORT,,7605.50,7605.25,,,,,,+1.25,CRUCE CONTRARIO
logs_viejos/bot_hasta_2026-09-22.log.gz,11:19:01,APERTURA,LONG,1,7605.25,,7608.25,,,,,,
logs_viejos/bot_hasta_2026-09-22.log.gz,11:20:01,CIERRE,LONG,,7605.25,7606.50,,,,,,+6.25,CRUCE CONTRARIO
logs_viejos/bot_hasta_2026-09-22.log.gz,11:20:02,APERTURA,SHORT,1,7606.50,,7603.50,,,,,,
logs_viejos/bot_hasta_2026-09-22.log.gz,11:21:00,CIERRE,SHORT,,7606.50,7608.00,,,,,,-7.50,CRUCE CONTRARIO
logs_viejos/bot_hasta_2026-09-22.log.gz,11:21:01,APERTURA,LONG,1,7608.00,,7611.00,,,,,,
logs_viejos/bot_hasta_2026-09-22.log.gz,11:22:01,CIERRE,LONG,,7608.00,7609.50,,,,,,+7.50,CRUCE CONTRARIO
logs_viejos/bot_hasta_2026-09-22.log.gz,11:22:02,APERTURA,SHORT,1,7609.50,,7606.50,,,,,,
logs_viejos/bot_hasta_2026-09-22.log.gz,11:23:01,CIERRE,SHORT,,7609.50,7609.00,,,,,,+2.50,CRUCE CONTRARIO
logs_viejos/bot_hasta_2026-09-22.log.gz,11:23:02,APERTURA,LONG,1,7609.00,,7612.00,,,,,,
logs_viejos/bot_hasta_2026-09-22.log.gz,11:59:55,APERTURA,SHORT,1,7619.00,,7616.00,,,,,,
logs_viejos/bot_hasta_2026-09-22.log.gz,12:00:01,CIERRE,SHORT,,7619.00,7620.75,,,,,,-8.75,CRUCE CONTRARIO
logs_viejos/bot_hasta_2026-09-22.log.gz,12:00:02,APERTURA,LONG,1,7620.75,,7623.75,,,,,,
logs_viejos/bot_hasta_2026-09-22.log.gz,12:01:01,CIERRE,LONG,,7620.75,7621.75,,,,,,+5.00,CRUCE CONTRARIO
logs_viejos/bot_hasta_2026-09-22.log.gz,12:01:02,APERTURA,SHORT,1,7621.75,,7618.75,,,,,,
logs_viejos/bot_hasta_2026-09-22.log.gz,12:02:00,CIERRE,SHORT,,7621.75,7621.75,,,,,,+0.00,CRUCE CONTRARIO
logs_viejos/bot_hasta_2026-09-22.log.gz,12:02:01,APERTURA,LONG,1,7621.75,,7624.75,,,,,,
logs_viejos/bot_hasta_2026-09-22.log.gz,12:04:01,CIERRE,LONG,,7621.75,7623.25,,,,,,+7.50,CRUCE CONTRARIO
logs_viejos/bot_hasta_2026-09-22.log.gz,12:04:02,APERTURA,SHORT,1,7623.25,,7620.25,,,,,,
logs_viejos/bot_hasta_2026-09-22.log.gz,12:05:01,CIERRE,SHORT,,7623.25,7623.25,,,,,,+0.00,CRUCE CONTRARIO
logs_viejos/bot_hasta_2026-09-22.log.gz,12:05:02,APERTURA,LONG,1,7623.25,,7626.25,,,,,,
logs_viejos/bot_hasta_2026-09-22.log.gz,12:06:11,CIERRE,LONG,,7623.25,7622.25,,,,,,-5.00,CRUCE CONTRARIO
logs_viejos/bot_hasta_2026-09-22.log.gz,12:06:12,APERTURA,SHORT,1,7622.25,,7619.25,,,,,,
logs_viejos/bot_hasta_2026-09-22.log.gz,12:07:01,CIERRE,SHORT,,7622.25,7622.75,,,,,,-2.50,CRUCE CONTRARIO
logs_viejos/bot_hasta_2026-09-22.log.gz,12:07:02,APERTURA,LONG,1,7622.75,,7625.75,,,,,,
logs_viejos/bot_hasta_2026-09-22.log.gz,12:08:11,CIERRE,LONG,,7622.75,7624.25,,,,,,+7.50,CRUCE CONTRARIO
logs_viejos/bot_hasta_2026-09-22.log.gz,12:08:12,APERTURA,SHORT,1,7624.25,,7621.25,,,,,,
logs_viejos/bot_hasta_2026-09-22.log.gz,12:09:00,CIERRE,SHORT,,7624.25,7624.00,,,,,,+1.25,CRUCE CONTRARIO
logs_viejos/bot_hasta_2026-09-22.log.gz,12:09:01,APERTURA,LONG,1,7624.00,,7627.00,,,,,,
logs_viejos/bot_hasta_2026-09-22.log.gz,12:10:01,CIERRE,LONG,,7624.00,7625.25,,,,,,+6.25,CRUCE CONTRARIO
logs_viejos/bot_hasta_2026-09-22.log.gz,12:10:02,APERTURA,SHORT,1,7625.25,,7622.25,,,,,,
logs_viejos/bot_hasta_2026-09-22.log.gz,12:12:01,CIERRE,SHORT,,7625.25,7624.25,,,,,,+5.00,CRUCE CONTRARIO
logs_viejos/bot_hasta_2026-09-22.log.gz,12:12:02,APERTURA,LONG,1,7624.25,,7627.25,,,,,,
logs_viejos/bot_hasta_2026-09-22.log.gz,12:13:00,CIERRE,LONG,,7624.25,7624.75,,,,,,+2.50,CRUCE CONTRARIO
logs_viejos/bot_hasta_2026-09-22.log.gz,12:13:01,APERTURA,SHORT,1,7624.75,,7621.75,,,,,,
logs_viejos/bot_hasta_2026-09-22.log.gz,12:14:01,CIERRE,SHORT,,7624.75,7622.50,,,,,,+11.25,CRUCE CONTRARIO
logs_viejos/bot_hasta_2026-09-22.log.gz,12:14:02,APERTURA,LONG,1,7622.50,,7625.50,,,,,,
logs_viejos/bot_hasta_2026-09-22.log.gz,12:15:01,CIERRE,LONG,,7622.50,7622.25,,,,,,-1.25,CRUCE CONTRARIO
logs_viejos/bot_hasta_2026-09-22.log.gz,12:15:02,APERTURA,SHORT,1,7622.25,,7619.25,,,,,,
logs_viejos/bot_hasta_2026-09-22.log.gz,12:16:01,CIERRE,SHORT,,7622.25,7624.25,,,,,,-10.00,CRUCE CONTRARIO
logs_viejos/bot_hasta_2026-09-22.log.gz,12:16:02,APERTURA,LONG,1,7624.25,,7627.25,,,,,,
logs_viejos/bot_hasta_2026-09-22.log.gz,12:17:00,CIERRE,LONG,,7624.25,7626.00,,,,,,+8.75,CRUCE CONTRARIO
logs_viejos/bot_hasta_2026-09-22.log.gz,12:17:01,APERTURA,SHORT,1,7626.00,,7623.00,,,,,,
logs_viejos/bot_hasta_2026-09-22.log.gz,12:18:53,CIERRE,SHORT,,7626.00,7629.00,,,,,,-15.00,STOP LOSS
logs_viejos/bot_hasta_2026-09-22.log.gz,12:19:22,APERTURA,SHORT,1,7628.50,,7625.50,,,,,,
logs_viejos/bot_hasta_2026-09-22.log.gz,12:20:00,CIERRE,SHORT,,7628.50,7629.00,,,,,,-2.50,CRUCE CONTRARIO
logs_viejos/bot_hasta_2026-09-22.log.gz,12:20:01,APERTURA,LONG,1,7629.00,,7632.00,,,,,,
logs_viejos/bot_hasta_2026-09-22.log.gz,12:21:01,CIERRE,LONG,,7629.00,7627.75,,,,,,-6.25,CRUCE CONTRARIO
logs_viejos/bot_hasta_2026-09-22.log.gz,12:21:02,APERTURA,SHORT,1,7627.75,,7624.75,,,,,,
logs_viejos/bot_hasta_2026-09-22.log.gz,12:22:01,CIERRE,SHORT,,7627.75,7627.50,,,,,,+1.25,CRUCE CONTRARIO
logs_viejos/bot_hasta_2026-09-22.log.gz,12:22:02,APERTURA,LONG,1,7627.50,,7630.50,,,,,,
logs_viejos/bot_hasta_2026-09-22.log.gz,12:24:11,CIERRE,LONG,,7627.50,7627.00,,,,,,-2.50,CRUCE CONTRARIO
logs_viejos/bot_hasta_2026-09-22.log.gz,12:24:12,APERTURA,SHORT,1,7627.00,,7624.00,,,,,,
logs_viejos/bot_hasta_2026-09-22.log.gz,12:25:01,CIERRE,SHORT,,7627.00,7627.25,,,,,,-1.25,CRUCE CONTRARIO
logs_viejos/bot_hasta_2026-09-22.log.gz,12:25:02,APERTURA,LONG,1,7627.25,,7630.25,,,,,,
logs_viejos/bot_hasta_2026-09-22.log.gz,12:26:01,CIERRE,LONG,,7627.25,7628.50,,,,,,+6.25,CRUCE CONTRARIO
logs_viejos/bot_hasta_2026-09-22.log.gz,12:26:02,APERTURA,SHORT,1,7628.50,,7625.50,,,,,,
logs_viejos/bot_hasta_2026-09-22.log.gz,12:27:01,CIERRE,SHORT,,7628.50,7628.50,,,,,,+0.00,CRUCE CONTRARIO
logs_viejos/bot_hasta_2026-09-22.log.gz,12:27:02,APERTURA,LONG,1,7628.50,,7631.50,,,,,,
logs_viejos/bot_hasta_2026-09-22.log.gz,12:28:01,CIERRE,LONG,,7628.50,7628.25,,,,,,-1.25,CRUCE CONTRARIO
logs_viejos/bot_hasta_2026-09-22.log.gz,12:28:02,APERTURA,SHORT,1,7628.25,,7625.25,,,,,,
logs_viejos/bot_hasta_2026-09-22.log.gz,12:29:01,CIERRE,SHORT,,7628.25,7628.75,,,,,,-2.50,CRUCE CONTRARIO
logs_viejos/bot_hasta_2026-09-22.log.gz,12:29:02,APERTURA,LONG,1,7628.75,,7631.75,,,,,,
logs_viejos/bot_hasta_2026-09-22.log.gz,12:31:01,CIERRE,LONG,,7628.75,7630.25,,,,,,+7.50,CRUCE CONTRARIO
logs_viejos/bot_hasta_2026-09-22.log.gz,12:31:12,APERTURA,SHORT,1,7630.25,,7627.25,,,,,,
logs_viejos/bot_hasta_2026-09-22.log.gz,12:33:11,CIERRE,SHORT,,7630.25,7631.25,,,,,,-5.00,CRUCE CONTRARIO
logs_viejos/bot_hasta_2026-09-22.log.gz,12:33:12,APERTURA,LONG,1,7631.25,,7634.25,,,,,,
logs_viejos/bot_hasta_2026-09-22.log.gz,12:34:01,CIERRE,LONG,,7631.25,7630.00,,,,,,-6.25,CRUCE CONTRARIO
logs_viejos/bot_hasta_2026-09-22.log.gz,12:34:02,APERTURA,SHORT,1,7630.00,,7627.00,,,,,,
logs_viejos/bot_hasta_2026-09-22.log.gz,12:35:01,CIERRE,SHORT,,7630.00,7630.25,,,,,,-1.25,CRUCE CONTRARIO
logs_viejos/bot_hasta_2026-09-22.log.gz,12:35:12,APERTURA,LONG,1,7630.25,,7633.25,,,,,,
logs_viejos/bot_hasta_2026-09-22.log.gz,12:36:01,CIERRE,LONG,,7630.25,7629.25,,,,,,-5.00,CRUCE CONTRARIO
logs_viejos/bot_hasta_2026-09-22.log.gz,12:36:02,APERTURA,SHORT,1,7629.25,,7626.25,,,,,,
logs_viejos/bot_hasta_2026-09-22.log.gz,12:37:11,CIERRE,SHORT,,7629.25,7628.00,,,,,,+6.25,CRUCE CONTRARIO
logs_viejos/bot_hasta_2026-09-22.log.gz,12:37:12,APERTURA,LONG,1,7628.00,,7631.00,,,,,,
logs_viejos/bot_hasta_2026-09-22.log.gz,12:39:01,CIERRE,LONG,,7628.00,7627.50,,,,,,-2.50,CRUCE CONTRARIO
logs_viejos/bot_hasta_2026-09-22.log.gz,12:39:02,APERTURA,SHORT,1,7627.50,,7624.50,,,,,,
logs_viejos/bot_hasta_2026-09-22.log.gz,12:40:01,CIERRE,SHORT,,7627.50,7627.00,,,,,,+2.50,CRUCE CONTRARIO
logs_viejos/bot_hasta_2026-09-22.log.gz,12:40:02,APERTURA,LONG,1,7627.00,,7630.00,,,,,,
logs_viejos/bot_hasta_2026-09-22.log.gz,12:41:01,CIERRE,LONG,,7627.00,7625.50,,,,,,-7.50,CRUCE CONTRARIO
logs_viejos/bot_hasta_2026-09-22.log.gz,12:41:02,APERTURA,SHORT,1,7625.50,,7622.50,,,,,,
logs_viejos/bot_hasta_2026-09-22.log.gz,12:42:01,CIERRE,SHORT,,7625.50,7626.00,,,,,,-2.50,CRUCE CONTRARIO
logs_viejos/bot_hasta_2026-09-22.log.gz,12:42:02,APERTURA,LONG,1,7626.00,,7629.00,,,,,,
logs_viejos/bot_hasta_2026-09-22.log.gz,12:43:11,CIERRE,LONG,,7626.00,7625.75,,,,,,-1.25,CRUCE CONTRARIO
logs_viejos/bot_hasta_2026-09-22.log.gz,12:43:12,APERTURA,SHORT,1,7625.75,,7622.75,,,,,,
logs_viejos/bot_hasta_2026-09-22.log.gz,12:45:01,CIERRE,SHORT,,7625.75,7626.00,,,,,,-1.25,CRUCE CONTRARIO
logs_viejos/bot_hasta_2026-09-22.log.gz,12:45:02,APERTURA,LONG,1,7626.00,,7629.00,,,,,,
logs_viejos/bot_hasta_2026-09-22.log.gz,12:46:11,CIERRE,LONG,,7626.00,7627.50,,,,,,+7.50,CRUCE CONTRARIO
logs_viejos/bot_hasta_2026-09-22.log.gz,12:46:12,APERTURA,SHORT,1,7627.50,,7624.50,,,,,,
logs_viejos/bot_hasta_2026-09-22.log.gz,12:50:01,CIERRE,SHORT,,7627.50,7625.50,,,,,,+10.00,CRUCE CONTRARIO
logs_viejos/bot_hasta_2026-09-22.log.gz,12:50:02,APERTURA,LONG,1,7625.50,,7628.50,,,,,,
logs_viejos/bot_hasta_2026-09-22.log.gz,12:51:01,CIERRE,LONG,,7625.50,7624.75,,,,,,-3.75,CRUCE CONTRARIO
logs_viejos/bot_hasta_2026-09-22.log.gz,12:51:02,APERTURA,SHORT,1,7624.75,,7621.75,,,,,,
logs_viejos/bot_hasta_2026-09-22.log.gz,12:52:01,CIERRE,SHORT,,7624.75,7624.00,,,,,,+3.75,CRUCE CONTRARIO
logs_viejos/bot_hasta_2026-09-22.log.gz,12:52:02,APERTURA,LONG,1,7624.00,,7627.00,,,,,,
logs_viejos/bot_hasta_2026-09-22.log.gz,12:54:00,CIERRE,LONG,,7624.00,7625.25,,,,,,+6.25,CRUCE CONTRARIO
logs_viejos/bot_hasta_2026-09-22.log.gz,12:54:01,APERTURA,SHORT,1,7625.25,,7622.25,,,,,,
logs_viejos/bot_hasta_2026-09-22.log.gz,12:55:01,CIERRE,SHORT,,7625.25,7624.50,,,,,,+3.75,CRUCE CONTRARIO
logs_viejos/bot_hasta_2026-09-22.log.gz,12:55:02,APERTURA,LONG,1,7624.50,,7627.50,,,,,,
logs_viejos/bot_hasta_2026-09-22.log.gz,12:57:01,CIERRE,LONG,,7624.50,7626.75,,,,,,+11.25,CRUCE CONTRARIO
logs_viejos/bot_hasta_2026-09-22.log.gz,12:57:02,APERTURA,SHORT,1,7626.75,,7623.75,,,,,,
logs_viejos/bot_hasta_2026-09-22.log.gz,12:58:01,CIERRE,SHORT,,7626.75,7626.75,,,,,,+0.00,CRUCE CONTRARIO
logs_viejos/bot_hasta_2026-09-22.log.gz,12:58:02,APERTURA,LONG,1,7626.75,,7629.75,,,,,,
logs_viejos/bot_hasta_2026-09-22.log.gz,12:59:01,CIERRE,LONG,,7626.75,7625.25,,,,,,-7.50,CRUCE CONTRARIO
logs_viejos/bot_hasta_2026-09-22.log.gz,12:59:02,APERTURA,SHORT,1,7625.25,,7622.25,,,,,,
logs_viejos/bot_hasta_2026-09-22.log.gz,13:00:00,CIERRE,SHORT,,7625.25,7625.75,,,,,,-2.50,CRUCE CONTRARIO
logs_viejos/bot_hasta_2026-09-22.log.gz,13:00:11,APERTURA,LONG,1,7625.75,,7628.75,,,,,,
logs_viejos/bot_hasta_2026-09-22.log.gz,13:02:01,CIERRE,LONG,,7625.75,7625.25,,,,,,-2.50,CRUCE CONTRARIO
logs_viejos/bot_hasta_2026-09-22.log.gz,13:02:02,APERTURA,SHORT,1,7625.25,,7622.25,,,,,,
logs_viejos/bot_hasta_2026-09-22.log.gz,02:29:56,APERTURA,LONG,1,7623.25,,7626.25,,,,,,
logs_viejos/bot_hasta_2026-09-22.log.gz,02:58:12,CIERRE,LONG,,7623.25,7620.25,,,,,,-15.00,STOP LOSS
logs_viejos/bot_hasta_2026-09-22.log.gz,03:13:49,APERTURA,SHORT,1,7619.25,,7616.25,,,,,,
logs_viejos/bot_hasta_2026-09-22.log.gz,04:32:07,CIERRE,SHORT,,7619.25,7621.00,,,,,,-8.75,CRUCE CONTRARIO
logs_viejos/bot_hasta_2026-09-22.log.gz,04:32:08,APERTURA,LONG,1,7621.00,,7624.00,,,,,,
logs_viejos/bot_hasta_2026-09-22.log.gz,04:34:01,CIERRE,LONG,,7621.00,7620.00,,,,,,-5.00,CRUCE CONTRARIO
logs_viejos/bot_hasta_2026-09-22.log.gz,04:34:02,APERTURA,SHORT,1,7620.00,,7617.00,,,,,,
logs_viejos/bot_hasta_2026-09-22.log.gz,04:35:01,CIERRE,SHORT,,7620.00,7619.75,,,,,,+1.25,CRUCE CONTRARIO
logs_viejos/bot_hasta_2026-09-22.log.gz,04:35:02,APERTURA,LONG,1,7619.75,,7622.75,,,,,,
logs_viejos/bot_hasta_2026-09-22.log.gz,04:36:01,CIERRE,LONG,,7619.75,7620.50,,,,,,+3.75,CRUCE CONTRARIO
logs_viejos/bot_hasta_2026-09-22.log.gz,04:36:02,APERTURA,SHORT,1,7620.50,,7617.50,,,,,,
logs_viejos/bot_hasta_2026-09-22.log.gz,04:37:11,CIERRE,SHORT,,7620.50,7619.00,,,,,,+7.50,CRUCE CONTRARIO
logs_viejos/bot_hasta_2026-09-22.log.gz,04:37:22,APERTURA,LONG,1,7619.00,,7622.00,,,,,,
logs_viejos/bot_hasta_2026-09-22.log.gz,04:40:01,CIERRE,LONG,,7619.00,7619.25,,,,,,+1.25,CRUCE CONTRARIO
logs_viejos/bot_hasta_2026-09-22.log.gz,04:40:12,APERTURA,SHORT,1,7619.25,,7616.25,,,,,,
logs_viejos/bot_hasta_2026-09-22.log.gz,04:41:01,CIERRE,SHORT,,7619.25,7619.50,,,,,,-1.25,CRUCE CONTRARIO
logs_viejos/bot_hasta_2026-09-22.log.gz,04:41:02,APERTURA,LONG,1,7619.50,,7622.50,,,,,,
logs_viejos/bot_hasta_2026-09-22.log.gz,04:43:01,CIERRE,LONG,,7619.50,7618.25,,,,,,-6.25,CRUCE CONTRARIO
logs_viejos/bot_hasta_2026-09-22.log.gz,04:43:02,APERTURA,SHORT,1,7618.25,,7615.25,,,,,,
logs_viejos/bot_hasta_2026-09-22.log.gz,04:44:01,CIERRE,SHORT,,7618.25,7618.50,,,,,,-1.25,CRUCE CONTRARIO
logs_viejos/bot_hasta_2026-09-22.log.gz,04:44:06,APERTURA,LONG,1,7618.50,,7621.50,,,,,,
logs_viejos/bot_hasta_2026-09-22.log.gz,04:45:01,CIERRE,LONG,,7618.50,7618.75,,,,,,+1.25,CRUCE CONTRARIO
logs_viejos/bot_hasta_2026-09-22.log.gz,04:45:12,APERTURA,SHORT,1,7618.75,,7615.75,,,,,,
logs_viejos/bot_hasta_2026-09-22.log.gz,04:46:00,CIERRE,SHORT,,7618.75,7618.50,,,,,,+1.25,CRUCE CONTRARIO
logs_viejos/bot_hasta_2026-09-22.log.gz,04:46:01,APERTURA,LONG,1,7618.50,,7621.50,,,,,,
logs_viejos/bot_hasta_2026-09-22.log.gz,04:47:11,CIERRE,LONG,,7618.50,7618.25,,,,,,-1.25,CRUCE CONTRARIO
logs_viejos/bot_hasta_2026-09-22.log.gz,04:47:12,APERTURA,SHORT,1,7618.25,,7615.25,,,,,,
logs_viejos/bot_hasta_2026-09-22.log.gz,04:48:01,CIERRE,SHORT,,7618.25,7618.50,,,,,,-1.25,CRUCE CONTRARIO
logs_viejos/bot_hasta_2026-09-22.log.gz,04:48:02,APERTURA,LONG,1,7618.50,,7621.50,,,,,,
logs_viejos/bot_hasta_2026-09-22.log.gz,04:50:01,CIERRE,LONG,,7618.50,7618.25,,,,,,-1.25,CRUCE CONTRARIO
logs_viejos/bot_hasta_2026-09-22.log.gz,04:50:02,APERTURA,SHORT,1,7618.25,,7615.25,,,,,,
logs_viejos/bot_hasta_2026-09-22.log.gz,04:51:01,CIERRE,SHORT,,7618.25,7617.00,,,,,,+6.25,CRUCE CONTRARIO
logs_viejos/bot_hasta_2026-09-22.log.gz,04:51:12,APERTURA,LONG,1,7617.00,,7620.00,,,,,,
logs_viejos/bot_hasta_2026-09-22.log.gz,04:53:01,CIERRE,LONG,,7617.00,7616.00,,,,,,-5.00,CRUCE CONTRARIO
logs_viejos/bot_hasta_2026-09-22.log.gz,04:53:02,APERTURA,SHORT,1,7616.00,,7613.00,,,,,,
logs_viejos/bot_hasta_2026-09-22.log.gz,04:54:01,CIERRE,SHORT,,7616.00,7617.75,,,,,,-8.75,CRUCE CONTRARIO
logs_viejos/bot_hasta_2026-09-22.log.gz,04:54:02,APERTURA,LONG,1,7617.75,,7620.75,,,,,,
logs_viejos/bot_hasta_2026-09-22.log.gz,04:55:01,CIERRE,LONG,,7617.75,7617.25,,,,,,-2.50,CRUCE CONTRARIO
logs_viejos/bot_hasta_2026-09-22.log.gz,04:55:02,APERTURA,SHORT,1,7617.25,,7614.25,,,,,,
logs_viejos/bot_hasta_2026-09-22.log.gz,04:56:01,CIERRE,SHORT,,7617.25,7617.75,,,,,,-2.50,CRUCE CONTRARIO
logs_viejos/bot_hasta_2026-09-22.log.gz,04:56:02,APERTURA,LONG,1,7617.75,,7620.75,,,,,,
logs_viejos/bot_hasta_2026-09-22.log.gz,04:57:11,CIERRE,LONG,,7617.75,7617.50,,,,,,-1.25,CRUCE CONTRARIO
logs_viejos/bot_hasta_2026-09-22.log.gz,04:57:22,APERTURA,SHORT,1,7617.50,,7614.50,,,,,,
logs_viejos/bot_hasta_2026-09-22.log.gz,04:58:01,CIERRE,SHORT,,7617.50,7618.25,,,,,,-3.75,CRUCE CONTRARIO
logs_viejos/bot_hasta_2026-09-22.log.gz,04:58:02,APERTURA,LONG,1,7618.25,,7621.25,,,,,,
logs_viejos/bot_hasta_2026-09-22.log.gz,04:59:01,CIERRE,LONG,,7618.25,7617.75,,,,,,-2.50,CRUCE CONTRARIO
logs_viejos/bot_hasta_2026-09-22.log.gz,04:59:02,APERTURA,SHORT,1,7617.75,,7614.75,,,,,,
logs_viejos/bot_hasta_2026-09-22.log.gz,05:00:01,CIERRE,SHORT,,7617.75,7618.25,,,,,,-2.50,CRUCE CONTRARIO
logs_viejos/bot_hasta_2026-09-22.log.gz,05:00:02,APERTURA,LONG,1,7618.25,,7621.25,,,,,,
logs_viejos/bot_hasta_2026-09-22.log.gz,05:01:01,CIERRE,LONG,,7618.25,7618.25,,,,,,+0.00,CRUCE CONTRARIO
logs_viejos/bot_hasta_2026-09-22.log.gz,05:01:02,APERTURA,SHORT,1,7618.25,,7615.25,,,,,,
logs_viejos/bot_hasta_2026-09-22.log.gz,05:02:11,CIERRE,SHORT,,7618.25,7619.00,,,,,,-3.75,CRUCE CONTRARIO
logs_viejos/bot_hasta_2026-09-22.log.gz,05:02:12,APERTURA,LONG,1,7619.00,,7622.00,,,,,,
logs_viejos/bot_hasta_2026-09-22.log.gz,05:04:00,CIERRE,LONG,,7619.00,7619.50,,,,,,+2.50,CRUCE CONTRARIO
logs_viejos/bot_hasta_2026-09-22.log.gz,05:04:01,APERTURA,SHORT,1,7619.50,,7616.50,,,,,,
logs_viejos/bot_hasta_2026-09-22.log.gz,05:05:01,CIERRE,SHORT,,7619.50,7619.75,,,,,,-1.25,CRUCE CONTRARIO
logs_viejos/bot_hasta_2026-09-22.log.gz,05:05:02,APERTURA,LONG,1,7619.75,,7622.75,,,,,,
logs_viejos/bot_hasta_2026-09-22.log.gz,05:06:01,CIERRE,LONG,,7619.75,7620.00,,,,,,+1.25,CRUCE CONTRARIO
logs_viejos/bot_hasta_2026-09-22.log.gz,05:06:12,APERTURA,SHORT,1,7620.00,,7617.00,,,,,,
logs_viejos/bot_hasta_2026-09-22.log.gz,05:07:01,CIERRE,SHORT,,7620.00,7619.50,,,,,,+2.50,CRUCE CONTRARIO
logs_viejos/bot_hasta_2026-09-22.log.gz,05:07:12,APERTURA,LONG,1,7619.50,,7622.50,,,,,,
logs_viejos/bot_hasta_2026-09-22.log.gz,05:08:01,CIERRE,LONG,,7619.50,7619.75,,,,,,+1.25,CRUCE CONTRARIO
logs_viejos/bot_hasta_2026-09-22.log.gz,05:08:02,APERTURA,SHORT,1,7619.75,,7616.75,,,,,,
logs_viejos/bot_hasta_2026-09-22.log.gz,05:09:01,CIERRE,SHORT,,7619.75,7619.75,,,,,,+0.00,CRUCE CONTRARIO
logs_viejos/bot_hasta_2026-09-22.log.gz,05:09:02,APERTURA,LONG,1,7619.75,,7622.75,,,,,,
logs_viejos/bot_hasta_2026-09-22.log.gz,05:10:10,CIERRE,LONG,,7619.75,7620.00,,,,,,+1.25,CRUCE CONTRARIO
logs_viejos/bot_hasta_2026-09-22.log.gz,05:10:12,APERTURA,SHORT,1,7620.00,,7617.00,,,,,,
logs_viejos/bot_hasta_2026-09-22.log.gz,05:11:01,CIERRE,SHORT,,7620.00,7618.00,,,,,,+10.00,CRUCE CONTRARIO
logs_viejos/bot_hasta_2026-09-22.log.gz,05:11:02,APERTURA,LONG,1,7618.00,,7621.00,,,,,,
logs_viejos/bot_hasta_2026-09-22.log.gz,05:12:10,CIERRE,LONG,,7618.00,7618.25,,,,,,+1.25,CRUCE CONTRARIO
logs_viejos/bot_hasta_2026-09-22.log.gz,05:12:12,APERTURA,SHORT,1,7618.25,,7615.25,,,,,,
logs_viejos/bot_hasta_2026-09-22.log.gz,05:13:01,CIERRE,SHORT,,7618.25,7617.75,,,,,,+2.50,CRUCE CONTRARIO
logs_viejos/bot_hasta_2026-09-22.log.gz,05:13:02,APERTURA,LONG,1,7617.75,,7620.75,,,,,,
logs_viejos/bot_hasta_2026-09-22.log.gz,05:14:01,CIERRE,LONG,,7617.75,7618.75,,,,,,+5.00,CRUCE CONTRARIO
logs_viejos/bot_hasta_2026-09-22.log.gz,05:14:02,APERTURA,SHORT,1,7618.75,,7615.75,,,,,,
logs_viejos/bot_hasta_2026-09-22.log.gz,05:16:01,CIERRE,SHORT,,7618.75,7619.00,,,,,,-1.25,CRUCE CONTRARIO
logs_viejos/bot_hasta_2026-09-22.log.gz,05:16:02,APERTURA,LONG,1,7619.00,,7622.00,,,,,,
logs_viejos/bot_hasta_2026-09-22.log.gz,05:17:02,CIERRE,LONG,,7619.00,7619.75,,,,,,+3.75,CRUCE CONTRARIO
logs_viejos/bot_hasta_2026-09-22.log.gz,05:17:03,APERTURA,SHORT,1,7619.75,,7616.75,,,,,,
logs_viejos/bot_hasta_2026-09-22.log.gz,05:18:01,CIERRE,SHORT,,7619.75,7620.00,,,,,,-1.25,CRUCE CONTRARIO
logs_viejos/bot_hasta_2026-09-22.log.gz,05:18:12,APERTURA,LONG,1,7620.00,,7623.00,,,,,,
logs_viejos/bot_hasta_2026-09-22.log.gz,05:19:01,CIERRE,LONG,,7620.00,7619.25,,,,,,-3.75,CRUCE CONTRARIO
logs_viejos/bot_hasta_2026-09-22.log.gz,05:19:02,APERTURA,SHORT,1,7619.25,,7616.25,,,,,,
logs_viejos/bot_hasta_2026-09-22.log.gz,05:20:01,CIERRE,SHORT,,7619.25,7619.25,,,,,,+0.00,CRUCE CONTRARIO
logs_viejos/bot_hasta_2026-09-22.log.gz,05:20:02,APERTURA,LONG,1,7619.25,,7622.25,,,,,,
logs_viejos/bot_hasta_2026-09-22.log.gz,05:23:01,CIERRE,LONG,,7619.25,7621.00,,,,,,+8.75,CRUCE CONTRARIO
logs_viejos/bot_hasta_2026-09-22.log.gz,05:23:12,APERTURA,SHORT,1,7621.00,,7618.00,,,,,,
logs_viejos/bot_hasta_2026-09-22.log.gz,05:25:01,CIERRE,SHORT,,7621.00,7619.50,,,,,,+7.50,CRUCE CONTRARIO
logs_viejos/bot_hasta_2026-09-22.log.gz,05:25:02,APERTURA,LONG,1,7619.50,,7622.50,,,,,,
logs_viejos/bot_hasta_2026-09-22.log.gz,05:26:01,CIERRE,LONG,,7619.50,7620.25,,,,,,+3.75,CRUCE CONTRARIO
logs_viejos/bot_hasta_2026-09-22.log.gz,05:26:02,APERTURA,SHORT,1,7620.25,,7617.25,,,,,,
logs_viejos/bot_hasta_2026-09-22.log.gz,05:27:01,CIERRE,SHORT,,7620.25,7619.25,,,,,,+5.00,CRUCE CONTRARIO
logs_viejos/bot_hasta_2026-09-22.log.gz,05:27:02,APERTURA,LONG,1,7619.25,,7622.25,,,,,,
logs_viejos/bot_hasta_2026-09-22.log.gz,05:28:01,CIERRE,LONG,,7619.25,7618.75,,,,,,-2.50,CRUCE CONTRARIO
logs_viejos/bot_hasta_2026-09-22.log.gz,05:28:02,APERTURA,SHORT,1,7618.75,,7615.75,,,,,,
logs_viejos/bot_hasta_2026-09-22.log.gz,05:29:01,CIERRE,SHORT,,7618.75,7619.50,,,,,,-3.75,CRUCE CONTRARIO
logs_viejos/bot_hasta_2026-09-22.log.gz,05:29:02,APERTURA,LONG,1,7619.50,,7622.50,,,,,,
logs_viejos/bot_hasta_2026-09-22.log.gz,05:30:11,CIERRE,LONG,,7619.50,7619.25,,,,,,-1.25,CRUCE CONTRARIO
logs_viejos/bot_hasta_2026-09-22.log.gz,05:30:12,APERTURA,SHORT,1,7619.25,,7616.25,,,,,,
logs_viejos/bot_hasta_2026-09-22.log.gz,00:00:54,APERTURA,LONG,1,7538.25,,7541.25,,,,,,
logs_viejos/bot_hasta_2026-09-22.log.gz,00:02:01,CIERRE,LONG,,7538.25,7539.00,,,,,,+3.75,CRUCE CONTRARIO
logs_viejos/bot_hasta_2026-09-22.log.gz,00:02:02,APERTURA,SHORT,1,7539.00,,7536.00,,,,,,
logs_viejos/bot_hasta_2026-09-22.log.gz,00:03:51,CIERRE,SHORT,,7539.00,7535.75,,,,,,+16.25,TAKE PROFIT
logs_viejos/bot_hasta_2026-09-22.log.gz,00:04:02,APERTURA,LONG,1,7536.25,,7539.25,,,,,,
logs_viejos/bot_hasta_2026-09-22.log.gz,00:05:01,CIERRE,LONG,,7536.25,7536.25,,,,,,+0.00,CRUCE CONTRARIO
logs_viejos/bot_hasta_2026-09-22.log.gz,00:05:02,APERTURA,SHORT,1,7536.25,,7533.25,,,,,,
logs_viejos/bot_hasta_2026-09-22.log.gz,00:07:01,CIERRE,SHORT,,7536.25,7536.25,,,,,,+0.00,CRUCE CONTRARIO
logs_viejos/bot_hasta_2026-09-22.log.gz,00:07:02,APERTURA,LONG,1,7536.25,,7539.25,,,,,,
logs_viejos/bot_hasta_2026-09-22.log.gz,00:08:01,CIERRE,LONG,,7536.25,7535.00,,,,,,-6.25,CRUCE CONTRARIO
logs_viejos/bot_hasta_2026-09-22.log.gz,00:08:02,APERTURA,SHORT,1,7535.00,,7532.00,,,,,,
logs_viejos/bot_hasta_2026-09-22.log.gz,00:09:01,CIERRE,SHORT,,7535.00,7534.50,,,,,,+2.50,CRUCE CONTRARIO
logs_viejos/bot_hasta_2026-09-22.log.gz,00:09:02,APERTURA,LONG,1,7534.50,,7537.50,,,,,,
logs_viejos/bot_hasta_2026-09-22.log.gz,00:10:01,CIERRE,LONG,,7534.50,7535.25,,,,,,+3.75,CRUCE CONTRARIO
logs_viejos/bot_hasta_2026-09-22.log.gz,00:10:02,APERTURA,SHORT,1,7535.25,,7532.25,,,,,,
logs_viejos/bot_hasta_2026-09-22.log.gz,00:11:01,CIERRE,SHORT,,7535.25,7535.00,,,,,,+1.25,CRUCE CONTRARIO
logs_viejos/bot_hasta_2026-09-22.log.gz,00:11:02,APERTURA,LONG,1,7535.00,,7538.00,,,,,,
logs_viejos/bot_hasta_2026-09-22.log.gz,00:12:01,CIERRE,LONG,,7535.00,7535.50,,,,,,+2.50,CRUCE CONTRARIO
logs_viejos/bot_hasta_2026-09-22.log.gz,00:12:02,APERTURA,SHORT,1,7535.50,,7532.50,,,,,,
logs_viejos/bot_hasta_2026-09-22.log.gz,00:15:01,CIERRE,SHORT,,7535.50,7537.25,,,,,,-8.75,CRUCE CONTRARIO
logs_viejos/bot_hasta_2026-09-22.log.gz,00:15:02,APERTURA,LONG,1,7537.25,,7540.25,,,,,,
logs_viejos/bot_hasta_2026-09-22.log.gz,00:16:01,CIERRE,LONG,,7537.25,7539.00,,,,,,+8.75,CRUCE CONTRARIO
logs_viejos/bot_hasta_2026-09-22.log.gz,00:16:02,APERTURA,SHORT,1,7539.00,,7536.00,,,,,,
logs_viejos/bot_hasta_2026-09-22.log.gz,00:17:01,CIERRE,SHORT,,7539.00,7538.50,,,,,,+2.50,CRUCE CONTRARIO
logs_viejos/bot_hasta_2026-09-22.log.gz,00:17:02,APERTURA,LONG,1,7538.50,,7541.50,,,,,,
logs_viejos/bot_hasta_2026-09-22.log.gz,00:18:01,CIERRE,LONG,,7538.50,7538.75,,,,,,+1.25,CRUCE CONTRARIO
logs_viejos/bot_hasta_2026-09-22.log.gz,00:18:02,APERTURA,SHORT,1,7538.75,,7535.75,,,,,,
logs_viejos/bot_hasta_2026-09-22.log.gz,00:20:01,CIERRE,SHORT,,7538.75,7538.75,,,,,,+0.00,CRUCE CONTRARIO
logs_viejos/bot_hasta_2026-09-22.log.gz,00:20:02,APERTURA,LONG,1,7538.75,,7541.75,,,,,,
logs_viejos/bot_hasta_2026-09-22.log.gz,00:36:25,CIERRE,LONG,,7538.75,7541.25,,,,,,+12.50,CRUCE CONTRARIO
logs_viejos/bot_hasta_2026-09-22.log.gz,00:36:26,APERTURA,SHORT,1,7541.25,,7538.25,,,,,,
logs_viejos/bot_hasta_2026-09-22.log.gz,03:22:53,CIERRE,SHORT,,7541.25,7546.25,,,,,,-25.00,STOP LOSS
logs_viejos/bot_hasta_2026-09-22.log.gz,06:25:52,APERTURA,SHORT,1,7532.75,,7529.75,,,,,,
logs_viejos/bot_hasta_2026-09-22.log.gz,07:43:51,CIERRE,SHORT,,7532.75,7538.25,,,,,,-27.50,STOP LOSS
logs_viejos/bot_hasta_2026-09-22.log.gz,09:28:58,APERTURA,LONG,1,7541.25,,7544.25,,,,,,
logs_viejos/bot_hasta_2026-09-22.log.gz,10:30:05,CIERRE,LONG,,7541.25,7553.25,,,,,,+60.00,TAKE PROFIT
logs_viejos/bot_hasta_2026-09-22.log.gz,10:31:58,APERTURA,SHORT,1,7551.00,,7548.00,,,,,,
logs_viejos/bot_hasta_2026-09-22.log.gz,10:33:01,CIERRE,SHORT,,7551.00,7551.50,,,,,,-2.50,CRUCE CONTRARIO
logs_viejos/bot_hasta_2026-09-22.log.gz,10:33:02,APERTURA,LONG,1,7551.50,,7554.50,,,,,,
logs_viejos/bot_hasta_2026-09-22.log.gz,10:34:01,CIERRE,LONG,,7551.50,7553.00,,,,,,+7.50,CRUCE CONTRARIO
logs_viejos/bot_hasta_2026-09-22.log.gz,10:34:03,APERTURA,SHORT,1,7553.00,,7550.00,,,,,,
logs_viejos/bot_hasta_2026-09-22.log.gz,10:35:01,CIERRE,SHORT,,7553.00,7552.50,,,,,,+2.50,CRUCE CONTRARIO
logs_viejos/bot_hasta_2026-09-22.log.gz,10:35:02,APERTURA,LONG,1,7552.50,,7555.50,,,,,,
logs_viejos/bot_hasta_2026-09-22.log.gz,10:35:16,CIERRE,LONG,,7552.50,7549.50,,,,,,-15.00,STOP LOSS
logs_viejos/bot_hasta_2026-09-22.log.gz,10:36:43,APERTURA,LONG,1,7547.75,,7550.75,,,,,,
logs_viejos/bot_hasta_2026-09-22.log.gz,10:37:01,CIERRE,LONG,,7547.75,7547.25,,,,,,-2.50,CRUCE CONTRARIO
logs_viejos/bot_hasta_2026-09-22.log.gz,10:37:02,APERTURA,SHORT,1,7547.25,,7544.25,,,,,,
logs_viejos/bot_hasta_2026-09-22.log.gz,10:38:01,CIERRE,SHORT,,7547.25,7545.75,,,,,,+7.50,CRUCE CONTRARIO
logs_viejos/bot_hasta_2026-09-22.log.gz,10:38:02,APERTURA,LONG,1,7545.75,,7548.75,,,,,,
logs_viejos/bot_hasta_2026-09-22.log.gz,10:39:00,CIERRE,LONG,,7545.75,7547.50,,,,,,+8.75,CRUCE CONTRARIO
logs_viejos/bot_hasta_2026-09-22.log.gz,10:39:01,APERTURA,SHORT,1,7547.50,,7544.50,,,,,,
logs_viejos/bot_hasta_2026-09-22.log.gz,10:40:01,CIERRE,SHORT,,7547.50,7548.00,,,,,,-2.50,CRUCE CONTRARIO
logs_viejos/bot_hasta_2026-09-22.log.gz,10:40:02,APERTURA,LONG,1,7548.00,,7551.00,,,,,,
logs_viejos/bot_hasta_2026-09-22.log.gz,10:40:07,CIERRE,LONG,,7548.00,7542.50,,,,,,-27.50,STOP LOSS
logs_viejos/bot_hasta_2026-09-22.log.gz,10:40:39,APERTURA,LONG,1,7544.00,,7547.00,,,,,,
logs_viejos/bot_hasta_2026-09-22.log.gz,10:41:21,CIERRE,LONG,,7544.00,7547.50,,,,,,+17.50,TAKE PROFIT
logs_viejos/bot_hasta_2026-09-22.log.gz,10:41:45,APERTURA,SHORT,1,7547.75,,7544.75,,,,,,
logs_viejos/bot_hasta_2026-09-22.log.gz,10:42:26,CIERRE,SHORT,,7547.75,7552.00,,,,,,-21.25,STOP LOSS
logs_viejos/bot_hasta_2026-09-22.log.gz,10:42:59,APERTURA,SHORT,1,7551.75,,7548.75,,,,,,
logs_viejos/bot_hasta_2026-09-22.log.gz,10:44:01,CIERRE,SHORT,,7551.75,7554.75,,,,,,-15.00,STOP LOSS
logs_viejos/bot_hasta_2026-09-22.log.gz,10:44:13,APERTURA,SHORT,1,7554.00,,7551.00,,,,,,
logs_viejos/bot_hasta_2026-09-22.log.gz,10:44:22,CIERRE,SHORT,,7554.00,7557.00,,,,,,-15.00,STOP LOSS
logs_viejos/bot_hasta_2026-09-22.log.gz,10:44:44,APERTURA,SHORT,1,7556.50,,7553.50,,,,,,
logs_viejos/bot_hasta_2026-09-22.log.gz,10:45:01,CIERRE,SHORT,,7556.50,7557.00,,,,,,-2.50,CRUCE CONTRARIO
logs_viejos/bot_hasta_2026-09-22.log.gz,10:45:12,APERTURA,LONG,1,7557.00,,7560.00,,,,,,
logs_viejos/bot_hasta_2026-09-22.log.gz,10:45:14,CIERRE,LONG,,7557.00,7554.00,,,,,,-15.00,STOP LOSS
logs_viejos/bot_hasta_2026-09-22.log.gz,10:45:47,APERTURA,LONG,1,7553.75,,7556.75,,,,,,
logs_viejos/bot_hasta_2026-09-22.log.gz,10:46:01,CIERRE,LONG,,7553.75,7552.75,,,,,,-5.00,CRUCE CONTRARIO
logs_viejos/bot_hasta_2026-09-22.log.gz,10:46:02,APERTURA,SHORT,1,7552.75,,7549.75,,,,,,
logs_viejos/bot_hasta_2026-09-22.log.gz,10:47:01,CIERRE,SHORT,,7552.75,7554.00,,,,,,-6.25,CRUCE CONTRARIO
logs_viejos/bot_hasta_2026-09-22.log.gz,10:47:02,APERTURA,LONG,1,7554.00,,7557.00,,,,,,
logs_viejos/bot_hasta_2026-09-22.log.gz,10:47:29,CIERRE,LONG,,7554.00,7558.00,,,,,,+20.00,TAKE PROFIT
logs_viejos/bot_hasta_2026-09-22.log.gz,10:48:08,APERTURA,SHORT,1,7558.00,,7555.00,,,,,,
logs_viejos/bot_hasta_2026-09-22.log.gz,10:49:01,CIERRE,SHORT,,7558.00,7558.75,,,,,,-3.75,CRUCE CONTRARIO
logs_viejos/bot_hasta_2026-09-22.log.gz,10:49:02,APERTURA,LONG,1,7558.75,,7561.75,,,,,,
logs_viejos/bot_hasta_2026-09-22.log.gz,10:50:01,CIERRE,LONG,,7558.75,7557.75,,,,,,-5.00,CRUCE CONTRARIO
logs_viejos/bot_hasta_2026-09-22.log.gz,10:50:02,APERTURA,SHORT,1,7557.75,,7554.75,,,,,,
logs_viejos/bot_hasta_2026-09-22.log.gz,10:50:05,CIERRE,SHORT,,7557.75,7554.75,,,,,,+15.00,TAKE PROFIT
logs_viejos/bot_hasta_2026-09-22.log.gz,10:50:26,APERTURA,SHORT,1,7554.00,,7551.00,,,,,,
logs_viejos/bot_hasta_2026-09-22.log.gz,10:51:01,CIERRE,SHORT,,7554.00,7553.25,,,,,,+3.75,CRUCE CONTRARIO
logs_viejos/bot_hasta_2026-09-22.log.gz,10:51:02,APERTURA,LONG,1,7553.25,,7556.25,,,,,,
logs_viejos/bot_hasta_2026-09-22.log.gz,10:52:01,CIERRE,LONG,,7553.25,7552.75,,,,,,-2.50,CRUCE CONTRARIO
logs_viejos/bot_hasta_2026-09-22.log.gz,10:52:02,APERTURA,SHORT,1,7552.75,,7549.75,,,,,,
logs_viejos/bot_hasta_2026-09-22.log.gz,10:52:25,CIERRE,SHORT,,7552.75,7549.50,,,,,,+16.25,TAKE PROFIT
logs_viejos/bot_hasta_2026-09-22.log.gz,10:52:47,APERTURA,LONG,1,7550.25,,7553.25,,,,,,
logs_viejos/bot_hasta_2026-09-22.log.gz,10:53:11,CIERRE,LONG,,7550.25,7550.00,,,,,,-1.25,CRUCE CONTRARIO
logs_viejos/bot_hasta_2026-09-22.log.gz,10:53:12,APERTURA,SHORT,1,7550.00,,7547.00,,,,,,
logs_viejos/bot_hasta_2026-09-22.log.gz,10:54:01,CIERRE,SHORT,,7550.00,7549.75,,,,,,+1.25,CRUCE CONTRARIO
logs_viejos/bot_hasta_2026-09-22.log.gz,10:54:02,APERTURA,LONG,1,7549.75,,7552.75,,,,,,
logs_viejos/bot_hasta_2026-09-22.log.gz,10:55:01,CIERRE,LONG,,7549.75,7548.00,,,,,,-8.75,CRUCE CONTRARIO
logs_viejos/bot_hasta_2026-09-22.log.gz,10:55:02,APERTURA,SHORT,1,7548.00,,7545.00,,,,,,
logs_viejos/bot_hasta_2026-09-22.log.gz,10:55:29,CIERRE,SHORT,,7548.00,7545.00,,,,,,+15.00,TAKE PROFIT
logs_viejos/bot_hasta_2026-09-22.log.gz,10:55:41,APERTURA,LONG,1,7546.00,,7549.00,,,,,,
logs_viejos/bot_hasta_2026-09-22.log.gz,10:56:01,CIERRE,LONG,,7546.00,7544.00,,,,,,-10.00,CRUCE CONTRARIO
logs_viejos/bot_hasta_2026-09-22.log.gz,10:56:02,APERTURA,SHORT,1,7544.00,,7541.00,,,,,,
logs_viejos/bot_hasta_2026-09-22.log.gz,10:56:35,CIERRE,SHORT,,7544.00,7549.50,,,,,,-27.50,STOP LOSS
logs_viejos/bot_hasta_2026-09-22.log.gz,10:56:59,APERTURA,SHORT,1,7550.50,,7547.50,,,,,,
logs_viejos/bot_hasta_2026-09-22.log.gz,10:57:39,CIERRE,SHORT,,7550.50,7553.50,,,,,,-15.00,STOP LOSS
logs_viejos/bot_hasta_2026-09-22.log.gz,10:58:03,APERTURA,SHORT,1,7554.00,,7551.00,,,,,,
logs_viejos/bot_hasta_2026-09-22.log.gz,00:20:27,APERTURA,SHORT,1,7561.00,,7558.00,,,,,,
logs_viejos/bot_hasta_2026-09-22.log.gz,00:23:01,CIERRE,SHORT,,7561.00,7561.75,,,,,,-3.75,CRUCE CONTRARIO
logs_viejos/bot_hasta_2026-09-22.log.gz,00:23:02,APERTURA,LONG,1,7561.75,,7564.75,,,,,,
logs_viejos/bot_hasta_2026-09-22.log.gz,00:24:01,CIERRE,LONG,,7561.75,7562.00,,,,,,+1.25,CRUCE CONTRARIO
logs_viejos/bot_hasta_2026-09-22.log.gz,00:24:02,APERTURA,SHORT,1,7562.00,,7559.00,,,,,,
logs_viejos/bot_hasta_2026-09-22.log.gz,00:25:01,CIERRE,SHORT,,7562.00,7560.75,,,,,,+6.25,CRUCE CONTRARIO
logs_viejos/bot_hasta_2026-09-22.log.gz,00:25:02,APERTURA,LONG,1,7560.75,,7563.75,,,,,,
logs_viejos/bot_hasta_2026-09-22.log.gz,00:26:01,CIERRE,LONG,,7560.75,7561.75,,,,,,+5.00,CRUCE CONTRARIO
logs_viejos/bot_hasta_2026-09-22.log.gz,00:26:02,APERTURA,SHORT,1,7561.75,,7558.75,,,,,,
logs_viejos/bot_hasta_2026-09-22.log.gz,00:28:01,CIERRE,SHORT,,7561.75,7562.50,,,,,,-3.75,CRUCE CONTRARIO
logs_viejos/bot_hasta_2026-09-22.log.gz,00:28:02,APERTURA,LONG,1,7562.50,,7565.50,,,,,,
logs_viejos/bot_hasta_2026-09-22.log.gz,00:29:01,CIERRE,LONG,,7562.50,7562.00,,,,,,-2.50,CRUCE CONTRARIO
logs_viejos/bot_hasta_2026-09-22.log.gz,00:29:02,APERTURA,SHORT,1,7562.00,,7559.00,,,,,,
logs_viejos/bot_hasta_2026-09-22.log.gz,00:30:11,CIERRE,SHORT,,7562.00,7562.00,,,,,,+0.00,CRUCE CONTRARIO
logs_viejos/bot_hasta_2026-09-22.log.gz,00:30:12,APERTURA,LONG,1,7562.00,,7565.00,,,,,,
logs_viejos/bot_hasta_2026-09-22.log.gz,00:31:01,CIERRE,LONG,,7562.00,7561.00,,,,,,-5.00,CRUCE CONTRARIO
logs_viejos/bot_hasta_2026-09-22.log.gz,00:31:12,APERTURA,SHORT,1,7561.00,,7558.00,,,,,,
logs_viejos/bot_hasta_2026-09-22.log.gz,00:32:01,CIERRE,SHORT,,7561.00,7561.00,,,,,,+0.00,CRUCE CONTRARIO
logs_viejos/bot_hasta_2026-09-22.log.gz,00:32:02,APERTURA,LONG,1,7561.00,,7564.00,,,,,,
logs_viejos/bot_hasta_2026-09-22.log.gz,00:33:01,CIERRE,LONG,,7561.00,7560.25,,,,,,-3.75,CRUCE CONTRARIO
logs_viejos/bot_hasta_2026-09-22.log.gz,00:33:02,APERTURA,SHORT,1,7560.25,,7557.25,,,,,,
logs_viejos/bot_hasta_2026-09-22.log.gz,00:34:00,CIERRE,SHORT,,7560.25,7561.25,,,,,,-5.00,CRUCE CONTRARIO
logs_viejos/bot_hasta_2026-09-22.log.gz,00:34:01,APERTURA,LONG,1,7561.25,,7564.25,,,,,,
logs_viejos/bot_hasta_2026-09-22.log.gz,00:36:01,CIERRE,LONG,,7561.25,7562.50,,,,,,+6.25,CRUCE CONTRARIO
logs_viejos/bot_hasta_2026-09-22.log.gz,00:36:02,APERTURA,SHORT,1,7562.50,,7559.50,,,,,,
logs_viejos/bot_hasta_2026-09-22.log.gz,00:37:01,CIERRE,SHORT,,7562.50,7560.75,,,,,,+8.75,CRUCE CONTRARIO
logs_viejos/bot_hasta_2026-09-22.log.gz,00:37:02,APERTURA,LONG,1,7560.75,,7563.75,,,,,,
logs_viejos/bot_hasta_2026-09-22.log.gz,00:40:02,CIERRE,LONG,,7560.75,7558.75,,,,,,-10.00,CRUCE CONTRARIO
logs_viejos/bot_hasta_2026-09-22.log.gz,00:40:13,APERTURA,SHORT,1,7558.75,,7555.75,,,,,,
logs_viejos/bot_hasta_2026-09-22.log.gz,00:41:01,CIERRE,SHORT,,7558.75,7559.75,,,,,,-5.00,CRUCE CONTRARIO
logs_viejos/bot_hasta_2026-09-22.log.gz,00:41:02,APERTURA,LONG,1,7559.75,,7562.75,,,,,,
logs_viejos/bot_hasta_2026-09-22.log.gz,00:42:11,CIERRE,LONG,,7559.75,7560.50,,,,,,+3.75,CRUCE CONTRARIO
logs_viejos/bot_hasta_2026-09-22.log.gz,00:42:12,APERTURA,SHORT,1,7560.50,,7557.50,,,,,,
logs_viejos/bot_hasta_2026-09-22.log.gz,00:43:00,CIERRE,SHORT,,7560.50,7559.75,,,,,,+3.75,CRUCE CONTRARIO
logs_viejos/bot_hasta_2026-09-22.log.gz,00:43:01,APERTURA,LONG,1,7559.75,,7562.75,,,,,,
logs_viejos/bot_hasta_2026-09-22.log.gz,00:59:37,CIERRE,LONG,,7559.75,7556.75,,,,,,-15.00,STOP LOSS
logs_viejos/bot_hasta_2026-09-22.log.gz,05:47:22,APERTURA,LONG,1,7566.50,,7569.50,,,,,,
logs_viejos/bot_hasta_2026-09-22.log.gz,06:05:27,CIERRE,LONG,,7566.50,7561.25,,,,,,-26.25,STOP LOSS
logs_viejos/bot_hasta_2026-09-22.log.gz,06:59:31,APERTURA,SHORT,1,7567.00,,7564.00,,,,,,
logs_viejos/bot_hasta_2026-09-22.log.gz,07:01:01,CIERRE,SHORT,,7567.00,7567.25,,,,,,-1.25,CRUCE CONTRARIO
logs_viejos/bot_hasta_2026-09-22.log.gz,07:01:02,APERTURA,LONG,1,7567.25,,7570.25,,,,,,
logs_viejos/bot_hasta_2026-09-22.log.gz,07:02:01,CIERRE,LONG,,7567.25,7567.50,,,,,,+1.25,CRUCE CONTRARIO
logs_viejos/bot_hasta_2026-09-22.log.gz,07:02:02,APERTURA,SHORT,1,7567.50,,7564.50,,,,,,
logs_viejos/bot_hasta_2026-09-22.log.gz,07:03:01,CIERRE,SHORT,,7567.50,7568.25,,,,,,-3.75,CRUCE CONTRARIO
logs_viejos/bot_hasta_2026-09-22.log.gz,07:03:12,APERTURA,LONG,1,7568.25,,7571.25,,,,,,
logs_viejos/bot_hasta_2026-09-22.log.gz,07:04:01,CIERRE,LONG,,7568.25,7568.75,,,,,,+2.50,CRUCE CONTRARIO
logs_viejos/bot_hasta_2026-09-22.log.gz,07:04:02,APERTURA,SHORT,1,7568.75,,7565.75,,,,,,
logs_viejos/bot_hasta_2026-09-22.log.gz,07:05:01,CIERRE,SHORT,,7568.75,7568.50,,,,,,+1.25,CRUCE CONTRARIO
logs_viejos/bot_hasta_2026-09-22.log.gz,07:05:02,APERTURA,LONG,1,7568.50,,7571.50,,,,,,
logs_viejos/bot_hasta_2026-09-22.log.gz,07:06:11,CIERRE,LONG,,7568.50,7568.00,,,,,,-2.50,CRUCE CONTRARIO
logs_viejos/bot_hasta_2026-09-22.log.gz,07:06:12,APERTURA,SHORT,1,7568.00,,7565.00,,,,,,
logs_viejos/bot_hasta_2026-09-22.log.gz,07:07:01,CIERRE,SHORT,,7568.00,7568.00,,,,,,+0.00,CRUCE CONTRARIO
logs_viejos/bot_hasta_2026-09-22.log.gz,07:07:02,APERTURA,LONG,1,7568.00,,7571.00,,,,,,
logs_viejos/bot_hasta_2026-09-22.log.gz,07:08:12,CIERRE,LONG,,7568.00,7567.50,,,,,,-2.50,CRUCE CONTRARIO
logs_viejos/bot_hasta_2026-09-22.log.gz,07:08:13,APERTURA,SHORT,1,7567.50,,7564.50,,,,,,
logs_viejos/bot_hasta_2026-09-22.log.gz,07:09:01,CIERRE,SHORT,,7567.50,7567.50,,,,,,+0.00,CRUCE CONTRARIO
logs_viejos/bot_hasta_2026-09-22.log.gz,07:09:12,APERTURA,LONG,1,7567.50,,7570.50,,,,,,
logs_viejos/bot_hasta_2026-09-22.log.gz,07:25:48,CIERRE,LONG,,7567.50,7571.00,,,,,,+17.50,TAKE PROFIT
logs_viejos/bot_hasta_2026-09-22.log.gz,07:33:29,APERTURA,SHORT,1,7572.50,,7569.50,,,,,,
logs_viejos/bot_hasta_2026-09-22.log.gz,07:34:01,CIERRE,SHORT,,7572.50,7573.25,,,,,,-3.75,CRUCE CONTRARIO
logs_viejos/bot_hasta_2026-09-22.log.gz,07:34:02,APERTURA,LONG,1,7573.25,,7576.25,,,,,,
logs_viejos/bot_hasta_2026-09-22.log.gz,07:35:01,CIERRE,LONG,,7573.25,7573.50,,,,,,+1.25,CRUCE CONTRARIO
logs_viejos/bot_hasta_2026-09-22.log.gz,07:35:02,APERTURA,SHORT,1,7573.50,,7570.50,,,,,,
logs_viejos/bot_hasta_2026-09-22.log.gz,07:36:01,CIERRE,SHORT,,7573.50,7573.75,,,,,,-1.25,CRUCE CONTRARIO
logs_viejos/bot_hasta_2026-09-22.log.gz,07:36:02,APERTURA,LONG,1,7573.75,,7576.75,,,,,,
logs_viejos/bot_hasta_2026-09-22.log.gz,07:41:01,CIERRE,LONG,,7573.75,7572.25,,,,,,-7.50,CRUCE CONTRARIO
logs_viejos/bot_hasta_2026-09-22.log.gz,07:41:02,APERTURA,SHORT,1,7572.25,,7569.25,,,,,,
logs_viejos/bot_hasta_2026-09-22.log.gz,07:42:11,CIERRE,SHORT,,7572.25,7572.50,,,,,,-1.25,CRUCE CONTRARIO
logs_viejos/bot_hasta_2026-09-22.log.gz,07:42:22,APERTURA,LONG,1,7572.50,,7575.50,,,,,,
logs_viejos/bot_hasta_2026-09-22.log.gz,07:44:01,CIERRE,LONG,,7572.50,7573.50,,,,,,+5.00,CRUCE CONTRARIO
logs_viejos/bot_hasta_2026-09-22.log.gz,07:44:03,APERTURA,SHORT,1,7573.50,,7570.50,,,,,,
logs_viejos/bot_hasta_2026-09-22.log.gz,07:45:01,CIERRE,SHORT,,7573.50,7573.50,,,,,,+0.00,CRUCE CONTRARIO
logs_viejos/bot_hasta_2026-09-22.log.gz,07:45:02,APERTURA,LONG,1,7573.50,,7576.50,,,,,,
logs_viejos/bot_hasta_2026-09-22.log.gz,07:46:01,CIERRE,LONG,,7573.50,7572.75,,,,,,-3.75,CRUCE CONTRARIO
logs_viejos/bot_hasta_2026-09-22.log.gz,07:46:02,APERTURA,SHORT,1,7572.75,,7569.75,,,,,,
logs_viejos/bot_hasta_2026-09-22.log.gz,07:47:01,CIERRE,SHORT,,7572.75,7572.00,,,,,,+3.75,CRUCE CONTRARIO
logs_viejos/bot_hasta_2026-09-22.log.gz,07:47:02,APERTURA,LONG,1,7572.00,,7575.00,,,,,,
logs_viejos/bot_hasta_2026-09-22.log.gz,07:48:01,CIERRE,LONG,,7572.00,7572.00,,,,,,+0.00,CRUCE CONTRARIO
logs_viejos/bot_hasta_2026-09-22.log.gz,07:48:12,APERTURA,SHORT,1,7572.00,,7569.00,,,,,,
logs_viejos/bot_hasta_2026-09-22.log.gz,07:49:01,CIERRE,SHORT,,7572.00,7571.00,,,,,,+5.00,CRUCE CONTRARIO
logs_viejos/bot_hasta_2026-09-22.log.gz,07:49:02,APERTURA,LONG,1,7571.00,,7574.00,,,,,,
logs_viejos/bot_hasta_2026-09-22.log.gz,07:50:11,CIERRE,LONG,,7571.00,7572.25,,,,,,+6.25,CRUCE CONTRARIO
logs_viejos/bot_hasta_2026-09-22.log.gz,07:50:12,APERTURA,SHORT,1,7572.25,,7569.25,,,,,,
logs_viejos/bot_hasta_2026-09-22.log.gz,07:51:01,CIERRE,SHORT,,7572.25,7572.50,,,,,,-1.25,CRUCE CONTRARIO
logs_viejos/bot_hasta_2026-09-22.log.gz,07:51:02,APERTURA,LONG,1,7572.50,,7575.50,,,,,,
logs_viejos/bot_hasta_2026-09-22.log.gz,07:52:00,CIERRE,LONG,,7572.50,7570.50,,,,,,-10.00,CRUCE CONTRARIO
logs_viejos/bot_hasta_2026-09-22.log.gz,07:52:01,APERTURA,SHORT,1,7570.50,,7567.50,,,,,,
logs_viejos/bot_hasta_2026-09-22.log.gz,07:53:01,CIERRE,SHORT,,7570.50,7571.25,,,,,,-3.75,CRUCE CONTRARIO
logs_viejos/bot_hasta_2026-09-22.log.gz,07:53:02,APERTURA,LONG,1,7571.25,,7574.25,,,,,,
logs_viejos/bot_hasta_2026-09-22.log.gz,07:54:01,CIERRE,LONG,,7571.25,7571.25,,,,,,+0.00,CRUCE CONTRARIO
logs_viejos/bot_hasta_2026-09-22.log.gz,07:54:02,APERTURA,SHORT,1,7571.25,,7568.25,,,,,,
logs_viejos/bot_hasta_2026-09-22.log.gz,07:55:11,CIERRE,SHORT,,7571.25,7572.50,,,,,,-6.25,CRUCE CONTRARIO
logs_viejos/bot_hasta_2026-09-22.log.gz,07:55:13,APERTURA,LONG,1,7572.50,,7575.50,,,,,,
logs_viejos/bot_hasta_2026-09-22.log.gz,07:56:01,CIERRE,LONG,,7572.50,7572.25,,,,,,-1.25,CRUCE CONTRARIO
logs_viejos/bot_hasta_2026-09-22.log.gz,07:56:02,APERTURA,SHORT,1,7572.25,,7569.25,,,,,,
logs_viejos/bot_hasta_2026-09-22.log.gz,08:12:47,CIERRE,SHORT,,7572.25,7568.00,,,,,,+21.25,TAKE PROFIT
logs_viejos/bot_hasta_2026-09-22.log.gz,08:14:45,APERTURA,LONG,1,7568.50,,7571.50,,,,,,
logs_viejos/bot_hasta_2026-09-22.log.gz,08:16:01,CIERRE,LONG,,7568.50,7569.00,,,,,,+2.50,CRUCE CONTRARIO
logs_viejos/bot_hasta_2026-09-22.log.gz,08:16:12,APERTURA,SHORT,1,7569.00,,7566.00,,,,,,
logs_viejos/bot_hasta_2026-09-22.log.gz,21:03:53,APERTURA,LONG,1,7396.50,,7399.50,,,,,,
logs_viejos/bot_hasta_2026-09-22.log.gz,21:16:35,CIERRE,LONG,,7396.50,7406.00,,,,,,+47.50,TAKE PROFIT
logs_viejos/bot_hasta_2026-09-22.log.gz,21:16:58,APERTURA,SHORT,1,7403.75,,7400.75,,,,,,
logs_viejos/bot_hasta_2026-09-22.log.gz,21:18:01,CIERRE,SHORT,,7403.75,7403.50,,,,,,+1.25,CRUCE CONTRARIO
logs_viejos/bot_hasta_2026-09-22.log.gz,21:18:02,APERTURA,LONG,1,7403.50,,7406.50,,,,,,
logs_viejos/bot_hasta_2026-09-22.log.gz,21:19:01,CIERRE,LONG,,7403.50,7403.75,,,,,,+1.25,CRUCE CONTRARIO
logs_viejos/bot_hasta_2026-09-22.log.gz,21:19:12,APERTURA,SHORT,1,7403.75,,7400.75,,,,,,
logs_viejos/bot_hasta_2026-09-22.log.gz,21:20:01,CIERRE,SHORT,,7403.75,7405.25,,,,,,-7.50,CRUCE CONTRARIO
logs_viejos/bot_hasta_2026-09-22.log.gz,21:20:02,APERTURA,LONG,1,7405.25,,7408.25,,,,,,
logs_viejos/bot_hasta_2026-09-22.log.gz,21:20:18,CIERRE,LONG,,7405.25,7402.25,,,,,,-15.00,STOP LOSS
logs_viejos/bot_hasta_2026-09-22.log.gz,21:20:56,APERTURA,LONG,1,7400.25,,7403.25,,,,,,
logs_viejos/bot_hasta_2026-09-22.log.gz,21:21:01,CIERRE,LONG,,7400.25,7399.75,,,,,,-2.50,CRUCE CONTRARIO
logs_viejos/bot_hasta_2026-09-22.log.gz,21:21:02,APERTURA,SHORT,1,7399.75,,7396.75,,,,,,
logs_viejos/bot_hasta_2026-09-22.log.gz,21:21:21,CIERRE,SHORT,,7399.75,7403.00,,,,,,-16.25,STOP LOSS
logs_viejos/bot_hasta_2026-09-22.log.gz,21:21:42,APERTURA,SHORT,1,7401.75,,7398.75,,,,,,
logs_viejos/bot_hasta_2026-09-22.log.gz,21:22:01,CIERRE,SHORT,,7401.75,7402.50,,,,,,-3.75,CRUCE CONTRARIO
logs_viejos/bot_hasta_2026-09-22.log.gz,21:22:02,APERTURA,LONG,1,7402.50,,7405.50,,,,,,
logs_viejos/bot_hasta_2026-09-22.log.gz,21:23:01,CIERRE,LONG,,7402.50,7403.00,,,,,,+2.50,CRUCE CONTRARIO
logs_viejos/bot_hasta_2026-09-22.log.gz,21:23:02,APERTURA,SHORT,1,7403.00,,7400.00,,,,,,
logs_viejos/bot_hasta_2026-09-22.log.gz,21:24:00,CIERRE,SHORT,,7403.00,7402.50,,,,,,+2.50,CRUCE CONTRARIO
logs_viejos/bot_hasta_2026-09-22.log.gz,21:24:01,APERTURA,LONG,1,7402.50,,7405.50,,,,,,
logs_viejos/bot_hasta_2026-09-22.log.gz,21:24:51,CIERRE,LONG,,7402.50,7406.00,,,,,,+17.50,TAKE PROFIT
logs_viejos/bot_hasta_2026-09-22.log.gz,21:25:12,APERTURA,SHORT,1,7405.25,,7402.25,,,,,,
logs_viejos/bot_hasta_2026-09-22.log.gz,21:26:01,CIERRE,SHORT,,7405.25,7406.00,,,,,,-3.75,CRUCE CONTRARIO
logs_viejos/bot_hasta_2026-09-22.log.gz,21:26:02,APERTURA,LONG,1,7406.00,,7409.00,,,,,,
logs_viejos/bot_hasta_2026-09-22.log.gz,21:26:40,CIERRE,LONG,,7406.00,7409.25,,,,,,+16.25,TAKE PROFIT
logs_viejos/bot_hasta_2026-09-22.log.gz,21:27:02,APERTURA,SHORT,1,7408.50,,7405.50,,,,,,
logs_viejos/bot_hasta_2026-09-22.log.gz,21:28:01,CIERRE,SHORT,,7408.50,7409.50,,,,,,-5.00,CRUCE CONTRARIO
logs_viejos/bot_hasta_2026-09-22.log.gz,21:28:12,APERTURA,LONG,1,7409.50,,7412.50,,,,,,
logs_viejos/bot_hasta_2026-09-22.log.gz,21:29:01,CIERRE,LONG,,7409.50,7411.00,,,,,,+7.50,CRUCE CONTRARIO
logs_viejos/bot_hasta_2026-09-22.log.gz,21:29:02,APERTURA,SHORT,1,7411.00,,7408.00,,,,,,
logs_viejos/bot_hasta_2026-09-22.log.gz,21:29:27,CIERRE,SHORT,,7411.00,7407.50,,,,,,+17.50,TAKE PROFIT
logs_viejos/bot_hasta_2026-09-22.log.gz,21:29:41,APERTURA,LONG,1,7408.25,,7411.25,,,,,,
logs_viejos/bot_hasta_2026-09-22.log.gz,21:31:13,CIERRE,LONG,,7408.25,7411.25,,,,,,+15.00,TAKE PROFIT
logs_viejos/bot_hasta_2026-09-22.log.gz,21:31:56,APERTURA,SHORT,1,7410.50,,7407.50,,,,,,
logs_viejos/bot_hasta_2026-09-22.log.gz,21:33:01,CIERRE,SHORT,,7410.50,7410.50,,,,,,+0.00,CRUCE CONTRARIO
logs_viejos/bot_hasta_2026-09-22.log.gz,21:33:02,APERTURA,LONG,1,7410.50,,7413.50,,,,,,
logs_viejos/bot_hasta_2026-09-22.log.gz,21:34:01,CIERRE,LONG,,7410.50,7411.25,,,,,,+3.75,CRUCE CONTRARIO
logs_viejos/bot_hasta_2026-09-22.log.gz,21:34:12,APERTURA,SHORT,1,7411.25,,7408.25,,,,,,
logs_viejos/bot_hasta_2026-09-22.log.gz,21:36:00,CIERRE,SHORT,,7411.25,7410.75,,,,,,+2.50,CRUCE CONTRARIO
logs_viejos/bot_hasta_2026-09-22.log.gz,21:36:01,APERTURA,LONG,1,7410.75,,7413.75,,,,,,
logs_viejos/bot_hasta_2026-09-22.log.gz,21:36:34,CIERRE,LONG,,7410.75,7414.75,,,,,,+20.00,TAKE PROFIT
logs_viejos/bot_hasta_2026-09-22.log.gz,21:36:52,APERTURA,SHORT,1,7414.25,,7411.25,,,,,,
logs_viejos/bot_hasta_2026-09-22.log.gz,21:37:01,CIERRE,SHORT,,7414.25,7414.50,,,,,,-1.25,CRUCE CONTRARIO
logs_viejos/bot_hasta_2026-09-22.log.gz,21:37:02,APERTURA,LONG,1,7414.50,,7417.50,,,,,,
logs_viejos/bot_hasta_2026-09-22.log.gz,21:38:01,CIERRE,LONG,,7414.50,7414.25,,,,,,-1.25,CRUCE CONTRARIO
logs_viejos/bot_hasta_2026-09-22.log.gz,21:38:02,APERTURA,SHORT,1,7414.25,,7411.25,,,,,,
logs_viejos/bot_hasta_2026-09-22.log.gz,21:39:01,CIERRE,SHORT,,7414.25,7415.25,,,,,,-5.00,CRUCE CONTRARIO
logs_viejos/bot_hasta_2026-09-22.log.gz,21:39:02,APERTURA,LONG,1,7415.25,,7418.25,,,,,,
logs_viejos/bot_hasta_2026-09-22.log.gz,21:40:00,CIERRE,LONG,,7415.25,7415.25,,,,,,+0.00,CRUCE CONTRARIO
logs_viejos/bot_hasta_2026-09-22.log.gz,21:40:02,APERTURA,SHORT,1,7415.25,,7412.25,,,,,,
logs_viejos/bot_hasta_2026-09-22.log.gz,21:42:01,CIERRE,SHORT,,7415.25,7417.00,,,,,,-8.75,CRUCE CONTRARIO
logs_viejos/bot_hasta_2026-09-22.log.gz,21:42:02,APERTURA,LONG,1,7417.00,,7420.00,,,,,,
logs_viejos/bot_hasta_2026-09-22.log.gz,21:43:01,CIERRE,LONG,,7417.00,7416.25,,,,,,-3.75,CRUCE CONTRARIO
logs_viejos/bot_hasta_2026-09-22.log.gz,21:43:12,APERTURA,SHORT,1,7416.25,,7413.25,,,,,,
logs_viejos/bot_hasta_2026-09-22.log.gz,21:44:01,CIERRE,SHORT,,7416.25,7415.75,,,,,,+2.50,CRUCE CONTRARIO
logs_viejos/bot_hasta_2026-09-22.log.gz,21:44:02,APERTURA,LONG,1,7415.75,,7418.75,,,,,,
logs_viejos/bot_hasta_2026-09-22.log.gz,21:45:01,CIERRE,LONG,,7415.75,7414.75,,,,,,-5.00,CRUCE CONTRARIO
logs_viejos/bot_hasta_2026-09-22.log.gz,21:45:02,APERTURA,SHORT,1,7414.75,,7411.75,,,,,,
logs_viejos/bot_hasta_2026-09-22.log.gz,21:46:01,CIERRE,SHORT,,7414.75,7416.25,,,,,,-7.50,CRUCE CONTRARIO
logs_viejos/bot_hasta_2026-09-22.log.gz,21:46:02,APERTURA,LONG,1,7416.25,,7419.25,,,,,,
logs_viejos/bot_hasta_2026-09-22.log.gz,21:47:01,CIERRE,LONG,,7416.25,7418.75,,,,,,+12.50,CRUCE CONTRARIO
logs_viejos/bot_hasta_2026-09-22.log.gz,21:47:02,APERTURA,SHORT,1,7418.75,,7415.75,,,,,,
logs_viejos/bot_hasta_2026-09-22.log.gz,21:48:01,CIERRE,SHORT,,7418.75,7421.00,,,,,,-11.25,CRUCE CONTRARIO
logs_viejos/bot_hasta_2026-09-22.log.gz,21:48:02,APERTURA,LONG,1,7421.00,,7424.00,,,,,,
logs_viejos/bot_hasta_2026-09-22.log.gz,21:49:01,CIERRE,LONG,,7421.00,7421.50,,,,,,+2.50,CRUCE CONTRARIO
logs_viejos/bot_hasta_2026-09-22.log.gz,21:49:02,APERTURA,SHORT,1,7421.50,,7418.50,,,,,,
logs_viejos/bot_hasta_2026-09-22.log.gz,21:51:01,CIERRE,SHORT,,7421.50,7421.75,,,,,,-1.25,CRUCE CONTRARIO
logs_viejos/bot_hasta_2026-09-22.log.gz,21:51:02,APERTURA,LONG,1,7421.75,,7424.75,,,,,,
logs_viejos/bot_hasta_2026-09-22.log.gz,21:51:19,CIERRE,LONG,,7421.75,7417.75,,,,,,-20.00,STOP LOSS
logs_viejos/bot_hasta_2026-09-22.log.gz,21:51:52,APERTURA,LONG,1,7417.50,,7420.50,,,,,,
logs_viejos/bot_hasta_2026-09-22.log.gz,21:53:01,CIERRE,LONG,,7417.50,7419.50,,,,,,+10.00,CRUCE CONTRARIO
logs_viejos/bot_hasta_2026-09-22.log.gz,21:53:02,APERTURA,SHORT,1,7419.50,,7416.50,,,,,,
logs_viejos/bot_hasta_2026-09-22.log.gz,21:54:01,CIERRE,SHORT,,7419.50,7418.25,,,,,,+6.25,CRUCE CONTRARIO
logs_viejos/bot_hasta_2026-09-22.log.gz,21:54:02,APERTURA,LONG,1,7418.25,,7421.25,,,,,,
logs_viejos/bot_hasta_2026-09-22.log.gz,21:55:01,CIERRE,LONG,,7418.25,7416.25,,,,,,-10.00,CRUCE CONTRARIO
logs_viejos/bot_hasta_2026-09-22.log.gz,21:55:02,APERTURA,SHORT,1,7416.25,,7413.25,,,,,,
logs_viejos/bot_hasta_2026-09-22.log.gz,21:56:14,CIERRE,SHORT,,7416.25,7413.25,,,,,,+15.00,TAKE PROFIT
logs_viejos/bot_hasta_2026-09-22.log.gz,21:56:25,APERTURA,LONG,1,7414.00,,7417.00,,,,,,
logs_viejos/bot_hasta_2026-09-22.log.gz,21:57:11,CIERRE,LONG,,7414.00,7414.50,,,,,,+2.50,CRUCE CONTRARIO
logs_viejos/bot_hasta_2026-09-22.log.gz,21:57:22,APERTURA,SHORT,1,7414.50,,7411.50,,,,,,
logs_viejos/bot_hasta_2026-09-22.log.gz,21:58:01,CIERRE,SHORT,,7414.50,7414.25,,,,,,+1.25,CRUCE CONTRARIO
logs_viejos/bot_hasta_2026-09-22.log.gz,21:58:02,APERTURA,LONG,1,7414.25,,7417.25,,,,,,
logs_viejos/bot_hasta_2026-09-22.log.gz,22:00:01,CIERRE,LONG,,7414.25,7416.50,,,,,,+11.25,CRUCE CONTRARIO
logs_viejos/bot_hasta_2026-09-22.log.gz,22:00:02,APERTURA,SHORT,1,7416.50,,7413.50,,,,,,
logs_viejos/bot_hasta_2026-09-22.log.gz,22:02:01,CIERRE,SHORT,,7416.50,7413.75,,,,,,+13.75,CRUCE CONTRARIO
logs_viejos/bot_hasta_2026-09-22.log.gz,22:02:02,APERTURA,LONG,1,7413.75,,7416.75,,,,,,
logs_viejos/bot_hasta_2026-09-22.log.gz,22:03:10,CIERRE,LONG,,7413.75,7412.50,,,,,,-6.25,CRUCE CONTRARIO
logs_viejos/bot_hasta_2026-09-22.log.gz,22:03:12,APERTURA,SHORT,1,7412.50,,7409.50,,,,,,
logs_viejos/bot_hasta_2026-09-22.log.gz,22:04:01,CIERRE,SHORT,,7412.50,7412.50,,,,,,+0.00,CRUCE CONTRARIO
logs_viejos/bot_hasta_2026-09-22.log.gz,22:04:02,APERTURA,LONG,1,7412.50,,7415.50,,,,,,
logs_viejos/bot_hasta_2026-09-22.log.gz,22:19:10,CIERRE,LONG,,7412.50,7418.75,,,,,,+31.25,TAKE PROFIT
logs_viejos/bot_hasta_2026-09-22.log.gz,22:33:30,APERTURA,SHORT,1,7403.50,,7400.50,,,,,,
logs_viejos/bot_hasta_2026-09-22.log.gz,22:34:21,CIERRE,SHORT,,7403.50,7400.50,,,,,,+15.00,TAKE PROFIT
logs_viejos/bot_hasta_2026-09-22.log.gz,22:34:52,APERTURA,LONG,1,7399.25,,7402.25,,,,,,
logs_viejos/bot_hasta_2026-09-22.log.gz,22:35:01,CIERRE,LONG,,7399.25,7399.00,,,,,,-1.25,CRUCE CONTRARIO
logs_viejos/bot_hasta_2026-09-22.log.gz,22:35:02,APERTURA,SHORT,1,7399.00,,7396.00,,,,,,
logs_viejos/bot_hasta_2026-09-22.log.gz,22:36:09,CIERRE,SHORT,,7399.00,7396.00,,,,,,+15.00,TAKE PROFIT
logs_viejos/bot_hasta_2026-09-22.log.gz,22:36:13,APERTURA,LONG,1,7398.00,,7401.00,,,,,,
logs_viejos/bot_hasta_2026-09-22.log.gz,00:00:46,CIERRE,LONG,,7398.00,7416.75,,,,,,+93.75,TAKE PROFIT
logs_viejos/bot_hasta_2026-09-22.log.gz,00:01:21,APERTURA,SHORT,1,7415.50,,7412.50,,,,,,
logs_viejos/bot_hasta_2026-09-22.log.gz,00:02:01,CIERRE,SHORT,,7415.50,7414.25,,,,,,+6.25,CRUCE CONTRARIO
logs_viejos/bot_hasta_2026-09-22.log.gz,00:02:02,APERTURA,LONG,1,7414.25,,7417.25,,,,,,
logs_viejos/bot_hasta_2026-09-22.log.gz,00:03:01,CIERRE,LONG,,7414.25,7414.25,,,,,,+0.00,CRUCE CONTRARIO
logs_viejos/bot_hasta_2026-09-22.log.gz,00:03:02,APERTURA,SHORT,1,7414.25,,7411.25,,,,,,
logs_viejos/bot_hasta_2026-09-22.log.gz,00:04:01,CIERRE,SHORT,,7414.25,7414.50,,,,,,-1.25,CRUCE CONTRARIO
logs_viejos/bot_hasta_2026-09-22.log.gz,00:04:02,APERTURA,LONG,1,7414.50,,7417.50,,,,,,
logs_viejos/bot_hasta_2026-09-22.log.gz,00:05:01,CIERRE,LONG,,7414.50,7414.75,,,,,,+1.25,CRUCE CONTRARIO
logs_viejos/bot_hasta_2026-09-22.log.gz,00:05:02,APERTURA,SHORT,1,7414.75,,7411.75,,,,,,
logs_viejos/bot_hasta_2026-09-22.log.gz,00:06:01,CIERRE,SHORT,,7414.75,7416.25,,,,,,-7.50,CRUCE CONTRARIO
logs_viejos/bot_hasta_2026-09-22.log.gz,00:06:02,APERTURA,LONG,1,7416.25,,7419.25,,,,,,
logs_viejos/bot_hasta_2026-09-22.log.gz,00:07:01,CIERRE,LONG,,7416.25,7416.25,,,,,,+0.00,CRUCE CONTRARIO
logs_viejos/bot_hasta_2026-09-22.log.gz,00:07:02,APERTURA,SHORT,1,7416.25,,7413.25,,,,,,
logs_viejos/bot_hasta_2026-09-22.log.gz,00:08:01,CIERRE,SHORT,,7416.25,7415.25,,,,,,+5.00,CRUCE CONTRARIO
logs_viejos/bot_hasta_2026-09-22.log.gz,00:08:12,APERTURA,LONG,1,7415.25,,7418.25,,,,,,
logs_viejos/bot_hasta_2026-09-22.log.gz,00:09:01,CIERRE,LONG,,7415.25,7416.00,,,,,,+3.75,CRUCE CONTRARIO
logs_viejos/bot_hasta_2026-09-22.log.gz,00:09:02,APERTURA,SHORT,1,7416.00,,7413.00,,,,,,
logs_viejos/bot_hasta_2026-09-22.log.gz,00:10:01,CIERRE,SHORT,,7416.00,7414.50,,,,,,+7.50,CRUCE CONTRARIO
logs_viejos/bot_hasta_2026-09-22.log.gz,00:10:02,APERTURA,LONG,1,7414.50,,7417.50,,,,,,
logs_viejos/bot_hasta_2026-09-22.log.gz,00:11:01,CIERRE,LONG,,7414.50,7416.00,,,,,,+7.50,CRUCE CONTRARIO
logs_viejos/bot_hasta_2026-09-22.log.gz,00:11:02,APERTURA,SHORT,1,7416.00,,7413.00,,,,,,
logs_viejos/bot_hasta_2026-09-22.log.gz,00:12:01,CIERRE,SHORT,,7416.00,7415.25,,,,,,+3.75,CRUCE CONTRARIO
logs_viejos/bot_hasta_2026-09-22.log.gz,00:12:02,APERTURA,LONG,1,7415.25,,7418.25,,,,,,
logs_viejos/bot_hasta_2026-09-22.log.gz,00:13:01,CIERRE,LONG,,7415.25,7415.50,,,,,,+1.25,CRUCE CONTRARIO
logs_viejos/bot_hasta_2026-09-22.log.gz,00:13:02,APERTURA,SHORT,1,7415.50,,7412.50,,,,,,
logs_viejos/bot_hasta_2026-09-22.log.gz,00:14:01,CIERRE,SHORT,,7415.50,7414.50,,,,,,+5.00,CRUCE CONTRARIO
logs_viejos/bot_hasta_2026-09-22.log.gz,00:14:02,APERTURA,LONG,1,7414.50,,7417.50,,,,,,
logs_viejos/bot_hasta_2026-09-22.log.gz,00:15:11,CIERRE,LONG,,7414.50,7414.00,,,,,,-2.50,CRUCE CONTRARIO
logs_viejos/bot_hasta_2026-09-22.log.gz,00:15:12,APERTURA,SHORT,1,7414.00,,7411.00,,,,,,
logs_viejos/bot_hasta_2026-09-22.log.gz,00:16:00,CIERRE,SHORT,,7414.00,7415.00,,,,,,-5.00,CRUCE CONTRARIO
logs_viejos/bot_hasta_2026-09-22.log.gz,00:16:01,APERTURA,LONG,1,7415.00,,7418.00,,,,,,
logs_viejos/bot_hasta_2026-09-22.log.gz,00:17:01,CIERRE,LONG,,7415.00,7416.75,,,,,,+8.75,CRUCE CONTRARIO
logs_viejos/bot_hasta_2026-09-22.log.gz,00:17:02,APERTURA,SHORT,1,7416.75,,7413.75,,,,,,
logs_viejos/bot_hasta_2026-09-22.log.gz,00:19:01,CIERRE,SHORT,,7416.75,7417.50,,,,,,-3.75,CRUCE CONTRARIO
logs_viejos/bot_hasta_2026-09-22.log.gz,00:19:02,APERTURA,LONG,1,7417.50,,7420.50,,,,,,
logs_viejos/bot_hasta_2026-09-22.log.gz,00:20:01,CIERRE,LONG,,7417.50,7417.50,,,,,,+0.00,CRUCE CONTRARIO
logs_viejos/bot_hasta_2026-09-22.log.gz,00:20:02,APERTURA,SHORT,1,7417.50,,7414.50,,,,,,
logs_viejos/bot_hasta_2026-09-22.log.gz,00:21:01,CIERRE,SHORT,,7417.50,7417.75,,,,,,-1.25,CRUCE CONTRARIO
logs_viejos/bot_hasta_2026-09-22.log.gz,00:21:02,APERTURA,LONG,1,7417.75,,7420.75,,,,,,
logs_viejos/bot_hasta_2026-09-22.log.gz,00:22:01,CIERRE,LONG,,7417.75,7416.75,,,,,,-5.00,CRUCE CONTRARIO
logs_viejos/bot_hasta_2026-09-22.log.gz,00:22:02,APERTURA,SHORT,1,7416.75,,7413.75,,,,,,
logs_viejos/bot_hasta_2026-09-22.log.gz,00:39:01,CIERRE,SHORT,,7416.75,7415.75,,,,,,+5.00,CRUCE CONTRARIO
logs_viejos/bot_hasta_2026-09-22.log.gz,00:39:02,APERTURA,LONG,1,7415.75,,7418.75,,,,,,
logs_viejos/bot_hasta_2026-09-22.log.gz,00:40:36,CIERRE,LONG,,7415.75,7418.75,,,,,,+15.00,TAKE PROFIT
logs_viejos/bot_hasta_2026-09-22.log.gz,00:40:52,APERTURA,SHORT,1,7418.50,,7415.50,,,,,,
logs_viejos/bot_hasta_2026-09-22.log.gz,00:56:44,CIERRE,SHORT,,7418.50,7416.25,,,,,,+11.25,CRUCE CONTRARIO
logs_viejos/bot_hasta_2026-09-22.log.gz,00:56:45,APERTURA,LONG,1,7416.25,,7419.25,,,,,,
logs_viejos/bot_hasta_2026-09-22.log.gz,01:14:01,CIERRE,LONG,,7416.25,7415.25,,,,,,-5.00,CRUCE CONTRARIO
logs_viejos/bot_hasta_2026-09-22.log.gz,01:14:02,APERTURA,SHORT,1,7415.25,,7412.25,,,,,,
logs_viejos/bot_hasta_2026-09-22.log.gz,01:15:11,CIERRE,SHORT,,7415.25,7413.75,,,,,,+7.50,CRUCE CONTRARIO
logs_viejos/bot_hasta_2026-09-22.log.gz,01:15:12,APERTURA,LONG,1,7413.75,,7416.75,,,,,,
logs_viejos/bot_hasta_2026-09-22.log.gz,01:16:17,CIERRE,LONG,,7413.75,7410.75,,,,,,-15.00,STOP LOSS
logs_viejos/bot_hasta_2026-09-22.log.gz,01:16:39,APERTURA,LONG,1,7411.75,,7414.75,,,,,,
logs_viejos/bot_hasta_2026-09-22.log.gz,01:17:01,CIERRE,LONG,,7411.75,7411.75,,,,,,+0.00,CRUCE CONTRARIO
logs_viejos/bot_hasta_2026-09-22.log.gz,01:17:02,APERTURA,SHORT,1,7411.75,,7408.75,,,,,,
logs_viejos/bot_hasta_2026-09-22.log.gz,01:18:01,CIERRE,SHORT,,7411.75,7412.25,,,,,,-2.50,CRUCE CONTRARIO
logs_viejos/bot_hasta_2026-09-22.log.gz,01:18:01,APERTURA,LONG,1,7412.25,,7415.25,,,,,,
logs_viejos/bot_hasta_2026-09-22.log.gz,01:19:01,CIERRE,LONG,,7412.25,7414.00,,,,,,+8.75,CRUCE CONTRARIO
logs_viejos/bot_hasta_2026-09-22.log.gz,01:19:02,APERTURA,SHORT,1,7414.00,,7411.00,,,,,,
logs_viejos/bot_hasta_2026-09-22.log.gz,01:34:47,CIERRE,SHORT,,7414.00,7408.50,,,,,,+27.50,TAKE PROFIT
logs_viejos/bot_hasta_2026-09-22.log.gz,01:35:20,APERTURA,LONG,1,7409.25,,7412.25,,,,,,
logs_viejos/bot_hasta_2026-09-22.log.gz,01:42:47,CIERRE,LONG,,7409.25,7412.25,,,,,,+15.00,TAKE PROFIT
logs_viejos/bot_hasta_2026-09-22.log.gz,01:43:10,APERTURA,SHORT,1,7411.50,,7408.50,,,,,,
logs_viejos/bot_hasta_2026-09-22.log.gz,01:48:36,CIERRE,SHORT,,7411.50,7406.75,,,,,,+23.75,TAKE PROFIT
logs_viejos/bot_hasta_2026-09-22.log.gz,01:49:11,APERTURA,LONG,1,7406.25,,7409.25,,,,,,
logs_viejos/bot_hasta_2026-09-22.log.gz,02:04:34,CIERRE,LONG,,7406.25,7404.75,,,,,,-7.50,CRUCE CONTRARIO
logs_viejos/bot_hasta_2026-09-22.log.gz,02:04:35,APERTURA,SHORT,1,7404.75,,7401.75,,,,,,
logs_viejos/bot_hasta_2026-09-22.log.gz,02:05:01,CIERRE,SHORT,,7404.75,7405.75,,,,,,-5.00,CRUCE CONTRARIO
logs_viejos/bot_hasta_2026-09-22.log.gz,02:05:02,APERTURA,LONG,1,7405.75,,7408.75,,,,,,
logs_viejos/bot_hasta_2026-09-22.log.gz,02:23:05,CIERRE,LONG,,7405.75,7400.50,,,,,,-26.25,STOP LOSS
logs_viejos/bot_hasta_2026-09-22.log.gz,02:23:48,APERTURA,LONG,1,7398.75,,7401.75,,,,,,
logs_viejos/bot_hasta_2026-09-22.log.gz,02:39:33,CIERRE,LONG,,7398.75,7402.00,,,,,,+16.25,TAKE PROFIT
logs_viejos/bot_hasta_2026-09-22.log.gz,02:40:17,APERTURA,SHORT,1,7400.75,,7397.75,,,,,,
logs_viejos/bot_hasta_2026-09-22.log.gz,02:56:58,CIERRE,SHORT,,7400.75,7389.50,,,,,,+56.25,TAKE PROFIT
logs_viejos/bot_hasta_2026-09-22.log.gz,02:57:42,APERTURA,LONG,1,7389.00,,7392.00,,,,,,
logs_viejos/bot_hasta_2026-09-22.log.gz,03:06:01,CIERRE,LONG,,7389.00,7389.25,,,,,,+1.25,CRUCE CONTRARIO
logs_viejos/bot_hasta_2026-09-22.log.gz,03:06:02,APERTURA,SHORT,1,7389.25,,7386.25,,,,,,
logs_viejos/bot_hasta_2026-09-22.log.gz,03:07:00,CIERRE,SHORT,,7389.25,7391.00,,,,,,-8.75,CRUCE CONTRARIO
logs_viejos/bot_hasta_2026-09-22.log.gz,03:07:11,APERTURA,LONG,1,7391.00,,7394.00,,,,,,
logs_viejos/bot_hasta_2026-09-22.log.gz,03:08:29,CIERRE,LONG,,7391.00,7387.75,,,,,,-16.25,STOP LOSS
logs_viejos/bot_hasta_2026-09-22.log.gz,03:08:49,APERTURA,LONG,1,7389.00,,7392.00,,,,,,
logs_viejos/bot_hasta_2026-09-22.log.gz,03:09:57,CIERRE,LONG,,7389.00,7392.00,,,,,,+15.00,TAKE PROFIT
logs_viejos/bot_hasta_2026-09-22.log.gz,03:10:07,APERTURA,SHORT,1,7390.25,,7387.25,,,,,,
logs_viejos/bot_hasta_2026-09-22.log.gz,03:10:28,CIERRE,SHORT,,7390.25,7393.75,,,,,,-17.50,STOP LOSS
logs_viejos/bot_hasta_2026-09-22.log.gz,03:11:12,APERTURA,SHORT,1,7395.50,,7392.50,,,,,,
logs_viejos/bot_hasta_2026-09-22.log.gz,03:12:01,CIERRE,SHORT,,7395.50,7398.25,,,,,,-13.75,CRUCE CONTRARIO
logs_viejos/bot_hasta_2026-09-22.log.gz,03:12:02,APERTURA,LONG,1,7398.25,,7401.25,,,,,,
logs_viejos/bot_hasta_2026-09-22.log.gz,03:13:01,CIERRE,LONG,,7398.25,7398.00,,,,,,-1.25,CRUCE CONTRARIO
logs_viejos/bot_hasta_2026-09-22.log.gz,03:13:02,APERTURA,SHORT,1,7398.00,,7395.00,,,,,,
logs_viejos/bot_hasta_2026-09-22.log.gz,03:14:01,CIERRE,SHORT,,7398.00,7398.50,,,,,,-2.50,CRUCE CONTRARIO
logs_viejos/bot_hasta_2026-09-22.log.gz,03:14:02,APERTURA,LONG,1,7398.50,,7401.50,,,,,,
logs_viejos/bot_hasta_2026-09-22.log.gz,03:14:05,CIERRE,LONG,,7398.50,7395.25,,,,,,-16.25,STOP LOSS
logs_viejos/bot_hasta_2026-09-22.log.gz,03:14:27,APERTURA,LONG,1,7396.50,,7399.50,,,,,,
logs_viejos/bot_hasta_2026-09-22.log.gz,03:15:01,CIERRE,LONG,,7396.50,7396.75,,,,,,+1.25,CRUCE CONTRARIO
logs_viejos/bot_hasta_2026-09-22.log.gz,03:15:02,APERTURA,SHORT,1,7396.75,,7393.75,,,,,,
logs_viejos/bot_hasta_2026-09-22.log.gz,03:16:01,CIERRE,SHORT,,7396.75,7396.00,,,,,,+3.75,CRUCE CONTRARIO
logs_viejos/bot_hasta_2026-09-22.log.gz,03:16:02,APERTURA,LONG,1,7396.00,,7399.00,,,,,,
logs_viejos/bot_hasta_2026-09-22.log.gz,03:17:01,CIERRE,LONG,,7396.00,7394.00,,,,,,-10.00,CRUCE CONTRARIO
logs_viejos/bot_hasta_2026-09-22.log.gz,03:17:02,APERTURA,SHORT,1,7394.00,,7391.00,,,,,,
logs_viejos/bot_hasta_2026-09-22.log.gz,19:33:09,APERTURA,LONG,1,7461.25,,7464.25,,,,,,
logs_viejos/bot_hasta_2026-09-22.log.gz,19:36:42,APERTURA,LONG,1,7463.00,,7466.00,,,,,,
logs_viejos/bot_hasta_2026-09-22.log.gz,19:40:01,CIERRE,LONG,,7463.00,7464.75,,,,,,+8.75,CRUCE CONTRARIO
logs_viejos/bot_hasta_2026-09-22.log.gz,19:40:02,APERTURA,SHORT,1,7464.75,,7461.75,,,,,,
logs_viejos/bot_hasta_2026-09-22.log.gz,19:47:02,CIERRE,SHORT,,7464.75,7467.75,,,,,,-15.00,STOP LOSS
logs_viejos/bot_hasta_2026-09-22.log.gz,19:48:39,APERTURA,LONG,1,7466.25,,7469.25,,,,,,
logs_viejos/bot_hasta_2026-09-22.log.gz,19:51:11,CIERRE,LONG,,7466.25,7466.50,,,,,,+1.25,CRUCE CONTRARIO
logs_viejos/bot_hasta_2026-09-22.log.gz,19:51:13,APERTURA,SHORT,1,7466.50,,7463.50,,,,,,
logs_viejos/bot_hasta_2026-09-22.log.gz,19:54:08,APERTURA,SHORT,1,7406.75,,7403.75,,,,,,
logs_viejos/bot_hasta_2026-09-22.log.gz,19:55:59,CIERRE,SHORT,,7406.75,7409.75,,,,,,-15.00,STOP LOSS
logs_viejos/bot_hasta_2026-09-22.log.gz,19:56:53,APERTURA,SHORT,1,7411.25,,7408.25,,,,,,
logs_viejos/bot_hasta_2026-09-22.log.gz,19:58:01,CIERRE,SHORT,,7411.25,7410.75,,,,,,+2.50,CRUCE CONTRARIO
logs_viejos/bot_hasta_2026-09-22.log.gz,19:58:03,APERTURA,LONG,1,7410.75,,7413.75,,,,,,
logs_viejos/bot_hasta_2026-09-22.log.gz,20:01:01,CIERRE,LONG,,7410.75,7409.50,,,,,,-6.25,CRUCE CONTRARIO
logs_viejos/bot_hasta_2026-09-22.log.gz,20:01:03,APERTURA,SHORT,1,7409.50,,7406.50,,,,,,
logs_viejos/bot_hasta_2026-09-22.log.gz,20:05:01,CIERRE,SHORT,,7409.50,7410.00,,,,,,-2.50,CRUCE CONTRARIO
logs_viejos/bot_hasta_2026-09-22.log.gz,20:05:03,APERTURA,LONG,1,7410.00,,7413.00,,,,,,
logs_viejos/bot_hasta_2026-09-22.log.gz,20:06:01,CIERRE,LONG,,7410.00,7410.50,,,,,,+2.50,CRUCE CONTRARIO
logs_viejos/bot_hasta_2026-09-22.log.gz,20:06:02,APERTURA,SHORT,1,7410.50,,7407.50,,,,,,
logs_viejos/bot_hasta_2026-09-22.log.gz,20:07:02,CIERRE,SHORT,,7410.50,7409.75,,,,,,+3.75,CRUCE CONTRARIO
logs_viejos/bot_hasta_2026-09-22.log.gz,20:07:03,APERTURA,LONG,1,7409.75,,7412.75,,,,,,
logs_viejos/bot_hasta_2026-09-22.log.gz,20:11:52,CIERRE,LONG,,7409.75,7413.00,,,,,,+16.25,TAKE PROFIT
logs_viejos/bot_hasta_2026-09-22.log.gz,20:12:54,APERTURA,SHORT,1,7415.75,,7412.75,,,,,,
logs_viejos/bot_hasta_2026-09-22.log.gz,20:13:01,CIERRE,SHORT,,7415.75,7415.75,,,,,,+0.00,CRUCE CONTRARIO
logs_viejos/bot_hasta_2026-09-22.log.gz,20:13:03,APERTURA,LONG,1,7415.75,,7418.75,,,,,,
logs_viejos/bot_hasta_2026-09-22.log.gz,20:14:00,CIERRE,LONG,,7415.75,7414.25,,,,,,-7.50,CRUCE CONTRARIO
logs_viejos/bot_hasta_2026-09-22.log.gz,20:14:02,APERTURA,SHORT,1,7414.25,,7411.25,,,,,,
logs_viejos/bot_hasta_2026-09-22.log.gz,20:15:01,CIERRE,SHORT,,7414.25,7416.00,,,,,,-8.75,CRUCE CONTRARIO
logs_viejos/bot_hasta_2026-09-22.log.gz,20:15:12,APERTURA,LONG,1,7416.00,,7419.00,,,,,,
logs_viejos/bot_hasta_2026-09-22.log.gz,20:16:00,CIERRE,LONG,,7416.00,7415.25,,,,,,-3.75,CRUCE CONTRARIO
logs_viejos/bot_hasta_2026-09-22.log.gz,20:16:12,APERTURA,SHORT,1,7415.25,,7412.25,,,,,,
logs_viejos/bot_hasta_2026-09-22.log.gz,20:19:01,CIERRE,SHORT,,7415.25,7413.50,,,,,,+8.75,CRUCE CONTRARIO
logs_viejos/bot_hasta_2026-09-22.log.gz,20:19:02,APERTURA,LONG,1,7413.50,,7416.50,,,,,,
logs_viejos/bot_hasta_2026-09-22.log.gz,20:22:10,CIERRE,LONG,,7413.50,7412.50,,,,,,-5.00,CRUCE CONTRARIO
logs_viejos/bot_hasta_2026-09-22.log.gz,20:22:12,APERTURA,SHORT,1,7412.50,,7409.50,,,,,,
logs_viejos/bot_hasta_2026-09-22.log.gz,20:23:02,CIERRE,SHORT,,7412.50,7413.75,,,,,,-6.25,CRUCE CONTRARIO
logs_viejos/bot_hasta_2026-09-22.log.gz,20:23:03,APERTURA,LONG,1,7413.75,,7416.75,,,,,,
logs_viejos/bot_hasta_2026-09-22.log.gz,20:25:01,CIERRE,LONG,,7413.75,7413.50,,,,,,-1.25,CRUCE CONTRARIO
logs_viejos/bot_hasta_2026-09-22.log.gz,20:25:03,APERTURA,SHORT,1,7413.50,,7410.50,,,,,,
logs_viejos/bot_hasta_2026-09-22.log.gz,20:26:01,CIERRE,SHORT,,7413.50,7413.75,,,,,,-1.25,CRUCE CONTRARIO
logs_viejos/bot_hasta_2026-09-22.log.gz,20:26:03,APERTURA,LONG,1,7413.75,,7416.75,,,,,,
logs_viejos/bot_hasta_2026-09-22.log.gz,20:28:02,CIERRE,LONG,,7413.75,7413.25,,,,,,-2.50,CRUCE CONTRARIO
logs_viejos/bot_hasta_2026-09-22.log.gz,20:28:03,APERTURA,SHORT,1,7413.25,,7410.25,,,,,,
logs_viejos/bot_hasta_2026-09-22.log.gz,20:29:01,CIERRE,SHORT,,7413.25,7412.75,,,,,,+2.50,CRUCE CONTRARIO
logs_viejos/bot_hasta_2026-09-22.log.gz,20:29:03,APERTURA,LONG,1,7412.75,,7415.75,,,,,,
logs_viejos/bot_hasta_2026-09-22.log.gz,20:30:00,CIERRE,LONG,,7412.75,7412.50,,,,,,-1.25,CRUCE CONTRARIO
logs_viejos/bot_hasta_2026-09-22.log.gz,20:30:02,APERTURA,SHORT,1,7412.50,,7409.50,,,,,,
logs_viejos/bot_hasta_2026-09-22.log.gz,20:31:01,CIERRE,SHORT,,7412.50,7413.00,,,,,,-2.50,CRUCE CONTRARIO
logs_viejos/bot_hasta_2026-09-22.log.gz,20:31:02,APERTURA,LONG,1,7413.00,,7416.00,,,,,,
logs_viejos/bot_hasta_2026-09-22.log.gz,20:34:11,CIERRE,LONG,,7413.00,7411.75,,,,,,-6.25,CRUCE CONTRARIO
logs_viejos/bot_hasta_2026-09-22.log.gz,20:34:13,APERTURA,SHORT,1,7411.75,,7408.75,,,,,,
logs_viejos/bot_hasta_2026-09-22.log.gz,20:35:01,CIERRE,SHORT,,7411.75,7413.00,,,,,,-6.25,CRUCE CONTRARIO
logs_viejos/bot_hasta_2026-09-22.log.gz,20:35:02,APERTURA,LONG,1,7413.00,,7416.00,,,,,,
logs_viejos/bot_hasta_2026-09-22.log.gz,20:36:14,CIERRE,LONG,,7413.00,7416.00,,,,,,+15.00,TAKE PROFIT
logs_viejos/bot_hasta_2026-09-22.log.gz,20:42:29,APERTURA,SHORT,1,7416.25,,7413.25,,,,,,
logs_viejos/bot_hasta_2026-09-22.log.gz,20:43:01,CIERRE,SHORT,,7416.25,7415.50,,,,,,+3.75,CRUCE CONTRARIO
logs_viejos/bot_hasta_2026-09-22.log.gz,20:43:03,APERTURA,LONG,1,7415.50,,7418.50,,,,,,
logs_viejos/bot_hasta_2026-09-22.log.gz,20:44:01,CIERRE,LONG,,7415.50,7415.00,,,,,,-2.50,CRUCE CONTRARIO
logs_viejos/bot_hasta_2026-09-22.log.gz,20:44:13,APERTURA,SHORT,1,7415.00,,7412.00,,,,,,
logs_viejos/bot_hasta_2026-09-22.log.gz,20:45:05,CIERRE,SHORT,,7415.00,7411.50,,,,,,+17.50,TAKE PROFIT
logs_viejos/bot_hasta_2026-09-22.log.gz,20:46:52,APERTURA,LONG,1,7412.00,,7415.00,,,,,,
logs_viejos/bot_hasta_2026-09-22.log.gz,20:47:08,CIERRE,LONG,,7412.00,7409.00,,,,,,-15.00,STOP LOSS
logs_viejos/bot_hasta_2026-09-22.log.gz,20:54:16,APERTURA,LONG,1,7407.50,,7410.50,,,,,,
logs_viejos/bot_hasta_2026-09-22.log.gz,20:55:01,CIERRE,LONG,,7407.50,7405.75,,,,,,-8.75,CRUCE CONTRARIO
logs_viejos/bot_hasta_2026-09-22.log.gz,20:55:03,APERTURA,SHORT,1,7405.75,,7402.75,,,,,,
logs_viejos/bot_hasta_2026-09-22.log.gz,20:57:01,CIERRE,SHORT,,7405.75,7406.50,,,,,,-3.75,CRUCE CONTRARIO
logs_viejos/bot_hasta_2026-09-22.log.gz,20:57:03,APERTURA,LONG,1,7406.50,,7409.50,,,,,,
logs_viejos/bot_hasta_2026-09-22.log.gz,20:58:02,CIERRE,LONG,,7406.50,7408.25,,,,,,+8.75,CRUCE CONTRARIO
logs_viejos/bot_hasta_2026-09-22.log.gz,20:58:03,APERTURA,SHORT,1,7408.25,,7405.25,,,,,,
logs_viejos/bot_hasta_2026-09-22.log.gz,21:00:36,CIERRE,SHORT,,7408.25,7411.25,,,,,,-15.00,STOP LOSS
logs_viejos/bot_hasta_2026-09-22.log.gz,21:00:47,APERTURA,SHORT,1,7409.75,,7406.75,,,,,,
logs_viejos/bot_hasta_2026-09-22.log.gz,21:03:23,CIERRE,SHORT,,7409.75,7406.75,,,,,,+15.00,TAKE PROFIT
logs_viejos/bot_hasta_2026-09-22.log.gz,21:04:01,APERTURA,LONG,1,7404.25,,7407.25,,,,,,
logs_viejos/bot_hasta_2026-09-22.log.gz,21:04:20,CIERRE,LONG,,7404.25,7401.00,,,,,,-16.25,STOP LOSS
logs_viejos/bot_hasta_2026-09-22.log.gz,21:07:29,APERTURA,SHORT,1,7398.25,,7395.25,,,,,,
logs_viejos/bot_hasta_2026-09-22.log.gz,21:07:42,CIERRE,SHORT,,7398.25,7401.25,,,,,,-15.00,STOP LOSS
logs_viejos/bot_hasta_2026-09-22.log.gz,21:08:38,APERTURA,SHORT,1,7399.50,,7396.50,,,,,,
logs_viejos/bot_hasta_2026-09-22.log.gz,21:08:59,CIERRE,SHORT,,7399.50,7396.25,,,,,,+16.25,TAKE PROFIT
logs_viejos/bot_hasta_2026-09-22.log.gz,21:09:25,APERTURA,LONG,1,7396.25,,7399.25,,,,,,
logs_viejos/bot_hasta_2026-09-22.log.gz,21:10:41,CIERRE,LONG,,7396.25,7399.75,,,,,,+17.50,TAKE PROFIT
logs_viejos/bot_hasta_2026-09-22.log.gz,21:12:33,APERTURA,SHORT,1,7400.50,,7397.50,,,,,,
logs_viejos/bot_hasta_2026-09-22.log.gz,21:14:32,CIERRE,SHORT,,7400.50,7397.50,,,,,,+15.00,TAKE PROFIT
logs_viejos/bot_hasta_2026-09-22.log.gz,21:15:00,APERTURA,LONG,1,7397.25,,7400.25,,,,,,
logs_viejos/bot_hasta_2026-09-22.log.gz,21:16:01,CIERRE,LONG,,7397.25,7395.25,,,,,,-10.00,CRUCE CONTRARIO
logs_viejos/bot_hasta_2026-09-22.log.gz,21:16:02,APERTURA,SHORT,1,7395.25,,7392.25,,,,,,
logs_viejos/bot_hasta_2026-09-22.log.gz,21:16:52,CIERRE,SHORT,,7395.25,7398.75,,,,,,-17.50,STOP LOSS
logs_viejos/bot_hasta_2026-09-22.log.gz,21:17:11,APERTURA,SHORT,1,7397.75,,7394.75,,,,,,
logs_viejos/bot_hasta_2026-09-22.log.gz,21:18:15,CIERRE,SHORT,,7397.75,7400.75,,,,,,-15.00,STOP LOSS
logs_viejos/bot_hasta_2026-09-22.log.gz,21:18:43,APERTURA,LONG,1,7399.25,,7402.25,,,,,,
logs_viejos/bot_hasta_2026-09-22.log.gz,21:19:00,CIERRE,LONG,,7399.25,7397.75,,,,,,-7.50,CRUCE CONTRARIO
logs_viejos/bot_hasta_2026-09-22.log.gz,21:19:02,APERTURA,SHORT,1,7397.75,,7394.75,,,,,,
logs_viejos/bot_hasta_2026-09-22.log.gz,21:21:01,CIERRE,SHORT,,7397.75,7397.00,,,,,,+3.75,CRUCE CONTRARIO
logs_viejos/bot_hasta_2026-09-22.log.gz,21:21:03,APERTURA,LONG,1,7397.00,,7400.00,,,,,,
logs_viejos/bot_hasta_2026-09-22.log.gz,21:23:01,CIERRE,LONG,,7397.00,7395.75,,,,,,-6.25,CRUCE CONTRARIO
logs_viejos/bot_hasta_2026-09-22.log.gz,21:23:03,APERTURA,SHORT,1,7395.75,,7392.75,,,,,,
logs_viejos/bot_hasta_2026-09-22.log.gz,21:41:11,CIERRE,SHORT,,7395.75,7394.50,,,,,,+6.25,CRUCE CONTRARIO
logs_viejos/bot_hasta_2026-09-22.log.gz,21:41:13,APERTURA,LONG,1,7394.50,,7397.50,,,,,,
logs_viejos/bot_hasta_2026-09-22.log.gz,22:34:19,CIERRE,LONG,,7394.50,7414.00,,,,,,+97.50,TAKE PROFIT
logs_viejos/bot_hasta_2026-09-22.log.gz,22:35:03,APERTURA,SHORT,1,7414.25,,7411.25,,,,,,
logs_viejos/bot_hasta_2026-09-22.log.gz,22:37:01,CIERRE,SHORT,,7414.25,7415.75,,,,,,-7.50,CRUCE CONTRARIO
logs_viejos/bot_hasta_2026-09-22.log.gz,22:37:03,APERTURA,LONG,1,7415.75,,7418.75,,,,,,
logs_viejos/bot_hasta_2026-09-22.log.gz,22:46:02,APERTURA,SHORT,,7421.75,,7417.75,7425.75,,,,,
logs_viejos/bot_hasta_2026-09-22.log.gz,22:48:10,CIERRE,SHORT,,7421.75,7425.75,,,,,,-20.00,STOP LOSS
logs_viejos/bot_hasta_2026-09-22.log.gz,22:50:01,APERTURA,SHORT,,7425.00,,7421.0,7429.0,,,,,
logs_viejos/bot_hasta_2026-09-22.log.gz,22:55:21,CIERRE,SHORT,,7425.00,7421.00,,,,,,+20.00,TAKE PROFIT
logs_viejos/bot_hasta_2026-09-22.log.gz,23:02:02,APERTURA,SHORT,,7421.50,,7417.5,7425.5,,,,,
logs_viejos/bot_hasta_2026-09-22.log.gz,23:25:38,CIERRE,SHORT,,7421.50,7417.50,,,,,,+20.00,TAKE PROFIT
logs_viejos/bot_hasta_2026-09-22.log.gz,23:27:02,APERTURA,SHORT,,7415.75,,7411.75,7419.75,,,,,
logs_viejos/bot_hasta_2026-09-22.log.gz,23:28:53,CIERRE,SHORT,,7415.75,7419.75,,,,,,-20.00,STOP LOSS
logs_viejos/bot_hasta_2026-09-22.log.gz,23:31:02,APERTURA,SHORT,,7420.50,,7416.5,7424.5,,,,,
logs_viejos/bot_hasta_2026-09-22.log.gz,23:45:17,CIERRE,SHORT,,7420.50,7424.50,,,,,,-20.00,STOP LOSS
logs_viejos/bot_hasta_2026-09-22.log.gz,23:46:02,APERTURA,SHORT,,7423.50,,7419.5,7427.5,,,,,
logs_viejos/bot_hasta_2026-09-22.log.gz,00:15:16,CIERRE,SHORT,,7423.50,7427.50,,,,,,-20.00,STOP LOSS
logs_viejos/bot_hasta_2026-09-22.log.gz,00:19:11,APERTURA,LONG,,7428.25,,7432.25,7424.25,,,,,
logs_viejos/bot_hasta_2026-09-22.log.gz,00:22:13,CIERRE,LONG,,7428.25,7424.25,,,,,,-20.00,STOP LOSS
logs_viejos/bot_hasta_2026-09-22.log.gz,00:23:01,APERTURA,SHORT,,7424.75,,7420.75,7428.75,,,,,
logs_viejos/bot_hasta_2026-09-22.log.gz,00:35:05,CIERRE,SHORT,,7424.75,7428.75,,,,,,-20.00,STOP LOSS
logs_viejos/bot_hasta_2026-09-22.log.gz,01:51:12,APERTURA,SHORT,,7435.50,,7431.5,7439.5,,,,,
logs_viejos/bot_hasta_2026-09-22.log.gz,02:32:06,CIERRE,SHORT,,7435.50,7439.50,,,,,,-20.00,STOP LOSS
logs_viejos/bot_hasta_2026-09-22.log.gz,02:51:02,APERTURA,LONG,,7438.25,,7442.25,7434.25,,,,,
logs_viejos/bot_hasta_2026-09-22.log.gz,02:56:34,CIERRE,LONG,,7438.25,7434.25,,,,,,-20.00,STOP LOSS
logs_viejos/bot_hasta_2026-09-22.log.gz,02:57:01,APERTURA,LONG,,7435.00,,7439.0,7431.0,,,,,
logs_viejos/bot_hasta_2026-09-22.log.gz,03:14:50,CIERRE,LONG,,7435.00,7439.00,,,,,,+20.00,TAKE PROFIT
logs_viejos/bot_hasta_2026-09-22.log.gz,03:16:01,APERTURA,SHORT,,7439.00,,7435.0,7443.0,,,,,
logs_viejos/bot_hasta_2026-09-22.log.gz,03:31:30,CIERRE,SHORT,,7439.00,7435.00,,,,,,+20.00,TAKE PROFIT
logs_viejos/bot_hasta_2026-09-22.log.gz,03:32:01,APERTURA,SHORT,,7435.00,,7431.0,7439.0,,,,,
logs_viejos/bot_hasta_2026-09-22.log.gz,03:53:48,CIERRE,SHORT,,7435.00,7431.00,,,,,,+20.00,TAKE PROFIT
logs_viejos/bot_hasta_2026-09-22.log.gz,03:57:01,APERTURA,SHORT,,7431.75,,7427.75,7435.75,,,,,
logs_viejos/bot_hasta_2026-09-22.log.gz,04:00:24,CIERRE,SHORT,,7431.75,7436.00,,,,,,-21.25,STOP LOSS
logs_viejos/bot_hasta_2026-09-22.log.gz,04:03:01,APERTURA,LONG,,7439.75,,7443.75,7435.75,,,,,
logs_viejos/bot_hasta_2026-09-22.log.gz,04:05:01,CIERRE,LONG,,7439.75,7444.00,,,,,,+21.25,TAKE PROFIT
logs_viejos/bot_hasta_2026-09-22.log.gz,04:11:02,APERTURA,LONG,,7444.50,,7448.5,7440.5,,,,,
logs_viejos/bot_hasta_2026-09-22.log.gz,04:13:57,CIERRE,LONG,,7444.50,7440.50,,,,,,-20.00,STOP LOSS
logs_viejos/bot_hasta_2026-09-22.log.gz,08:00:08,APERTURA,LONG,,7451.50,,7455.5,7447.5,,,,,
logs_viejos/bot_hasta_2026-09-22.log.gz,08:55:07,CIERRE,LONG,,7451.50,7444.50,,,,,,-35.00,STOP LOSS
logs_viejos/bot_hasta_2026-09-22.log.gz,08:59:02,APERTURA,LONG,,7443.75,,7447.75,7439.75,,,,,
logs_viejos/bot_hasta_2026-09-22.log.gz,09:03:42,CIERRE,LONG,,7443.75,7447.75,,,,,,+20.00,TAKE PROFIT
logs_viejos/bot_hasta_2026-09-22.log.gz,09:04:01,APERTURA,SHORT,,7447.00,,7443.0,7451.0,,,,,
logs_viejos/bot_hasta_2026-09-22.log.gz,09:14:56,CIERRE,SHORT,,7447.00,7443.00,,,,,,+20.00,TAKE PROFIT
logs_viejos/bot_hasta_2026-09-22.log.gz,09:45:02,APERTURA,SHORT,,7449.50,,7445.5,7453.5,,,,,
logs_viejos/bot_hasta_2026-09-22.log.gz,09:48:02,APERTURA,LONG,,7447.75,,7451.75,7443.75,,,,,
logs_viejos/bot_hasta_2026-09-22.log.gz,09:58:40,CIERRE,LONG,,7447.75,7451.75,,,,,,+20.00,TAKE PROFIT
logs_viejos/bot_hasta_2026-09-22.log.gz,09:59:02,APERTURA,SHORT,,7451.50,,7447.5,7455.5,,,,,
logs_viejos/bot_hasta_2026-09-22.log.gz,09:59:53,CIERRE,SHORT,,7451.50,7456.50,,,,,,-25.00,STOP LOSS
logs_viejos/bot_hasta_2026-09-22.log.gz,10:01:02,APERTURA,SHORT,,7453.00,,7449.0,7457.0,,,,,
logs_viejos/bot_hasta_2026-09-22.log.gz,10:05:46,CIERRE,SHORT,,7453.00,7457.00,,,,,,-20.00,STOP LOSS
logs_viejos/bot_hasta_2026-09-22.log.gz,10:08:02,APERTURA,SHORT,,7455.75,,7451.75,7459.75,,,,,
logs_viejos/bot_hasta_2026-09-22.log.gz,10:14:22,CIERRE,SHORT,,7455.75,7451.75,,,,,,+20.00,TAKE PROFIT
logs_viejos/bot_hasta_2026-09-22.log.gz,10:21:01,APERTURA,SHORT,,7452.25,,7448.25,7456.25,,,,,
logs_viejos/bot_hasta_2026-09-22.log.gz,10:28:22,CIERRE,SHORT,,7452.25,7456.25,,,,,,-20.00,STOP LOSS
logs_viejos/bot_hasta_2026-09-22.log.gz,10:39:02,APERTURA,SHORT,,7466.50,,7462.5,7470.5,,,,,
logs_viejos/bot_hasta_2026-09-22.log.gz,10:42:39,CIERRE,SHORT,,7466.50,7470.50,,,,,,-20.00,STOP LOSS
logs_viejos/bot_hasta_2026-09-22.log.gz,10:57:01,APERTURA,SHORT,,7470.75,,7466.75,7474.75,,,,,
logs_viejos/bot_hasta_2026-09-22.log.gz,10:57:44,CIERRE,SHORT,,7470.75,7466.75,,,,,,+20.00,TAKE PROFIT
logs_viejos/bot_hasta_2026-09-22.log.gz,11:05:14,APERTURA,LONG,,7463.00,,7467.0,7459.0,,,,,
logs_viejos/bot_hasta_2026-09-22.log.gz,11:05:57,CIERRE,LONG,,7463.00,7467.00,,,,,,+20.00,TAKE PROFIT
logs_viejos/bot_hasta_2026-09-22.log.gz,11:20:01,APERTURA,LONG,,7422.75,,7426.75,7418.75,,,,,
logs_viejos/bot_hasta_2026-09-22.log.gz,11:20:36,CIERRE,LONG,,7422.75,7417.50,,,,,,-26.25,STOP LOSS
logs_viejos/bot_hasta_2026-09-22.log.gz,11:27:01,APERTURA,SHORT,,7436.00,,7432.0,7440.0,,,,,
logs_viejos/bot_hasta_2026-09-22.log.gz,11:28:12,CIERRE,SHORT,,7436.00,7440.00,,,,,,-20.00,STOP LOSS
logs_viejos/bot_hasta_2026-09-22.log.gz,11:29:01,APERTURA,SHORT,,7433.25,,7429.25,7437.25,,,,,
logs_viejos/bot_hasta_2026-09-22.log.gz,11:30:14,CIERRE,SHORT,,7433.25,7427.00,,,,,,+31.25,TAKE PROFIT
logs_viejos/bot_hasta_2026-09-22.log.gz,11:41:02,APERTURA,LONG,,7433.50,,7437.5,7429.5,,,,,
logs_viejos/bot_hasta_2026-09-22.log.gz,11:41:45,CIERRE,LONG,,7433.50,7428.75,,,,,,-23.75,STOP LOSS
logs_viejos/bot_hasta_2026-09-22.log.gz,11:43:03,APERTURA,SHORT,,7425.00,,7421.0,7429.0,,,,,
logs_viejos/bot_hasta_2026-09-22.log.gz,11:43:40,CIERRE,SHORT,,7425.00,7420.50,,,,,,+22.50,TAKE PROFIT
logs_viejos/bot_hasta_2026-09-22.log.gz,11:45:02,APERTURA,LONG,,7408.75,,7412.75,7404.75,,,,,
logs_viejos/bot_hasta_2026-09-22.log.gz,11:49:18,CIERRE,LONG,,7408.75,7375.50,,,,,,-166.25,STOP LOSS
logs_viejos/bot_hasta_2026-09-22.log.gz,11:51:01,APERTURA,LONG,,7370.50,,7374.5,7366.5,,,,,
logs_viejos/bot_hasta_2026-09-22.log.gz,11:51:05,CIERRE,LONG,,7370.50,7376.50,,,,,,+30.00,TAKE PROFIT
logs_viejos/bot_hasta_2026-09-22.log.gz,11:52:02,APERTURA,LONG,,7382.00,,7386.0,7378.0,,,,,
logs_viejos/bot_hasta_2026-09-22.log.gz,11:53:02,CIERRE,LONG,,7382.00,7378.00,,,,,,-20.00,STOP LOSS
logs_viejos/bot_hasta_2026-09-22.log.gz,11:54:02,APERTURA,LONG,,7376.00,,7380.0,7372.0,,,,,
logs_viejos/bot_hasta_2026-09-22.log.gz,11:54:15,CIERRE,LONG,,7376.00,7380.75,,,,,,+23.75,TAKE PROFIT
logs_viejos/bot_hasta_2026-09-22.log.gz,11:59:02,APERTURA,SHORT,,7394.75,,7390.75,7398.75,,,,,
logs_viejos/bot_hasta_2026-09-22.log.gz,11:59:49,CIERRE,SHORT,,7394.75,7398.75,,,,,,-20.00,STOP LOSS
logs_viejos/bot_hasta_2026-09-22.log.gz,12:02:03,APERTURA,SHORT,,7395.50,,7391.5,7399.5,,,,,
logs_viejos/bot_hasta_2026-09-22.log.gz,12:02:47,CIERRE,SHORT,,7395.50,7391.50,,,,,,+20.00,TAKE PROFIT
logs_viejos/bot_hasta_2026-09-22.log.gz,12:04:01,APERTURA,SHORT,,7397.75,,7393.75,7401.75,,,,,
logs_viejos/bot_hasta_2026-09-22.log.gz,12:04:20,CIERRE,SHORT,,7397.75,7393.50,,,,,,+21.25,TAKE PROFIT
logs_viejos/bot_hasta_2026-09-22.log.gz,12:14:01,APERTURA,LONG,,7400.00,,7404.0,7396.0,,,,,
logs_viejos/bot_hasta_2026-09-22.log.gz,12:15:01,CIERRE,LONG,,7400.00,7395.75,,,,,,-21.25,STOP LOSS
logs_viejos/bot_hasta_2026-09-22.log.gz,12:19:02,APERTURA,SHORT,,7385.75,,7381.75,7389.75,,,,,
logs_viejos/bot_hasta_2026-09-22.log.gz,12:22:02,CIERRE,SHORT,,7385.75,7381.75,,,,,,+20.00,TAKE PROFIT
logs_viejos/bot_hasta_2026-09-22.log.gz,12:24:03,APERTURA,SHORT,,7366.25,,7362.25,7370.25,,,,,
logs_viejos/bot_hasta_2026-09-22.log.gz,12:25:04,CIERRE,SHORT,,7366.25,7361.75,,,,,,+22.50,TAKE PROFIT
logs_viejos/bot_hasta_2026-09-22.log.gz,12:31:02,APERTURA,SHORT,,7335.50,,7331.5,7339.5,,,,,
logs_viejos/bot_hasta_2026-09-22.log.gz,12:31:14,CIERRE,SHORT,,7335.50,7330.50,,,,,,+25.00,TAKE PROFIT
logs_viejos/bot_hasta_2026-09-22.log.gz,12:33:01,APERTURA,SHORT,,7329.50,,7325.5,7333.5,,,,,
logs_viejos/bot_hasta_2026-09-22.log.gz,12:33:37,CIERRE,SHORT,,7329.50,7334.75,,,,,,-26.25,STOP LOSS
logs_viejos/bot_hasta_2026-09-22.log.gz,12:40:12,APERTURA,SHORT,,7335.00,,7331.0,7339.0,,,,,
logs_viejos/bot_hasta_2026-09-22.log.gz,12:40:15,CIERRE,SHORT,,7335.00,7340.75,,,,,,-28.75,STOP LOSS
logs_viejos/bot_hasta_2026-09-22.log.gz,12:46:31,APERTURA,SHORT,,7342.00,,7338.0,7346.0,,,,,
logs_viejos/bot_hasta_2026-09-22.log.gz,12:50:16,CIERRE,SHORT,,7342.00,7338.00,,,,,,+20.00,TAKE PROFIT
logs_viejos/bot_hasta_2026-09-22.log.gz,12:54:06,APERTURA,LONG,,7340.00,,7344.0,7336.0,,,,,
logs_viejos/bot_hasta_2026-09-22.log.gz,12:54:12,CIERRE,LONG,,7340.00,7335.25,,,,,,-23.75,STOP LOSS
logs_viejos/bot_hasta_2026-09-22.log.gz,13:01:02,APERTURA,LONG,,7318.75,,7322.75,7314.75,,,,,
logs_viejos/bot_hasta_2026-09-22.log.gz,13:01:38,CIERRE,LONG,,7318.75,7322.75,,,,,,+20.00,TAKE PROFIT
logs_viejos/bot_hasta_2026-09-22.log.gz,13:07:01,APERTURA,LONG,,7314.50,,7318.5,7310.5,,,,,
logs_viejos/bot_hasta_2026-09-22.log.gz,13:07:54,CIERRE,LONG,,7314.50,7310.25,,,,,,-21.25,STOP LOSS
logs_viejos/bot_hasta_2026-09-22.log.gz,13:10:05,APERTURA,LONG,,7304.75,,7308.75,7300.75,,,,,
logs_viejos/bot_hasta_2026-09-22.log.gz,13:10:39,CIERRE,LONG,,7304.75,7300.75,,,,,,-20.00,STOP LOSS
logs_viejos/bot_hasta_2026-09-22.log.gz,13:17:02,APERTURA,LONG,,7293.50,,7297.5,7289.5,,,,,
logs_viejos/bot_hasta_2026-09-22.log.gz,13:17:32,CIERRE,LONG,,7293.50,7287.75,,,,,,-28.75,STOP LOSS
logs_viejos/bot_hasta_2026-09-22.log.gz,13:20:02,APERTURA,LONG,,7280.75,,7284.75,7276.75,,,,,
logs_viejos/bot_hasta_2026-09-22.log.gz,13:20:15,CIERRE,LONG,,7280.75,7275.50,,,,,,-26.25,STOP LOSS
logs_viejos/bot_hasta_2026-09-22.log.gz,13:23:01,APERTURA,SHORT,,7289.25,,7285.25,7293.25,,,,,
logs_viejos/bot_hasta_2026-09-22.log.gz,13:23:31,CIERRE,SHORT,,7289.25,7284.75,,,,,,+22.50,TAKE PROFIT
logs_viejos/bot_hasta_2026-09-22.log.gz,13:26:01,APERTURA,SHORT,,7300.25,,7296.25,7304.25,,,,,
logs_viejos/bot_hasta_2026-09-22.log.gz,13:26:49,CIERRE,SHORT,,7300.25,7294.50,,,,,,+28.75,TAKE PROFIT
logs_viejos/bot_hasta_2026-09-22.log.gz,13:31:02,APERTURA,LONG,,7287.25,,7291.25,7283.25,,,,,
logs_viejos/bot_hasta_2026-09-22.log.gz,13:31:27,CIERRE,LONG,,7287.25,7291.25,,,,,,+20.00,TAKE PROFIT
logs_viejos/bot_hasta_2026-09-22.log.gz,13:36:01,APERTURA,LONG,,7301.00,,7305.0,7297.0,,,,,
logs_viejos/bot_hasta_2026-09-22.log.gz,13:36:48,CIERRE,LONG,,7301.00,7305.25,,,,,,+21.25,TAKE PROFIT
logs_viejos/bot_hasta_2026-09-22.log.gz,13:41:01,APERTURA,LONG,,7250.75,,7254.75,7246.75,,,,,
logs_viejos/bot_hasta_2026-09-22.log.gz,13:41:08,CIERRE,LONG,,7250.75,7256.25,,,,,,+27.50,TAKE PROFIT
logs_viejos/bot_hasta_2026-09-22.log.gz,13:49:02,APERTURA,SHORT,,7264.75,,7260.75,7268.75,,,,,
logs_viejos/bot_hasta_2026-09-22.log.gz,13:49:37,CIERRE,SHORT,,7264.75,7270.75,,,,,,-30.00,STOP LOSS
logs_viejos/bot_hasta_2026-09-22.log.gz,13:52:01,APERTURA,LONG,,7273.00,,7277.0,7269.0,,,,,
logs_viejos/bot_hasta_2026-09-22.log.gz,13:52:13,CIERRE,LONG,,7273.00,7268.50,,,,,,-22.50,STOP LOSS
logs_viejos/bot_hasta_2026-09-22.log.gz,13:54:12,APERTURA,LONG,,7266.75,,7270.75,7262.75,,,,,
logs_viejos/bot_hasta_2026-09-22.log.gz,13:54:44,CIERRE,LONG,,7266.75,7262.50,,,,,,-21.25,STOP LOSS
logs_viejos/bot_hasta_2026-09-22.log.gz,13:57:01,APERTURA,SHORT,,7265.50,,7261.5,7269.5,,,,,
logs_viejos/bot_hasta_2026-09-22.log.gz,13:57:45,CIERRE,SHORT,,7265.50,7269.75,,,,,,-21.25,STOP LOSS
logs_viejos/bot_hasta_2026-09-22.log.gz,14:02:02,APERTURA,LONG,,7287.50,,7291.5,7283.5,,,,,
logs_viejos/bot_hasta_2026-09-22.log.gz,14:02:14,CIERRE,LONG,,7287.50,7292.00,,,,,,+22.50,TAKE PROFIT
logs_viejos/bot_hasta_2026-09-22.log.gz,14:10:01,APERTURA,LONG,,7304.25,,7308.25,7300.25,,,,,
logs_viejos/bot_hasta_2026-09-22.log.gz,14:10:30,CIERRE,LONG,,7304.25,7300.25,,,,,,-20.00,STOP LOSS
logs_viejos/bot_hasta_2026-09-22.log.gz,14:15:01,APERTURA,SHORT,,7306.50,,7302.5,7310.5,,,,,
logs_viejos/bot_hasta_2026-09-22.log.gz,14:15:26,CIERRE,SHORT,,7306.50,7301.75,,,,,,+23.75,TAKE PROFIT
logs_viejos/bot_hasta_2026-09-22.log.gz,14:23:02,APERTURA,SHORT,,7325.75,,7321.75,7329.75,,,,,
logs_viejos/bot_hasta_2026-09-22.log.gz,14:23:40,CIERRE,SHORT,,7325.75,7321.75,,,,,,+20.00,TAKE PROFIT
logs_viejos/bot_hasta_2026-09-22.log.gz,14:31:02,APERTURA,LONG,,7326.75,,7330.75,7322.75,,,,,
logs_viejos/bot_hasta_2026-09-22.log.gz,14:34:50,CIERRE,LONG,,7326.75,7338.00,,,,,,+56.25,TAKE PROFIT
logs_viejos/bot_hasta_2026-09-22.log.gz,14:41:01,APERTURA,LONG,,7347.50,,7351.5,7343.5,,,,,
logs_viejos/bot_hasta_2026-09-22.log.gz,14:41:59,CIERRE,LONG,,7347.50,7351.50,,,,,,+20.00,TAKE PROFIT
logs_viejos/bot_hasta_2026-09-22.log.gz,14:44:01,APERTURA,SHORT,,7355.75,,7351.75,7359.75,,,,,
logs_viejos/bot_hasta_2026-09-22.log.gz,14:44:44,CIERRE,SHORT,,7355.75,7351.50,,,,,,+21.25,TAKE PROFIT
logs_viejos/bot_hasta_2026-09-22.log.gz,14:46:01,APERTURA,SHORT,,7347.25,,7343.25,7351.25,,,,,
logs_viejos/bot_hasta_2026-09-22.log.gz,17:39:12,CIERRE,SHORT,,7347.25,7389.75,,,,,,-212.50,CIERRE HORARIO
logs_viejos/bot_hasta_2026-09-22.log.gz,00:11:01,APERTURA,LONG,,7377.00,,7381.0,7373.0,,,,,
logs_viejos/bot_hasta_2026-09-22.log.gz,00:16:50,CIERRE,LONG,,7377.00,7381.00,,,,,,+20.00,TAKE PROFIT
logs_viejos/bot_hasta_2026-09-22.log.gz,00:21:01,APERTURA,LONG,,7376.00,,7380.0,7372.0,,,,,
logs_viejos/bot_hasta_2026-09-22.log.gz,00:37:14,CIERRE,LONG,,7376.00,7371.75,,,,,,-21.25,STOP LOSS
logs_viejos/bot_hasta_2026-09-22.log.gz,00:39:08,APERTURA,SHORT,,7372.25,,7368.25,7376.25,,,,,
logs_viejos/bot_hasta_2026-09-22.log.gz,01:12:43,CIERRE,SHORT,,7372.25,7365.25,,,,,,+35.00,TAKE PROFIT
logs_viejos/bot_hasta_2026-09-22.log.gz,01:20:11,APERTURA,LONG,,7368.50,,7372.5,7364.5,,,,,
logs_viejos/bot_hasta_2026-09-22.log.gz,01:36:47,CIERRE,LONG,,7368.50,7359.75,,,,,,-43.75,STOP LOSS
logs_viejos/bot_hasta_2026-09-22.log.gz,02:58:02,APERTURA,LONG,,7367.75,,7371.75,7363.75,,,,,
logs_viejos/bot_hasta_2026-09-22.log.gz,03:14:19,CIERRE,LONG,,7367.75,7373.25,,,,,,+27.50,TAKE PROFIT
logs_viejos/bot_hasta_2026-09-22.log.gz,03:32:12,APERTURA,SHORT,,7369.50,,7365.5,7373.5,,,,,
logs_viejos/bot_hasta_2026-09-22.log.gz,04:42:37,CIERRE,SHORT,,7369.50,7364.25,,,,,,+26.25,TAKE PROFIT
logs_viejos/bot_hasta_2026-09-22.log.gz,06:18:11,APERTURA,LONG,,7328.25,,7332.25,7324.25,,,,,
logs_viejos/bot_hasta_2026-09-22.log.gz,06:40:14,CIERRE,LONG,,7328.25,7335.75,,,,,,+37.50,TAKE PROFIT
logs_viejos/bot_hasta_2026-09-22.log.gz,06:41:01,APERTURA,SHORT,,7333.50,,7329.5,7337.5,,,,,
logs_viejos/bot_hasta_2026-09-22.log.gz,06:43:18,CIERRE,SHORT,,7333.50,7329.50,,,,,,+20.00,TAKE PROFIT
logs_viejos/bot_hasta_2026-09-22.log.gz,06:45:02,APERTURA,SHORT,,7333.00,,7329.0,7337.0,,,,,
logs_viejos/bot_hasta_2026-09-22.log.gz,06:48:26,CIERRE,SHORT,,7333.00,7329.00,,,,,,+20.00,TAKE PROFIT
logs_viejos/bot_hasta_2026-09-22.log.gz,06:53:01,APERTURA,SHORT,,7333.25,,7329.25,7337.25,,,,,
logs_viejos/bot_hasta_2026-09-22.log.gz,06:55:25,CIERRE,SHORT,,7333.25,7337.50,,,,,,-21.25,STOP LOSS
logs_viejos/bot_hasta_2026-09-22.log.gz,06:59:11,APERTURA,LONG,,7337.00,,7341.0,7333.0,,,,,
logs_viejos/bot_hasta_2026-09-22.log.gz,07:01:26,CIERRE,LONG,,7337.00,7333.00,,,,,,-20.00,STOP LOSS
logs_viejos/bot_hasta_2026-09-22.log.gz,07:02:02,APERTURA,LONG,,7334.00,,7338.0,7330.0,,,,,
logs_viejos/bot_hasta_2026-09-22.log.gz,07:17:11,CIERRE,LONG,,7334.00,7329.50,,,,,,-22.50,STOP LOSS
logs_viejos/bot_hasta_2026-09-22.log.gz,07:21:02,APERTURA,SHORT,,7325.50,,7321.5,7329.5,,,,,
logs_viejos/bot_hasta_2026-09-22.log.gz,07:21:29,CIERRE,SHORT,,7325.50,7330.00,,,,,,-22.50,STOP LOSS
logs_viejos/bot_hasta_2026-09-22.log.gz,07:24:01,APERTURA,LONG,,7332.25,,7336.25,7328.25,,,,,
logs_viejos/bot_hasta_2026-09-22.log.gz,07:28:50,CIERRE,LONG,,7332.25,7336.50,,,,,,+21.25,TAKE PROFIT
logs_viejos/bot_hasta_2026-09-22.log.gz,07:30:01,APERTURA,SHORT,,7336.50,,7332.5,7340.5,,,,,
logs_viejos/bot_hasta_2026-09-22.log.gz,07:30:35,CIERRE,SHORT,,7336.50,7341.00,,,,,,-22.50,STOP LOSS
logs_viejos/bot_hasta_2026-09-22.log.gz,07:34:01,APERTURA,LONG,,7338.75,,7342.75,7334.75,,,,,
logs_viejos/bot_hasta_2026-09-22.log.gz,07:35:10,CIERRE,LONG,,7338.75,7334.75,,,,,,-20.00,STOP LOSS
logs_viejos/bot_hasta_2026-09-22.log.gz,07:41:01,APERTURA,SHORT,,7339.00,,7335.0,7343.0,,,,,
logs_viejos/bot_hasta_2026-09-22.log.gz,07:42:52,CIERRE,SHORT,,7339.00,7343.00,,,,,,-20.00,STOP LOSS
logs_viejos/bot_hasta_2026-09-22.log.gz,07:44:02,APERTURA,SHORT,,7343.00,,7339.0,7347.0,,,,,
logs_viejos/bot_hasta_2026-09-22.log.gz,07:50:45,CIERRE,SHORT,,7343.00,7339.00,,,,,,+20.00,TAKE PROFIT
logs_viejos/bot_hasta_2026-09-22.log.gz,07:55:02,APERTURA,SHORT,,7335.50,,7331.5,7339.5,,,,,
logs_viejos/bot_hasta_2026-09-22.log.gz,07:56:36,CIERRE,SHORT,,7335.50,7339.75,,,,,,-21.25,STOP LOSS
logs_viejos/bot_hasta_2026-09-22.log.gz,08:00:01,APERTURA,SHORT,,7344.25,,7340.25,7348.25,,,,,
logs_viejos/bot_hasta_2026-09-22.log.gz,08:06:57,CIERRE,SHORT,,7344.25,7315.75,,,,,,+142.50,TAKE PROFIT
logs_viejos/bot_hasta_2026-09-22.log.gz,08:27:01,APERTURA,LONG,,7312.75,,7316.75,7308.75,,,,,
logs_viejos/bot_hasta_2026-09-22.log.gz,08:27:38,CIERRE,LONG,,7312.75,7308.50,,,,,,-21.25,STOP LOSS
logs_viejos/bot_hasta_2026-09-22.log.gz,08:31:01,APERTURA,SHORT,,7315.75,,7311.75,7319.75,,,,,
logs_viejos/bot_hasta_2026-09-22.log.gz,08:31:39,CIERRE,SHORT,,7315.75,7311.75,,,,,,+20.00,TAKE PROFIT
logs_viejos/bot_hasta_2026-09-22.log.gz,08:34:02,APERTURA,SHORT,,7314.50,,7310.5,7318.5,,,,,
logs_viejos/bot_hasta_2026-09-22.log.gz,08:37:43,CIERRE,SHORT,,7314.50,7310.50,,,,,,+20.00,TAKE PROFIT
logs_viejos/bot_hasta_2026-09-22.log.gz,08:38:02,APERTURA,LONG,,7313.00,,7317.0,7309.0,,,,,
logs_viejos/bot_hasta_2026-09-22.log.gz,08:38:34,CIERRE,LONG,,7313.00,7309.00,,,,,,-20.00,STOP LOSS
logs_viejos/bot_hasta_2026-09-22.log.gz,08:44:01,APERTURA,LONG,,7314.00,,7318.0,7310.0,,,,,
logs_viejos/bot_hasta_2026-09-22.log.gz,08:45:03,CIERRE,LONG,,7314.00,7310.00,,,,,,-20.00,STOP LOSS
logs_viejos/bot_hasta_2026-09-22.log.gz,08:53:01,APERTURA,SHORT,,7321.50,,7317.5,7325.5,,,,,
logs_viejos/bot_hasta_2026-09-22.log.gz,08:55:28,CIERRE,SHORT,,7321.50,7325.50,,,,,,-20.00,STOP LOSS
logs_viejos/bot_hasta_2026-09-22.log.gz,08:56:02,APERTURA,SHORT,,7324.75,,7320.75,7328.75,,,,,
logs_viejos/bot_hasta_2026-09-22.log.gz,08:56:31,CIERRE,SHORT,,7324.75,7320.75,,,,,,+20.00,TAKE PROFIT
logs_viejos/bot_hasta_2026-09-22.log.gz,09:00:01,APERTURA,SHORT,,7322.25,,7318.25,7326.25,,,,,
logs_viejos/bot_hasta_2026-09-22.log.gz,09:05:22,CIERRE,SHORT,,7322.25,7326.25,,,,,,-20.00,STOP LOSS
logs_viejos/bot_hasta_2026-09-22.log.gz,09:10:01,APERTURA,SHORT,,7327.25,,7323.25,7331.25,,,,,
logs_viejos/bot_hasta_2026-09-22.log.gz,09:13:26,CIERRE,SHORT,,7327.25,7332.50,,,,,,-26.25,STOP LOSS
logs_viejos/bot_hasta_2026-09-22.log.gz,09:22:01,APERTURA,SHORT,,7329.25,,7325.25,7333.25,,,,,
logs_viejos/bot_hasta_2026-09-22.log.gz,09:23:05,CIERRE,SHORT,,7329.25,7325.25,,,,,,+20.00,TAKE PROFIT
logs_viejos/bot_hasta_2026-09-22.log.gz,09:35:02,APERTURA,SHORT,,7355.00,,7351.0,7359.0,,,,,
logs_viejos/bot_hasta_2026-09-22.log.gz,09:35:22,CIERRE,SHORT,,7355.00,7349.75,,,,,,+26.25,TAKE PROFIT
logs_viejos/bot_hasta_2026-09-22.log.gz,09:37:01,APERTURA,LONG,,7358.50,,7362.5,7354.5,,,,,
logs_viejos/bot_hasta_2026-09-22.log.gz,09:38:05,CIERRE,LONG,,7358.50,7350.25,,,,,,-41.25,STOP LOSS
logs_viejos/bot_hasta_2026-09-22.log.gz,09:50:01,APERTURA,LONG,,7364.00,,7368.0,7360.0,,,,,
logs_viejos/bot_hasta_2026-09-22.log.gz,09:51:14,CIERRE,LONG,,7364.00,7360.00,,,,,,-20.00,STOP LOSS
logs_viejos/bot_hasta_2026-09-22.log.gz,10:02:02,APERTURA,SHORT,,7352.00,,7348.0,7356.0,,,,,
logs_viejos/bot_hasta_2026-09-22.log.gz,10:05:04,CIERRE,SHORT,,7352.00,7347.75,,,,,,+21.25,TAKE PROFIT
logs_viejos/bot_hasta_2026-09-22.log.gz,10:11:02,APERTURA,SHORT,,7352.50,,7348.5,7356.5,,,,,
logs_viejos/bot_hasta_2026-09-22.log.gz,10:30:05,CIERRE,SHORT,,7352.50,7359.00,,,,,,-32.50,STOP LOSS
logs_viejos/bot_hasta_2026-09-22.log.gz,10:36:02,APERTURA,LONG,,7352.00,,7356.0,7348.0,,,,,
logs_viejos/bot_hasta_2026-09-22.log.gz,10:36:37,CIERRE,LONG,,7352.00,7358.00,,,,,,+30.00,TAKE PROFIT
logs_viejos/bot_hasta_2026-09-22.log.gz,10:39:01,APERTURA,SHORT,,7370.00,,7366.0,7374.0,,,,,
logs_viejos/bot_hasta_2026-09-22.log.gz,10:39:19,CIERRE,SHORT,,7370.00,7365.25,,,,,,+23.75,TAKE PROFIT
logs_viejos/bot_hasta_2026-09-22.log.gz,10:43:01,APERTURA,LONG,,7368.25,,7372.25,7364.25,,,,,
logs_viejos/bot_hasta_2026-09-22.log.gz,10:43:23,CIERRE,LONG,,7368.25,7372.50,,,,,,+21.25,TAKE PROFIT
logs_viejos/bot_hasta_2026-09-22.log.gz,10:46:03,APERTURA,LONG,,7381.50,,7385.5,7377.5,,,,,
logs_viejos/bot_hasta_2026-09-22.log.gz,10:46:47,CIERRE,LONG,,7381.50,7376.75,,,,,,-23.75,STOP LOSS
logs_viejos/bot_hasta_2026-09-22.log.gz,10:50:02,APERTURA,LONG,,7386.00,,7390.0,7382.0,,,,,
logs_viejos/bot_hasta_2026-09-22.log.gz,10:50:23,CIERRE,LONG,,7386.00,7382.00,,,,,,-20.00,STOP LOSS
logs_viejos/bot_hasta_2026-09-22.log.gz,10:53:01,APERTURA,LONG,,7372.00,,7376.0,7368.0,,,,,
logs_viejos/bot_hasta_2026-09-22.log.gz,10:53:33,CIERRE,LONG,,7372.00,7376.25,,,,,,+21.25,TAKE PROFIT
logs_viejos/bot_hasta_2026-09-22.log.gz,11:02:02,APERTURA,LONG,,7375.75,,7379.75,7371.75,,,,,
logs_viejos/bot_hasta_2026-09-22.log.gz,11:02:38,CIERRE,LONG,,7375.75,7380.25,,,,,,+22.50,TAKE PROFIT
logs_viejos/bot_hasta_2026-09-22.log.gz,11:04:01,APERTURA,SHORT,,7388.25,,7384.25,7392.25,,,,,
logs_viejos/bot_hasta_2026-09-22.log.gz,11:04:20,CIERRE,SHORT,,7388.25,7384.00,,,,,,+21.25,TAKE PROFIT
logs_viejos/bot_hasta_2026-09-22.log.gz,11:08:01,APERTURA,SHORT,,7386.00,,7382.0,7390.0,,,,,
logs_viejos/bot_hasta_2026-09-22.log.gz,11:09:13,CIERRE,SHORT,,7386.00,7390.00,,,,,,-20.00,STOP LOSS
logs_viejos/bot_hasta_2026-09-22.log.gz,11:10:03,APERTURA,SHORT,,7392.75,,7388.75,7396.75,,,,,
logs_viejos/bot_hasta_2026-09-22.log.gz,11:10:36,CIERRE,SHORT,,7392.75,7387.25,,,,,,+27.50,TAKE PROFIT
logs_viejos/bot_hasta_2026-09-22.log.gz,11:12:03,APERTURA,LONG,,7392.50,,7396.5,7388.5,,,,,
logs_viejos/bot_hasta_2026-09-22.log.gz,11:13:17,CIERRE,LONG,,7392.50,7388.50,,,,,,-20.00,STOP LOSS
logs_viejos/bot_hasta_2026-09-22.log.gz,11:14:14,APERTURA,LONG,,7394.50,,7398.5,7390.5,,,,,
logs_viejos/bot_hasta_2026-09-22.log.gz,11:14:42,CIERRE,LONG,,7394.50,7390.25,,,,,,-21.25,STOP LOSS
logs_viejos/bot_hasta_2026-09-22.log.gz,11:17:12,APERTURA,LONG,,7390.25,,7394.25,7386.25,,,,,
logs_viejos/bot_hasta_2026-09-22.log.gz,11:17:24,CIERRE,LONG,,7390.25,7386.25,,,,,,-20.00,STOP LOSS
logs_viejos/bot_hasta_2026-09-22.log.gz,11:18:01,APERTURA,SHORT,,7385.75,,7381.75,7389.75,,,,,
logs_viejos/bot_hasta_2026-09-22.log.gz,11:19:29,CIERRE,SHORT,,7385.75,7381.75,,,,,,+20.00,TAKE PROFIT
logs_viejos/bot_hasta_2026-09-22.log.gz,11:20:01,APERTURA,LONG,,7385.75,,7389.75,7381.75,,,,,
logs_viejos/bot_hasta_2026-09-22.log.gz,18:01:35,CIERRE,LONG,,7385.75,7267.00,,,,,,-593.75,CIERRE HORARIO
logs_viejos/bot_hasta_2026-09-22.log.gz,00:01:02,APERTURA,LONG,,7292.75,,7296.75,7288.75,,,,,
logs_viejos/bot_hasta_2026-09-22.log.gz,00:07:16,CIERRE,LONG,,7292.75,7288.75,,,,,,-20.00,STOP LOSS
logs_viejos/bot_hasta_2026-09-22.log.gz,00:28:01,APERTURA,LONG,,7285.00,,7289.0,7281.0,,,,,
logs_viejos/bot_hasta_2026-09-22.log.gz,00:30:15,CIERRE,LONG,,7285.00,7289.00,,,,,,+20.00,TAKE PROFIT
logs_viejos/bot_hasta_2026-09-22.log.gz,00:32:01,APERTURA,LONG,,7290.25,,7294.25,7286.25,,,,,
logs_viejos/bot_hasta_2026-09-22.log.gz,00:33:56,CIERRE,LONG,,7290.25,7294.75,,,,,,+22.50,TAKE PROFIT
logs_viejos/bot_hasta_2026-09-22.log.gz,00:36:02,APERTURA,SHORT,,7294.75,,7290.75,7298.75,,,,,
logs_viejos/bot_hasta_2026-09-22.log.gz,01:16:21,CIERRE,SHORT,,7294.75,7302.75,,,,,,-40.00,STOP LOSS
logs_viejos/bot_hasta_2026-09-22.log.gz,06:32:01,APERTURA,LONG,,7332.50,,7336.5,7328.5,,,,,
logs_viejos/bot_hasta_2026-09-22.log.gz,06:38:02,APERTURA,LONG,,7333.50,,7337.5,7329.5,,,,,
logs_viejos/bot_hasta_2026-09-22.log.gz,06:47:11,CIERRE,LONG,,7333.50,7337.75,,,,,,+21.25,TAKE PROFIT
logs_viejos/bot_hasta_2026-09-22.log.gz,06:51:01,APERTURA,SHORT,,7334.75,,7330.75,7338.75,,,,,
logs_viejos/bot_hasta_2026-09-22.log.gz,07:11:11,CIERRE,SHORT,,7334.75,7330.75,,,,,,+20.00,TAKE PROFIT
logs_viejos/bot_hasta_2026-09-22.log.gz,07:15:01,APERTURA,LONG,,7332.00,,7336.0,7328.0,,,,,
logs_viejos/bot_hasta_2026-09-22.log.gz,08:00:13,CIERRE,LONG,,7332.00,7327.50,,,,,,-22.50,STOP LOSS
logs_viejos/bot_hasta_2026-09-22.log.gz,08:05:01,APERTURA,SHORT,,7325.25,,7321.25,7329.25,,,,,
logs_viejos/bot_hasta_2026-09-22.log.gz,08:08:25,CIERRE,SHORT,,7325.25,7319.50,,,,,,+28.75,TAKE PROFIT
logs_viejos/bot_hasta_2026-09-22.log.gz,08:11:02,APERTURA,LONG,,7320.75,,7324.75,7316.75,,,,,
logs_viejos/bot_hasta_2026-09-22.log.gz,08:30:40,CIERRE,LONG,,7320.75,7325.50,,,,,,+23.75,TAKE PROFIT
logs_viejos/bot_hasta_2026-09-22.log.gz,08:35:02,APERTURA,LONG,,7328.25,,7332.25,7324.25,,,,,
logs_viejos/bot_hasta_2026-09-22.log.gz,08:37:04,CIERRE,LONG,,7328.25,7332.25,,,,,,+20.00,TAKE PROFIT
logs_viejos/bot_hasta_2026-09-22.log.gz,08:50:01,APERTURA,SHORT,,7330.00,,7326.0,7334.0,,,,,
logs_viejos/bot_hasta_2026-09-22.log.gz,09:20:30,CIERRE,SHORT,,7330.00,7326.00,,,,,,+20.00,TAKE PROFIT
logs_viejos/bot_hasta_2026-09-22.log.gz,09:26:01,APERTURA,SHORT,,7306.75,,7302.75,7310.75,,,,,
logs_viejos/bot_hasta_2026-09-22.log.gz,09:26:55,CIERRE,SHORT,,7306.75,7310.75,,,,,,-20.00,STOP LOSS
logs_viejos/bot_hasta_2026-09-22.log.gz,09:29:01,APERTURA,SHORT,,7306.00,,7302.0,7310.0,,,,,
logs_viejos/bot_hasta_2026-09-22.log.gz,09:30:09,CIERRE,SHORT,,7306.00,7300.25,,,,,,+28.75,TAKE PROFIT
logs_viejos/bot_hasta_2026-09-22.log.gz,09:33:02,APERTURA,LONG,,7299.25,,7303.25,7295.25,,,,,
logs_viejos/bot_hasta_2026-09-22.log.gz,09:33:13,CIERRE,LONG,,7299.25,7294.25,,,,,,-25.00,STOP LOSS
logs_viejos/bot_hasta_2026-09-22.log.gz,09:35:02,APERTURA,LONG,,7297.25,,7301.25,7293.25,,,,,
logs_viejos/bot_hasta_2026-09-22.log.gz,09:38:08,CIERRE,LONG,,7297.25,7301.25,,,,,,+20.00,TAKE PROFIT
logs_viejos/bot_hasta_2026-09-22.log.gz,09:42:11,APERTURA,SHORT,,7303.50,,7299.5,7307.5,,,,,
logs_viejos/bot_hasta_2026-09-22.log.gz,09:43:41,CIERRE,SHORT,,7303.50,7299.50,,,,,,+20.00,TAKE PROFIT
logs_viejos/bot_hasta_2026-09-22.log.gz,09:53:11,APERTURA,SHORT,,7314.25,,7310.25,7318.25,,,,,
logs_viejos/bot_hasta_2026-09-22.log.gz,10:11:47,CIERRE,SHORT,,7314.25,7307.00,,,,,,+36.25,TAKE PROFIT
logs_viejos/bot_hasta_2026-09-22.log.gz,11:50:10,APERTURA,SHORT,,7299.50,,7295.5,7303.5,,,,,
logs_viejos/bot_hasta_2026-09-22.log.gz,12:05:58,CIERRE,SHORT,,7299.50,7273.50,,,,,,+130.00,TAKE PROFIT
logs_viejos/bot_hasta_2026-09-22.log.gz,12:15:02,APERTURA,SHORT,,7293.00,,7289.0,7297.0,,,,,
logs_viejos/bot_hasta_2026-09-22.log.gz,12:15:36,CIERRE,SHORT,,7293.00,7298.50,,,,,,-27.50,STOP LOSS
logs_viejos/bot_hasta_2026-09-22.log.gz,12:17:01,APERTURA,SHORT,,7299.75,,7295.75,7303.75,,,,,
logs_viejos/bot_hasta_2026-09-22.log.gz,12:17:42,CIERRE,SHORT,,7299.75,7295.75,,,,,,+20.00,TAKE PROFIT
logs_viejos/bot_hasta_2026-09-22.log.gz,12:21:02,APERTURA,LONG,,7304.25,,7308.25,7300.25,,,,,
logs_viejos/bot_hasta_2026-09-22.log.gz,12:22:39,CIERRE,LONG,,7304.25,7300.25,,,,,,-20.00,STOP LOSS
logs_viejos/bot_hasta_2026-09-22.log.gz,12:30:01,APERTURA,SHORT,,7291.50,,7287.5,7295.5,,,,,
logs_viejos/bot_hasta_2026-09-22.log.gz,12:31:09,CIERRE,SHORT,,7291.50,7287.50,,,,,,+20.00,TAKE PROFIT
logs_viejos/bot_hasta_2026-09-22.log.gz,12:32:12,APERTURA,LONG,,7291.75,,7295.75,7287.75,,,,,
logs_viejos/bot_hasta_2026-09-22.log.gz,12:32:41,CIERRE,LONG,,7291.75,7297.25,,,,,,+27.50,TAKE PROFIT
logs_viejos/bot_hasta_2026-09-22.log.gz,12:34:02,APERTURA,LONG,,7293.00,,7297.0,7289.0,,,,,
logs_viejos/bot_hasta_2026-09-22.log.gz,12:35:30,CIERRE,LONG,,7293.00,7297.25,,,,,,+21.25,TAKE PROFIT
logs_viejos/bot_hasta_2026-09-22.log.gz,12:41:01,APERTURA,LONG,,7311.00,,7315.0,7307.0,,,,,
logs_viejos/bot_hasta_2026-09-22.log.gz,12:41:13,CIERRE,LONG,,7311.00,7306.75,,,,,,-21.25,STOP LOSS
logs_viejos/bot_hasta_2026-09-22.log.gz,12:43:01,APERTURA,LONG,,7308.50,,7312.5,7304.5,,,,,
logs_viejos/bot_hasta_2026-09-22.log.gz,12:43:38,CIERRE,LONG,,7308.50,7304.50,,,,,,-20.00,STOP LOSS
logs_viejos/bot_hasta_2026-09-22.log.gz,12:45:01,APERTURA,LONG,,7298.00,,7302.0,7294.0,,,,,
logs_viejos/bot_hasta_2026-09-22.log.gz,12:45:28,CIERRE,LONG,,7298.00,7293.25,,,,,,-23.75,STOP LOSS
logs_viejos/bot_hasta_2026-09-22.log.gz,12:50:02,APERTURA,SHORT,,7296.50,,7292.5,7300.5,,,,,
logs_viejos/bot_hasta_2026-09-22.log.gz,12:52:37,CIERRE,SHORT,,7296.50,7292.00,,,,,,+22.50,TAKE PROFIT
logs_viejos/bot_hasta_2026-09-22.log.gz,13:00:05,APERTURA,SHORT,,7299.50,,7295.5,7303.5,,,,,
logs_viejos/bot_hasta_2026-09-22.log.gz,13:00:36,CIERRE,SHORT,,7299.50,7304.25,,,,,,-23.75,STOP LOSS
logs_viejos/bot_hasta_2026-09-22.log.gz,13:05:01,APERTURA,LONG,,7299.50,,7303.5,7295.5,,,,,
logs_viejos/bot_hasta_2026-09-22.log.gz,13:05:49,CIERRE,LONG,,7299.50,7303.50,,,,,,+20.00,TAKE PROFIT
logs_viejos/bot_hasta_2026-09-22.log.gz,13:07:02,APERTURA,SHORT,,7306.75,,7302.75,7310.75,,,,,
logs_viejos/bot_hasta_2026-09-22.log.gz,13:08:49,CIERRE,SHORT,,7306.75,7310.75,,,,,,-20.00,STOP LOSS
logs_viejos/bot_hasta_2026-09-22.log.gz,13:16:01,APERTURA,SHORT,,7317.75,,7313.75,7321.75,,,,,
logs_viejos/bot_hasta_2026-09-22.log.gz,13:17:31,CIERRE,SHORT,,7317.75,7313.50,,,,,,+21.25,TAKE PROFIT
logs_viejos/bot_hasta_2026-09-22.log.gz,13:18:04,APERTURA,LONG,,7316.50,,7320.5,7312.5,,,,,
logs_viejos/bot_hasta_2026-09-22.log.gz,13:21:53,CIERRE,LONG,,7316.50,7309.00,,,,,,-37.50,STOP LOSS
logs_viejos/bot_hasta_2026-09-22.log.gz,13:27:02,APERTURA,SHORT,,7300.75,,7296.75,7304.75,,,,,
logs_viejos/bot_hasta_2026-09-22.log.gz,13:28:35,CIERRE,SHORT,,7300.75,7304.75,,,,,,-20.00,STOP LOSS
logs_viejos/bot_hasta_2026-09-22.log.gz,13:29:01,APERTURA,SHORT,,7303.00,,7299.0,7307.0,,,,,
logs_viejos/bot_hasta_2026-09-22.log.gz,13:29:17,CIERRE,SHORT,,7303.00,7299.00,,,,,,+20.00,TAKE PROFIT
logs_viejos/bot_hasta_2026-09-22.log.gz,13:33:01,APERTURA,LONG,,7296.00,,7300.0,7292.0,,,,,
logs_viejos/bot_hasta_2026-09-22.log.gz,13:33:25,CIERRE,LONG,,7296.00,7300.50,,,,,,+22.50,TAKE PROFIT
logs_viejos/bot_hasta_2026-09-22.log.gz,13:37:01,APERTURA,LONG,,7317.75,,7321.75,7313.75,,,,,
logs_viejos/bot_hasta_2026-09-22.log.gz,13:38:09,CIERRE,LONG,,7317.75,7313.50,,,,,,-21.25,STOP LOSS
logs_viejos/bot_hasta_2026-09-22.log.gz,13:41:01,APERTURA,LONG,,7307.00,,7311.0,7303.0,,,,,
logs_viejos/bot_hasta_2026-09-22.log.gz,13:42:09,CIERRE,LONG,,7307.00,7303.00,,,,,,-20.00,STOP LOSS
logs_viejos/bot_hasta_2026-09-22.log.gz,13:43:01,APERTURA,SHORT,,7305.00,,7301.0,7309.0,,,,,
logs_viejos/bot_hasta_2026-09-22.log.gz,13:46:18,CIERRE,SHORT,,7305.00,7301.00,,,,,,+20.00,TAKE PROFIT
logs_viejos/bot_hasta_2026-09-22.log.gz,13:52:03,APERTURA,SHORT,,7295.75,,7291.75,7299.75,,,,,
logs_viejos/bot_hasta_2026-09-22.log.gz,13:52:50,CIERRE,SHORT,,7295.75,7291.75,,,,,,+20.00,TAKE PROFIT
logs_viejos/bot_hasta_2026-09-22.log.gz,13:57:12,APERTURA,SHORT,,7290.00,,7286.0,7294.0,,,,,
logs_viejos/bot_hasta_2026-09-22.log.gz,13:59:48,CIERRE,SHORT,,7290.00,7285.50,,,,,,+22.50,TAKE PROFIT
logs_viejos/bot_hasta_2026-09-22.log.gz,14:01:02,APERTURA,LONG,,7288.25,,7292.25,7284.25,,,,,
logs_viejos/bot_hasta_2026-09-22.log.gz,14:02:08,CIERRE,LONG,,7288.25,7284.00,,,,,,-21.25,STOP LOSS
logs_viejos/bot_hasta_2026-09-22.log.gz,14:09:02,APERTURA,SHORT,,7283.00,,7279.0,7287.0,,,,,
logs_viejos/bot_hasta_2026-09-22.log.gz,14:09:39,CIERRE,SHORT,,7283.00,7287.25,,,,,,-21.25,STOP LOSS
logs_viejos/bot_hasta_2026-09-22.log.gz,14:12:02,APERTURA,SHORT,,7289.75,,7285.75,7293.75,,,,,
logs_viejos/bot_hasta_2026-09-22.log.gz,14:13:01,CIERRE,SHORT,,7289.75,7285.50,,,,,,+21.25,TAKE PROFIT
logs_viejos/bot_hasta_2026-09-22.log.gz,14:16:01,APERTURA,SHORT,,7280.75,,7276.75,7284.75,,,,,
logs_viejos/bot_hasta_2026-09-22.log.gz,14:16:33,CIERRE,SHORT,,7280.75,7285.00,,,,,,-21.25,STOP LOSS
logs_viejos/bot_hasta_2026-09-22.log.gz,14:17:01,APERTURA,SHORT,,7283.75,,7279.75,7287.75,,,,,
logs_viejos/bot_hasta_2026-09-22.log.gz,14:17:33,CIERRE,SHORT,,7283.75,7279.75,,,,,,+20.00,TAKE PROFIT
logs_viejos/bot_hasta_2026-09-22.log.gz,14:22:02,APERTURA,SHORT,,7276.50,,7272.5,7280.5,,,,,
logs_viejos/bot_hasta_2026-09-22.log.gz,14:22:55,CIERRE,SHORT,,7276.50,7272.50,,,,,,+20.00,TAKE PROFIT
logs_viejos/bot_hasta_2026-09-22.log.gz,14:25:01,APERTURA,SHORT,,7279.75,,7275.75,7283.75,,,,,
logs_viejos/bot_hasta_2026-09-22.log.gz,14:26:01,CIERRE,SHORT,,7279.75,7284.00,,,,,,-21.25,STOP LOSS
logs_viejos/bot_hasta_2026-09-22.log.gz,14:27:02,APERTURA,SHORT,,7285.25,,7281.25,7289.25,,,,,
logs_viejos/bot_hasta_2026-09-22.log.gz,14:27:57,CIERRE,SHORT,,7285.25,7289.50,,,,,,-21.25,STOP LOSS
logs_viejos/bot_hasta_2026-09-22.log.gz,14:31:02,APERTURA,SHORT,,7354.00,,7350.0,7358.0,,,,,
logs_viejos/bot_hasta_2026-09-22.log.gz,14:31:06,CIERRE,SHORT,,7354.00,7349.75,,,,,,+21.25,TAKE PROFIT
logs_viejos/bot_hasta_2026-09-22.log.gz,14:35:02,APERTURA,LONG,,7363.00,,7367.0,7359.0,,,,,
logs_viejos/bot_hasta_2026-09-22.log.gz,14:35:42,CIERRE,LONG,,7363.00,7357.25,,,,,,-28.75,STOP LOSS
logs_viejos/bot_hasta_2026-09-22.log.gz,14:48:01,APERTURA,SHORT,,7369.50,,7365.5,7373.5,,,,,
logs_viejos/bot_hasta_2026-09-22.log.gz,14:50:06,CIERRE,SHORT,,7369.50,7365.25,,,,,,+21.25,TAKE PROFIT
logs_viejos/bot_hasta_2026-09-22.log.gz,14:52:02,APERTURA,LONG,,7362.50,,7366.5,7358.5,,,,,
logs_viejos/bot_hasta_2026-09-22.log.gz,14:52:15,CIERRE,LONG,,7362.50,7366.50,,,,,,+20.00,TAKE PROFIT
logs_viejos/bot_hasta_2026-09-22.log.gz,14:58:01,APERTURA,LONG,,7366.25,,7370.25,7362.25,,,,,
logs_viejos/bot_hasta_2026-09-22.log.gz,15:13:01,APERTURA,SHORT,,7359.00,,7355.0,7363.0,,,,,
logs_viejos/bot_hasta_2026-09-22.log.gz,15:14:57,CIERRE,SHORT,,7359.00,7363.00,,,,,,-20.00,STOP LOSS
logs_viejos/bot_hasta_2026-09-22.log.gz,15:18:01,APERTURA,LONG,,7373.00,,7377.0,7369.0,,,,,
logs_viejos/bot_hasta_2026-09-22.log.gz,15:19:46,CIERRE,LONG,,7373.00,7377.00,,,,,,+20.00,TAKE PROFIT
logs_viejos/bot_hasta_2026-09-22.log.gz,15:28:02,APERTURA,LONG,,7367.75,,7371.75,7363.75,,,,,
logs_viejos/bot_hasta_2026-09-22.log.gz,16:17:33,CIERRE,LONG,,7367.75,7391.25,,,,,,+117.50,TAKE PROFIT
logs_viejos/bot_hasta_2026-09-22.log.gz,17:08:01,APERTURA,SHORT,,7403.75,,7399.75,7407.75,,,,,
logs_viejos/bot_hasta_2026-09-22.log.gz,18:03:30,CIERRE,SHORT,,7403.75,7397.75,,,,,,+30.00,CIERRE HORARIO
logs_viejos/bot_hasta_2026-09-22.log.gz,20:04:48,APERTURA,SHORT,,7409.25,,7405.25,7413.25,,,,,
logs_viejos/bot_hasta_2026-09-22.log.gz,20:50:08,CIERRE,SHORT,,7409.25,7416.00,,,,,,-33.75,STOP LOSS
logs_viejos/bot_hasta_2026-09-22.log.gz,21:26:01,APERTURA,LONG,,7416.75,,7420.75,7412.75,,,,,
logs_viejos/bot_hasta_2026-09-22.log.gz,21:27:09,CIERRE,LONG,,7416.75,7412.75,,,,,,-20.00,STOP LOSS
logs_viejos/bot_hasta_2026-09-22.log.gz,22:06:11,APERTURA,SHORT,,7405.75,,7401.75,7409.75,,,,,
logs_viejos/bot_hasta_2026-09-22.log.gz,22:16:24,CIERRE,SHORT,,7405.75,7409.75,,,,,,-20.00,STOP LOSS
logs_viejos/bot_hasta_2026-09-22.log.gz,22:17:02,APERTURA,SHORT,,7409.25,,7405.25,7413.25,,,,,
logs_viejos/bot_hasta_2026-09-22.log.gz,22:18:08,CIERRE,SHORT,,7409.25,7405.00,,,,,,+21.25,TAKE PROFIT
logs_viejos/bot_hasta_2026-09-22.log.gz,22:29:02,APERTURA,SHORT,,7397.00,,7393.0,7401.0,,,,,
logs_viejos/bot_hasta_2026-09-22.log.gz,22:30:34,CIERRE,SHORT,,7397.00,7401.00,,,,,,-20.00,STOP LOSS
logs_viejos/bot_hasta_2026-09-22.log.gz,22:55:02,APERTURA,LONG,,7406.00,,7410.0,7402.0,,,,,
logs_viejos/bot_hasta_2026-09-22.log.gz,22:59:06,CIERRE,LONG,,7406.00,7410.25,,,,,,+21.25,TAKE PROFIT
logs_viejos/bot_hasta_2026-09-22.log.gz,23:03:01,APERTURA,LONG,,7414.00,,7418.0,7410.0,,,,,
logs_viejos/bot_hasta_2026-09-22.log.gz,23:18:43,CIERRE,LONG,,7414.00,7410.00,,,,,,-20.00,STOP LOSS
logs_viejos/bot_hasta_2026-09-22.log.gz,23:20:02,APERTURA,LONG,,7411.25,,7415.25,7407.25,,,,,
logs_viejos/bot_hasta_2026-09-22.log.gz,23:27:21,CIERRE,LONG,,7411.25,7407.25,,,,,,-20.00,STOP LOSS
logs_viejos/bot_hasta_2026-09-22.log.gz,23:30:02,APERTURA,LONG,,7406.50,,7410.5,7402.5,,,,,
logs_viejos/bot_hasta_2026-09-22.log.gz,23:38:19,CIERRE,LONG,,7406.50,7410.50,,,,,,+20.00,TAKE PROFIT
logs_viejos/bot_hasta_2026-09-22.log.gz,23:41:01,APERTURA,SHORT,,7410.25,,7406.25,7414.25,,,,,
logs_viejos/bot_hasta_2026-09-22.log.gz,00:11:08,CIERRE,SHORT,,7410.25,7406.25,,,,,,+20.00,TAKE PROFIT
logs_viejos/bot_hasta_2026-09-22.log.gz,00:13:02,APERTURA,LONG,,7404.00,,7408.0,7400.0,,,,,
logs_viejos/bot_hasta_2026-09-22.log.gz,00:23:20,CIERRE,LONG,,7404.00,7400.00,,,,,,-20.00,STOP LOSS
logs_viejos/bot_hasta_2026-09-22.log.gz,00:31:02,APERTURA,LONG,,7405.00,,7409.0,7401.0,,,,,
logs_viejos/bot_hasta_2026-09-22.log.gz,00:41:55,CIERRE,LONG,,7405.00,7409.50,,,,,,+22.50,TAKE PROFIT
logs_viejos/bot_hasta_2026-09-22.log.gz,00:42:02,APERTURA,SHORT,,7408.00,,7404.0,7412.0,,,,,
logs_viejos/bot_hasta_2026-09-22.log.gz,00:45:50,CIERRE,SHORT,,7408.00,7403.75,,,,,,+21.25,TAKE PROFIT
logs_viejos/bot_hasta_2026-09-22.log.gz,00:49:02,APERTURA,SHORT,,7403.50,,7399.5,7407.5,,,,,
logs_viejos/bot_hasta_2026-09-22.log.gz,00:50:33,CIERRE,SHORT,,7403.50,7407.50,,,,,,-20.00,STOP LOSS
logs_viejos/bot_hasta_2026-09-22.log.gz,00:54:02,APERTURA,LONG,,7406.25,,7410.25,7402.25,,,,,
logs_viejos/bot_hasta_2026-09-22.log.gz,03:07:02,CIERRE,LONG,,7406.25,7399.25,,,,,,-35.00,STOP LOSS
logs_viejos/bot_hasta_2026-09-22.log.gz,03:41:02,APERTURA,SHORT,,7391.25,,7387.25,7395.25,,,,,
logs_viejos/bot_hasta_2026-09-22.log.gz,03:57:47,CIERRE,SHORT,,7391.25,7387.00,,,,,,+21.25,TAKE PROFIT
logs_viejos/bot_hasta_2026-09-22.log.gz,04:58:43,APERTURA,LONG,,7399.00,,7403.0,7395.0,,,,,
logs_viejos/bot_hasta_2026-09-22.log.gz,05:25:34,CIERRE,LONG,,7399.00,7421.75,,,,,,+113.75,TAKE PROFIT
logs_viejos/bot_hasta_2026-09-22.log.gz,05:43:11,APERTURA,SHORT,,7410.00,,7406.0,7414.0,,,,,
logs_viejos/bot_hasta_2026-09-22.log.gz,05:47:34,CIERRE,SHORT,,7410.00,7414.00,,,,,,-20.00,STOP LOSS
logs_viejos/bot_hasta_2026-09-22.log.gz,05:48:02,APERTURA,SHORT,,7413.25,,7409.25,7417.25,,,,,
logs_viejos/bot_hasta_2026-09-22.log.gz,06:04:14,CIERRE,SHORT,,7413.25,7419.50,,,,,,-31.25,STOP LOSS
logs_viejos/bot_hasta_2026-09-22.log.gz,07:28:03,APERTURA,SHORT,,7424.75,,7420.75,7428.75,,,,,
logs_viejos/bot_hasta_2026-09-22.log.gz,07:28:45,CIERRE,SHORT,,7424.75,7420.25,,,,,,+22.50,TAKE PROFIT
logs_viejos/bot_hasta_2026-09-22.log.gz,07:58:01,APERTURA,LONG,,7422.50,,7426.5,7418.5,,,,,
logs_viejos/bot_hasta_2026-09-22.log.gz,07:58:40,CIERRE,LONG,,7422.50,7426.50,,,,,,+20.00,TAKE PROFIT
logs_viejos/bot_hasta_2026-09-22.log.gz,07:59:02,APERTURA,SHORT,,7424.25,,7420.25,7428.25,,,,,
logs_viejos/bot_hasta_2026-09-22.log.gz,08:00:13,CIERRE,SHORT,,7424.25,7428.25,,,,,,-20.00,STOP LOSS
logs_viejos/bot_hasta_2026-09-22.log.gz,08:01:02,APERTURA,SHORT,,7426.00,,7422.0,7430.0,,,,,
logs_viejos/bot_hasta_2026-09-22.log.gz,08:22:24,CIERRE,SHORT,,7426.00,7434.75,,,,,,-43.75,STOP LOSS
logs_viejos/bot_hasta_2026-09-22.log.gz,08:25:02,APERTURA,SHORT,,7439.00,,7435.0,7443.0,,,,,
logs_viejos/bot_hasta_2026-09-22.log.gz,08:32:25,CIERRE,SHORT,,7439.00,7435.00,,,,,,+20.00,TAKE PROFIT
logs_viejos/bot_hasta_2026-09-22.log.gz,08:34:02,APERTURA,LONG,,7436.75,,7440.75,7432.75,,,,,
logs_viejos/bot_hasta_2026-09-22.log.gz,08:42:43,CIERRE,LONG,,7436.75,7441.00,,,,,,+21.25,TAKE PROFIT
logs_viejos/bot_hasta_2026-09-22.log.gz,08:46:02,APERTURA,SHORT,,7441.75,,7437.75,7445.75,,,,,
logs_viejos/bot_hasta_2026-09-22.log.gz,08:53:33,CIERRE,SHORT,,7441.75,7445.75,,,,,,-20.00,STOP LOSS
logs_viejos/bot_hasta_2026-09-22.log.gz,08:56:01,APERTURA,LONG,,7446.75,,7450.75,7442.75,,,,,
logs_viejos/bot_hasta_2026-09-22.log.gz,08:58:36,CIERRE,LONG,,7446.75,7442.50,,,,,,-21.25,STOP LOSS
logs_viejos/bot_hasta_2026-09-22.log.gz,09:01:01,APERTURA,SHORT,,7440.75,,7436.75,7444.75,,,,,
logs_viejos/bot_hasta_2026-09-22.log.gz,09:04:36,CIERRE,SHORT,,7440.75,7436.75,,,,,,+20.00,TAKE PROFIT
logs_viejos/bot_hasta_2026-09-22.log.gz,09:06:01,APERTURA,SHORT,,7437.00,,7433.0,7441.0,,,,,
logs_viejos/bot_hasta_2026-09-22.log.gz,09:06:45,CIERRE,SHORT,,7437.00,7433.00,,,,,,+20.00,TAKE PROFIT
logs_viejos/bot_hasta_2026-09-22.log.gz,09:11:02,APERTURA,LONG,,7436.50,,7440.5,7432.5,,,,,
logs_viejos/bot_hasta_2026-09-22.log.gz,09:15:33,CIERRE,LONG,,7436.50,7432.25,,,,,,-21.25,STOP LOSS
logs_viejos/bot_hasta_2026-09-22.log.gz,09:16:02,APERTURA,LONG,,7432.00,,7436.0,7428.0,,,,,
logs_viejos/bot_hasta_2026-09-22.log.gz,09:19:07,CIERRE,LONG,,7432.00,7436.25,,,,,,+21.25,TAKE PROFIT
logs_viejos/bot_hasta_2026-09-22.log.gz,09:25:01,APERTURA,SHORT,,7426.75,,7422.75,7430.75,,,,,
logs_viejos/bot_hasta_2026-09-22.log.gz,09:33:16,CIERRE,SHORT,,7426.75,7422.50,,,,,,+21.25,TAKE PROFIT
logs_viejos/bot_hasta_2026-09-22.log.gz,09:43:02,APERTURA,LONG,,7418.25,,7422.25,7414.25,,,,,
logs_viejos/bot_hasta_2026-09-22.log.gz,09:44:36,CIERRE,LONG,,7418.25,7414.00,,,,,,-21.25,STOP LOSS
logs_viejos/bot_hasta_2026-09-22.log.gz,09:47:01,APERTURA,SHORT,,7414.00,,7410.0,7418.0,,,,,
logs_viejos/bot_hasta_2026-09-22.log.gz,09:54:04,CIERRE,SHORT,,7414.00,7409.50,,,,,,+22.50,TAKE PROFIT
logs_viejos/bot_hasta_2026-09-22.log.gz,10:00:02,APERTURA,SHORT,,7403.50,,7399.5,7407.5,,,,,
logs_viejos/bot_hasta_2026-09-22.log.gz,10:01:29,CIERRE,SHORT,,7403.50,7399.50,,,,,,+20.00,TAKE PROFIT
logs_viejos/bot_hasta_2026-09-22.log.gz,10:03:01,APERTURA,LONG,,7401.00,,7405.0,7397.0,,,,,
logs_viejos/bot_hasta_2026-09-22.log.gz,10:04:33,CIERRE,LONG,,7401.00,7406.00,,,,,,+25.00,TAKE PROFIT
logs_viejos/bot_hasta_2026-09-22.log.gz,10:07:01,APERTURA,SHORT,,7406.75,,7402.75,7410.75,,,,,
logs_viejos/bot_hasta_2026-09-22.log.gz,10:08:11,CIERRE,SHORT,,7406.75,7410.75,,,,,,-20.00,STOP LOSS
logs_viejos/bot_hasta_2026-09-22.log.gz,10:12:02,APERTURA,SHORT,,7411.00,,7407.0,7415.0,,,,,
logs_viejos/bot_hasta_2026-09-22.log.gz,10:14:55,CIERRE,SHORT,,7411.00,7415.00,,,,,,-20.00,STOP LOSS
logs_viejos/bot_hasta_2026-09-22.log.gz,10:19:01,APERTURA,LONG,,7417.00,,7421.0,7413.0,,,,,
logs_viejos/bot_hasta_2026-09-22.log.gz,10:28:25,CIERRE,LONG,,7417.00,7421.00,,,,,,+20.00,TAKE PROFIT
logs_viejos/bot_hasta_2026-09-22.log.gz,10:32:02,APERTURA,LONG,,7410.75,,7414.75,7406.75,,,,,
logs_viejos/bot_hasta_2026-09-22.log.gz,10:33:19,CIERRE,LONG,,7410.75,7406.00,,,,,,-23.75,STOP LOSS
logs_viejos/bot_hasta_2026-09-22.log.gz,10:39:02,APERTURA,SHORT,,7406.25,,7402.25,7410.25,,,,,
logs_viejos/bot_hasta_2026-09-22.log.gz,10:40:43,CIERRE,SHORT,,7406.25,7400.00,,,,,,+31.25,TAKE PROFIT
logs_viejos/bot_hasta_2026-09-22.log.gz,10:47:02,APERTURA,LONG,,7373.75,,7377.75,7369.75,,,,,
logs_viejos/bot_hasta_2026-09-22.log.gz,10:47:13,CIERRE,LONG,,7373.75,7378.25,,,,,,+22.50,TAKE PROFIT
logs_viejos/bot_hasta_2026-09-22.log.gz,10:48:02,APERTURA,SHORT,,7374.25,,7370.25,7378.25,,,,,
logs_viejos/bot_hasta_2026-09-22.log.gz,10:49:04,CIERRE,SHORT,,7374.25,7370.00,,,,,,+21.25,TAKE PROFIT
logs_viejos/bot_hasta_2026-09-22.log.gz,10:58:01,APERTURA,SHORT,,7386.75,,7382.75,7390.75,,,,,
logs_viejos/bot_hasta_2026-09-22.log.gz,11:00:00,CIERRE,SHORT,,7386.75,7382.50,,,,,,+21.25,TAKE PROFIT
logs_viejos/bot_hasta_2026-09-22.log.gz,11:01:02,APERTURA,LONG,,7398.00,,7402.0,7394.0,,,,,
logs_viejos/bot_hasta_2026-09-22.log.gz,11:03:49,CIERRE,LONG,,7398.00,7402.50,,,,,,+22.50,TAKE PROFIT
logs_viejos/bot_hasta_2026-09-22.log.gz,11:07:01,APERTURA,SHORT,,7409.00,,7405.0,7413.0,,,,,
logs_viejos/bot_hasta_2026-09-22.log.gz,11:07:14,CIERRE,SHORT,,7409.00,7413.25,,,,,,-21.25,STOP LOSS
logs_viejos/bot_hasta_2026-09-22.log.gz,11:14:03,APERTURA,LONG,,7407.00,,7411.0,7403.0,,,,,
logs_viejos/bot_hasta_2026-09-22.log.gz,11:14:17,CIERRE,LONG,,7407.00,7411.00,,,,,,+20.00,TAKE PROFIT
logs_viejos/bot_hasta_2026-09-22.log.gz,11:15:03,APERTURA,SHORT,,7409.25,,7405.25,7413.25,,,,,
logs_viejos/bot_hasta_2026-09-22.log.gz,11:15:47,CIERRE,SHORT,,7409.25,7414.50,,,,,,-26.25,STOP LOSS
logs_viejos/bot_hasta_2026-09-22.log.gz,11:21:01,APERTURA,SHORT,,7421.75,,7417.75,7425.75,,,,,
logs_viejos/bot_hasta_2026-09-22.log.gz,11:21:43,CIERRE,SHORT,,7421.75,7417.00,,,,,,+23.75,TAKE PROFIT
logs_viejos/bot_hasta_2026-09-22.log.gz,11:24:01,APERTURA,LONG,,7409.00,,7413.0,7405.0,,,,,
logs_viejos/bot_hasta_2026-09-22.log.gz,11:25:35,CIERRE,LONG,,7409.00,7415.00,,,,,,+30.00,TAKE PROFIT
logs_viejos/bot_hasta_2026-09-22.log.gz,11:31:01,APERTURA,LONG,,7420.25,,7424.25,7416.25,,,,,
logs_viejos/bot_hasta_2026-09-22.log.gz,11:31:34,CIERRE,LONG,,7420.25,7416.25,,,,,,-20.00,STOP LOSS
logs_viejos/bot_hasta_2026-09-22.log.gz,11:35:01,APERTURA,LONG,,7414.50,,7418.5,7410.5,,,,,
logs_viejos/bot_hasta_2026-09-22.log.gz,11:35:42,CIERRE,LONG,,7414.50,7418.75,,,,,,+21.25,TAKE PROFIT
logs_viejos/bot_hasta_2026-09-22.log.gz,11:37:11,APERTURA,SHORT,,7420.50,,7416.5,7424.5,,,,,
logs_viejos/bot_hasta_2026-09-22.log.gz,11:41:12,CIERRE,SHORT,,7420.50,7416.50,,,,,,+20.00,TAKE PROFIT
logs_viejos/bot_hasta_2026-09-22.log.gz,11:43:01,APERTURA,SHORT,,7408.75,,7404.75,7412.75,,,,,
logs_viejos/bot_hasta_2026-09-22.log.gz,11:43:22,CIERRE,SHORT,,7408.75,7403.75,,,,,,+25.00,TAKE PROFIT
logs_viejos/bot_hasta_2026-09-22.log.gz,11:48:03,APERTURA,LONG,,7391.00,,7395.0,7387.0,,,,,
logs_viejos/bot_hasta_2026-09-22.log.gz,11:50:35,CIERRE,LONG,,7391.00,7395.75,,,,,,+23.75,TAKE PROFIT
logs_viejos/bot_hasta_2026-09-22.log.gz,11:52:01,APERTURA,SHORT,,7393.00,,7389.0,7397.0,,,,,
logs_viejos/bot_hasta_2026-09-22.log.gz,11:52:26,CIERRE,SHORT,,7393.00,7397.00,,,,,,-20.00,STOP LOSS
logs_viejos/bot_hasta_2026-09-22.log.gz,11:58:01,APERTURA,LONG,,7436.50,,7440.5,7432.5,,,,,
logs_viejos/bot_hasta_2026-09-22.log.gz,11:59:01,CIERRE,LONG,,7436.50,7440.50,,,,,,+20.00,TAKE PROFIT
logs_viejos/bot_hasta_2026-09-22.log.gz,12:02:02,APERTURA,SHORT,,7443.00,,7439.0,7447.0,,,,,
logs_viejos/bot_hasta_2026-09-22.log.gz,12:03:35,CIERRE,SHORT,,7443.00,7439.00,,,,,,+20.00,TAKE PROFIT
logs_viejos/bot_hasta_2026-09-22.log.gz,12:05:01,APERTURA,LONG,,7437.75,,7441.75,7433.75,,,,,
logs_viejos/bot_hasta_2026-09-22.log.gz,12:05:49,CIERRE,LONG,,7437.75,7442.25,,,,,,+22.50,TAKE PROFIT
logs_viejos/bot_hasta_2026-09-22.log.gz,12:08:02,APERTURA,SHORT,,7440.75,,7436.75,7444.75,,,,,
logs_viejos/bot_hasta_2026-09-22.log.gz,22:20:02,APERTURA,SHORT,,7546.75,,7542.75,7550.75,,,,,
logs_viejos/bot_hasta_2026-09-22.log.gz,00:00:03,CIERRE,SHORT,,7546.75,7552.50,,,,,,-28.75,STOP LOSS
logs_viejos/bot_hasta_2026-09-22.log.gz,00:08:01,APERTURA,SHORT,,7550.75,,7546.75,7554.75,,,,,
logs_viejos/bot_hasta_2026-09-22.log.gz,00:30:04,CIERRE,SHORT,,7550.75,7554.75,,,,,,-20.00,STOP LOSS
logs_viejos/bot_hasta_2026-09-22.log.gz,00:32:11,APERTURA,SHORT,,7553.75,,7549.75,7557.75,,,,,
logs_viejos/bot_hasta_2026-09-22.log.gz,00:40:01,CIERRE,SHORT,,7553.75,7549.75,,,,,,+20.00,TAKE PROFIT
logs_viejos/bot_hasta_2026-09-22.log.gz,00:44:01,APERTURA,SHORT,,7548.50,,7544.5,7552.5,,,,,
logs_viejos/bot_hasta_2026-09-22.log.gz,00:52:59,CIERRE,SHORT,,7548.50,7552.50,,,,,,-20.00,STOP LOSS
logs_viejos/bot_hasta_2026-09-22.log.gz,00:55:01,APERTURA,SHORT,,7551.75,,7547.75,7555.75,,,,,
logs_viejos/bot_hasta_2026-09-22.log.gz,02:36:01,APERTURA,LONG,,7554.50,,7558.5,7550.5,,,,,
logs_viejos/bot_hasta_2026-09-22.log.gz,03:34:02,CIERRE,LONG,,7554.50,7560.25,,,,,,+28.75,TAKE PROFIT
logs_viejos/bot_hasta_2026-09-22.log.gz,03:36:12,APERTURA,LONG,,7561.75,,7565.75,7557.75,,,,,
logs_viejos/bot_hasta_2026-09-22.log.gz,04:00:14,CIERRE,LONG,,7561.75,7557.75,,,,,,-20.00,STOP LOSS
logs_viejos/bot_hasta_2026-09-22.log.gz,04:04:02,APERTURA,SHORT,,7559.00,,7555.0,7563.0,,,,,
logs_viejos/bot_hasta_2026-09-22.log.gz,04:31:17,CIERRE,SHORT,,7559.00,7555.00,,,,,,+20.00,TAKE PROFIT
logs_viejos/bot_hasta_2026-09-22.log.gz,05:44:01,APERTURA,LONG,,7551.50,,7555.5,7547.5,,,,,
logs_viejos/bot_hasta_2026-09-22.log.gz,05:49:42,CIERRE,LONG,,7551.50,7547.25,,,,,,-21.25,STOP LOSS
logs_viejos/bot_hasta_2026-09-22.log.gz,06:16:01,APERTURA,LONG,,7550.75,,7554.75,7546.75,,,,,
logs_viejos/bot_hasta_2026-09-22.log.gz,08:29:24,CIERRE,LONG,,7550.75,7546.75,,,,,,-20.00,STOP LOSS
logs_viejos/bot_hasta_2026-09-22.log.gz,12:48:02,APERTURA,LONG,,7558.75,,7562.75,7554.75,,,,,
logs_viejos/bot_hasta_2026-09-22.log.gz,13:22:46,CIERRE,LONG,,7558.75,7554.75,,,,,,-20.00,STOP LOSS
logs_viejos/bot_hasta_2026-09-22.log.gz,13:44:02,APERTURA,LONG,,7557.75,,7561.75,7553.75,,,,,
logs_viejos/bot_hasta_2026-09-22.log.gz,17:48:08,CIERRE,LONG,,7557.75,7557.25,,,,,,-2.50,CIERRE HORARIO
logs_viejos/bot_hasta_2026-09-22.log.gz,03:28:02,APERTURA,LONG,,7551.50,,7555.5,7547.5,,,,,
logs_viejos/bot_hasta_2026-09-22.log.gz,03:41:26,CIERRE,LONG,,7551.50,7555.50,,,,,,+20.00,TAKE PROFIT
logs_viejos/bot_hasta_2026-09-22.log.gz,07:12:02,APERTURA,SHORT,,7562.50,,7558.5,7566.5,,,,,
logs_viejos/bot_hasta_2026-09-22.log.gz,08:07:31,CIERRE,SHORT,,7562.50,7558.50,,,,,,+20.00,TAKE PROFIT
logs_viejos/bot_hasta_2026-09-22.log.gz,08:24:11,APERTURA,LONG,,7562.25,,7566.25,7558.25,,,,,
logs_viejos/bot_hasta_2026-09-22.log.gz,08:54:04,CIERRE,LONG,,7562.25,7558.25,,,,,,-20.00,STOP LOSS
logs_viejos/bot_hasta_2026-09-22.log.gz,09:10:01,APERTURA,LONG,,7562.75,,7566.75,7558.75,,,,,
logs_viejos/bot_hasta_2026-09-22.log.gz,09:23:10,CIERRE,LONG,,7562.75,7558.75,,,,,,-20.00,STOP LOSS
logs_viejos/bot_hasta_2026-09-22.log.gz,09:26:01,APERTURA,SHORT,,7557.25,,7553.25,7561.25,,,,,
logs_viejos/bot_hasta_2026-09-22.log.gz,10:00:43,CIERRE,SHORT,,7557.25,7562.00,,,,,,-23.75,STOP LOSS
logs_viejos/bot_hasta_2026-09-22.log.gz,11:02:04,APERTURA,LONG,,7568.75,,7572.75,7564.75,,,,,
logs_viejos/bot_hasta_2026-09-22.log.gz,11:17:59,CIERRE,LONG,,7568.75,7573.25,,,,,,+22.50,TAKE PROFIT
logs_viejos/bot_hasta_2026-09-22.log.gz,20:58:01,APERTURA,SHORT,,7584.75,,7580.75,7588.75,,,,,
logs_viejos/bot_hasta_2026-09-22.log.gz,21:30:11,CIERRE,SHORT,,7584.75,7590.25,,,,,,-27.50,STOP LOSS
logs_viejos/bot_hasta_2026-09-22.log.gz,00:10:02,APERTURA,LONG,,7583.00,,7587.0,7579.0,,,,,
logs_viejos/bot_hasta_2026-09-22.log.gz,00:16:14,CIERRE,LONG,,7583.00,7579.00,,,,,,-20.00,STOP LOSS
logs_viejos/bot_hasta_2026-09-22.log.gz,03:40:01,APERTURA,LONG,,7571.75,,7575.75,7567.75,,,,,
logs_viejos/bot_hasta_2026-09-22.log.gz,04:02:27,CIERRE,LONG,,7571.75,7575.75,,,,,,+20.00,TAKE PROFIT
logs_viejos/bot_hasta_2026-09-22.log.gz,04:48:11,APERTURA,SHORT,,7577.25,,7573.25,7581.25,,,,,
logs_viejos/bot_hasta_2026-09-22.log.gz,04:55:41,CIERRE,SHORT,,7577.25,7573.25,,,,,,+20.00,TAKE PROFIT
logs_viejos/bot_hasta_2026-09-22.log.gz,05:16:02,APERTURA,LONG,,7577.75,,7581.75,7573.75,,,,,
logs_viejos/bot_hasta_2026-09-22.log.gz,05:24:38,CIERRE,LONG,,7577.75,7581.75,,,,,,+20.00,TAKE PROFIT
logs_viejos/bot_hasta_2026-09-22.log.gz,05:56:01,APERTURA,SHORT,,7578.50,,7574.5,7582.5,,,,,
logs_viejos/bot_hasta_2026-09-22.log.gz,06:14:34,CIERRE,SHORT,,7578.50,7582.50,,,,,,-20.00,STOP LOSS
logs_viejos/bot_hasta_2026-09-22.log.gz,06:34:02,APERTURA,SHORT,,7579.50,,7575.5,7583.5,,,,,
logs_viejos/bot_hasta_2026-09-22.log.gz,07:00:52,CIERRE,SHORT,,7579.50,7583.50,,,,,,-20.00,STOP LOSS
logs_viejos/bot_hasta_2026-09-22.log.gz,07:16:01,APERTURA,SHORT,,7579.25,,7575.25,7583.25,,,,,
logs_viejos/bot_hasta_2026-09-22.log.gz,07:18:01,CIERRE,SHORT,,7579.25,7583.25,,,,,,-20.00,STOP LOSS
logs_viejos/bot_hasta_2026-09-22.log.gz,07:30:02,APERTURA,LONG,,7581.25,,7585.25,7577.25,,,,,
logs_viejos/bot_hasta_2026-09-22.log.gz,07:49:28,CIERRE,LONG,,7581.25,7577.25,,,,,,-20.00,STOP LOSS
logs_viejos/bot_hasta_2026-09-22.log.gz,08:22:11,APERTURA,LONG,,7577.00,,7581.0,7573.0,,,,,
logs_viejos/bot_hasta_2026-09-22.log.gz,08:35:11,CIERRE,LONG,,7577.00,7573.00,,,,,,-20.00,STOP LOSS
logs_viejos/bot_hasta_2026-09-22.log.gz,10:36:01,APERTURA,LONG,,7572.50,,7576.5,7568.5,,,,,
logs_viejos/bot_hasta_2026-09-22.log.gz,10:37:04,CIERRE,LONG,,7572.50,7576.75,,,,,,+21.25,TAKE PROFIT
logs_viejos/bot_hasta_2026-09-22.log.gz,10:42:12,APERTURA,SHORT,,7575.75,,7571.75,7579.75,,,,,
logs_viejos/bot_hasta_2026-09-22.log.gz,10:43:35,CIERRE,SHORT,,7575.75,7579.75,,,,,,-20.00,STOP LOSS
logs_viejos/bot_hasta_2026-09-22.log.gz,10:46:01,APERTURA,LONG,,7577.00,,7581.0,7573.0,,,,,
logs_viejos/bot_hasta_2026-09-22.log.gz,10:51:33,CIERRE,LONG,,7577.00,7572.50,,,,,,-22.50,STOP LOSS
logs_viejos/bot_hasta_2026-09-22.log.gz,11:58:02,APERTURA,LONG,,7544.25,,7548.25,7540.25,,,,,
logs_viejos/bot_hasta_2026-09-22.log.gz,12:00:03,CIERRE,LONG,,7544.25,7540.00,,,,,,-21.25,STOP LOSS
logs_viejos/bot_hasta_2026-09-22.log.gz,12:06:01,APERTURA,SHORT,,7540.25,,7536.25,7544.25,,,,,
logs_viejos/bot_hasta_2026-09-22.log.gz,12:18:02,APERTURA,SHORT,,7536.75,,7532.75,7540.75,,,,,
logs_viejos/bot_hasta_2026-09-22.log.gz,12:30:00,CIERRE,SHORT,,7536.75,7540.75,,,,,,-20.00,STOP LOSS
logs_viejos/bot_hasta_2026-09-22.log.gz,12:48:01,APERTURA,LONG,,7546.50,,7550.5,7542.5,,,,,
logs_viejos/bot_hasta_2026-09-22.log.gz,12:59:04,CIERRE,LONG,,7546.50,7550.75,,,,,,+21.25,TAKE PROFIT
logs_viejos/bot_hasta_2026-09-22.log.gz,14:20:02,APERTURA,SHORT,,7563.75,,7559.75,7567.75,,,,,
logs_viejos/bot_hasta_2026-09-22.log.gz,14:22:04,CIERRE,SHORT,,7563.75,7567.75,,,,,,-20.00,STOP LOSS
logs_viejos/bot_hasta_2026-09-22.log.gz,14:28:11,APERTURA,LONG,,7567.50,,7571.5,7563.5,,,,,
logs_viejos/bot_hasta_2026-09-22.log.gz,15:54:30,CIERRE,LONG,,7567.50,7554.00,,,,,,-67.50,STOP LOSS
logs_viejos/bot_hasta_2026-09-22.log.gz,16:12:36,APERTURA,SHORT,,7543.25,,7539.25,7547.25,,,,,
logs_viejos/bot_hasta_2026-09-22.log.gz,17:01:16,CIERRE,SHORT,,7543.25,7549.75,,,,,,-32.50,STOP LOSS
logs_viejos/bot_hasta_2026-09-22.log.gz,21:30:02,APERTURA,LONG,,7552.50,,7556.5,7548.5,,,,,
logs_viejos/bot_hasta_2026-09-22.log.gz,21:35:27,CIERRE,LONG,,7552.50,7548.50,,,,,,-20.00,STOP LOSS
logs_viejos/bot_hasta_2026-09-22.log.gz,22:28:02,APERTURA,SHORT,,7556.50,,7552.5,7560.5,,,,,
logs_viejos/bot_hasta_2026-09-22.log.gz,22:38:21,CIERRE,SHORT,,7556.50,7552.50,,,,,,+20.00,TAKE PROFIT
logs_viejos/bot_hasta_2026-09-22.log.gz,23:48:01,APERTURA,LONG,,7554.50,,7558.5,7550.5,,,,,
logs_viejos/bot_hasta_2026-09-22.log.gz,00:25:18,CIERRE,LONG,,7554.50,7558.50,,,,,,+20.00,TAKE PROFIT
logs_viejos/bot_hasta_2026-09-22.log.gz,00:56:01,APERTURA,SHORT,,7554.50,,7550.5,7558.5,,,,,
logs_viejos/bot_hasta_2026-09-22.log.gz,01:45:35,CIERRE,SHORT,,7554.50,7550.50,,,,,,+20.00,TAKE PROFIT
logs_viejos/bot_hasta_2026-09-22.log.gz,07:22:01,APERTURA,LONG,,7478.50,,7482.5,7474.5,,,,,
logs_viejos/bot_hasta_2026-09-22.log.gz,07:31:51,CIERRE,LONG,,7478.50,7482.75,,,,,,+21.25,TAKE PROFIT
logs_viejos/bot_hasta_2026-09-22.log.gz,08:12:01,APERTURA,SHORT,,7481.50,,7477.5,7485.5,,,,,
logs_viejos/bot_hasta_2026-09-22.log.gz,08:14:35,CIERRE,SHORT,,7481.50,7485.50,,,,,,-20.00,STOP LOSS
logs_viejos/bot_hasta_2026-09-22.log.gz,08:38:01,APERTURA,LONG,,7488.25,,7492.25,7484.25,,,,,
logs_viejos/bot_hasta_2026-09-22.log.gz,08:41:25,CIERRE,LONG,,7488.25,7484.25,,,,,,-20.00,STOP LOSS
logs_viejos/bot_hasta_2026-09-22.log.gz,10:02:05,APERTURA,SHORT,,7508.25,,7504.25,7512.25,,,,,
logs_viejos/bot_hasta_2026-09-22.log.gz,10:12:54,CIERRE,SHORT,,7508.25,7512.50,,,,,,-21.25,STOP LOSS
logs_viejos/bot_hasta_2026-09-22.log.gz,10:18:01,APERTURA,LONG,,7513.50,,7517.5,7509.5,,,,,
logs_viejos/bot_hasta_2026-09-22.log.gz,10:21:29,CIERRE,LONG,,7513.50,7509.50,,,,,,-20.00,STOP LOSS
logs_viejos/bot_hasta_2026-09-22.log.gz,10:26:01,APERTURA,SHORT,,7507.00,,7503.0,7511.0,,,,,
logs_viejos/bot_hasta_2026-09-22.log.gz,10:27:57,CIERRE,SHORT,,7507.00,7511.00,,,,,,-20.00,STOP LOSS
logs_viejos/bot_hasta_2026-09-22.log.gz,10:34:12,APERTURA,LONG,,7511.25,,7515.25,7507.25,,,,,
logs_viejos/bot_hasta_2026-09-22.log.gz,10:35:53,CIERRE,LONG,,7511.25,7507.00,,,,,,-21.25,STOP LOSS
logs_viejos/bot_hasta_2026-09-22.log.gz,11:16:05,APERTURA,SHORT,,7504.25,,7500.25,7508.25,,,,,
logs_viejos/bot_hasta_2026-09-22.log.gz,11:18:04,CIERRE,SHORT,,7504.25,7508.75,,,,,,-22.50,STOP LOSS
logs_viejos/bot_hasta_2026-09-22.log.gz,11:26:11,APERTURA,LONG,,7518.25,,7522.25,7514.25,,,,,
logs_viejos/bot_hasta_2026-09-22.log.gz,11:26:46,CIERRE,LONG,,7518.25,7513.75,,,,,,-22.50,STOP LOSS
logs_viejos/bot_hasta_2026-09-22.log.gz,11:32:12,APERTURA,SHORT,,7506.50,,7502.5,7510.5,,,,,
logs_viejos/bot_hasta_2026-09-22.log.gz,11:33:44,CIERRE,SHORT,,7506.50,7502.50,,,,,,+20.00,TAKE PROFIT
logs_viejos/bot_hasta_2026-09-22.log.gz,12:44:02,APERTURA,LONG,,7481.75,,7485.75,7477.75,,,,,
logs_viejos/bot_hasta_2026-09-22.log.gz,12:50:52,CIERRE,LONG,,7481.75,7477.75,,,,,,-20.00,STOP LOSS
logs_viejos/bot_hasta_2026-09-22.log.gz,13:04:11,APERTURA,LONG,,7485.25,,7489.25,7481.25,,,,,
logs_viejos/bot_hasta_2026-09-22.log.gz,13:05:30,CIERRE,LONG,,7485.25,7489.50,,,,,,+21.25,TAKE PROFIT
logs_viejos/bot_hasta_2026-09-22.log.gz,14:46:02,APERTURA,SHORT,,7521.75,,7517.75,7525.75,,,,,
logs_viejos/bot_hasta_2026-09-22.log.gz,14:55:30,CIERRE,SHORT,,7521.75,7517.75,,,,,,+20.00,TAKE PROFIT
logs_viejos/bot_hasta_2026-09-22.log.gz,15:06:02,APERTURA,LONG,,7526.00,,7530.0,7522.0,,,,,
logs_viejos/bot_hasta_2026-09-22.log.gz,15:29:53,CIERRE,LONG,,7526.00,7522.00,,,,,,-20.00,STOP LOSS
logs_viejos/bot_hasta_2026-09-22.log.gz,15:32:11,APERTURA,SHORT,,7520.25,,7516.25,7524.25,,,,,
logs_viejos/bot_hasta_2026-09-22.log.gz,15:37:23,CIERRE,SHORT,,7520.25,7524.50,,,,,,-21.25,STOP LOSS
logs_viejos/bot_hasta_2026-09-22.log.gz,15:50:06,APERTURA,LONG,,7527.25,,7531.25,7523.25,,,,,
logs_viejos/bot_hasta_2026-09-22.log.gz,17:40:15,CIERRE,LONG,,7527.25,7513.50,,,,,,-68.75,CIERRE HORARIO
logs_viejos/bot_hasta_2026-09-22.log.gz,21:58:01,APERTURA,SHORT,,7530.00,,7526.0,7534.0,,,,,
logs_viejos/bot_hasta_2026-09-22.log.gz,22:01:10,CIERRE,SHORT,,7530.00,7534.00,,,,,,-20.00,STOP LOSS
logs_viejos/bot_hasta_2026-09-22.log.gz,22:12:11,APERTURA,LONG,,7534.25,,7538.25,7530.25,,,,,
logs_viejos/bot_hasta_2026-09-22.log.gz,22:55:09,CIERRE,LONG,,7534.25,7529.00,,,,,,-26.25,STOP LOSS
logs_viejos/bot_hasta_2026-09-22.log.gz,22:58:02,APERTURA,SHORT,,7530.25,,7526.25,7534.25,,,,,
logs_viejos/bot_hasta_2026-09-22.log.gz,23:08:17,CIERRE,SHORT,,7530.25,7534.25,,,,,,-20.00,STOP LOSS
logs_viejos/bot_hasta_2026-09-22.log.gz,23:12:11,APERTURA,LONG,,7537.75,,7541.75,7533.75,,,,,
logs_viejos/bot_hasta_2026-09-22.log.gz,23:21:23,CIERRE,LONG,,7537.75,7541.75,,,,,,+20.00,TAKE PROFIT
logs_viejos/bot_hasta_2026-09-22.log.gz,23:38:02,APERTURA,SHORT,,7535.25,,7531.25,7539.25,,,,,
logs_viejos/bot_hasta_2026-09-22.log.gz,23:45:11,CIERRE,SHORT,,7535.25,7531.00,,,,,,+21.25,TAKE PROFIT
logs_viejos/bot_hasta_2026-09-22.log.gz,00:28:02,APERTURA,LONG,,7533.25,,7537.25,7529.25,,,,,
logs_viejos/bot_hasta_2026-09-22.log.gz,00:32:48,CIERRE,LONG,,7533.25,7537.25,,,,,,+20.00,TAKE PROFIT
logs_viejos/bot_hasta_2026-09-22.log.gz,01:22:01,APERTURA,SHORT,,7538.50,,7534.5,7542.5,,,,,
logs_viejos/bot_hasta_2026-09-22.log.gz,01:32:44,CIERRE,SHORT,,7538.50,7542.50,,,,,,-20.00,STOP LOSS
logs_viejos/bot_hasta_2026-09-22.log.gz,01:36:02,APERTURA,LONG,,7542.00,,7546.0,7538.0,,,,,
logs_viejos/bot_hasta_2026-09-22.log.gz,01:55:04,CIERRE,LONG,,7542.00,7546.75,,,,,,+23.75,TAKE PROFIT
logs_viejos/bot_hasta_2026-09-22.log.gz,02:10:02,APERTURA,SHORT,,7542.00,,7538.0,7546.0,,,,,
logs_viejos/bot_hasta_2026-09-22.log.gz,02:11:27,CIERRE,SHORT,,7542.00,7546.00,,,,,,-20.00,STOP LOSS
logs_viejos/bot_hasta_2026-09-22.log.gz,02:14:01,APERTURA,LONG,,7550.75,,7554.75,7546.75,,,,,
logs_viejos/bot_hasta_2026-09-22.log.gz,02:17:01,CIERRE,LONG,,7550.75,7544.75,,,,,,-30.00,STOP LOSS
logs_viejos/bot_hasta_2026-09-22.log.gz,02:24:01,APERTURA,SHORT,,7541.50,,7537.5,7545.5,,,,,
logs_viejos/bot_hasta_2026-09-22.log.gz,02:31:02,CIERRE,SHORT,,7541.50,7537.50,,,,,,+20.00,TAKE PROFIT
logs_viejos/bot_hasta_2026-09-22.log.gz,02:48:01,APERTURA,LONG,,7546.75,,7550.75,7542.75,,,,,
logs_viejos/bot_hasta_2026-09-22.log.gz,02:56:19,CIERRE,LONG,,7546.75,7550.75,,,,,,+20.00,TAKE PROFIT
logs_viejos/bot_hasta_2026-09-22.log.gz,03:36:01,APERTURA,SHORT,,7551.25,,7547.25,7555.25,,,,,
logs_viejos/bot_hasta_2026-09-22.log.gz,04:44:32,CIERRE,SHORT,,7551.25,7555.75,,,,,,-22.50,STOP LOSS
logs_viejos/bot_hasta_2026-09-22.log.gz,05:22:02,APERTURA,SHORT,,7553.25,,7549.25,7557.25,,,,,
logs_viejos/bot_hasta_2026-09-22.log.gz,05:34:01,CIERRE,SHORT,,7553.25,7549.25,,,,,,+20.00,TAKE PROFIT
logs_viejos/bot_hasta_2026-09-22.log.gz,06:58:01,APERTURA,LONG,,7541.75,,7545.75,7537.75,,,,,
logs_viejos/bot_hasta_2026-09-22.log.gz,07:32:26,CIERRE,LONG,,7541.75,7537.75,,,,,,-20.00,STOP LOSS
logs_viejos/bot_hasta_2026-09-22.log.gz,08:16:01,APERTURA,LONG,,7535.25,,7539.25,7531.25,,,,,
logs_viejos/bot_hasta_2026-09-22.log.gz,08:20:41,CIERRE,LONG,,7535.25,7539.75,,,,,,+22.50,TAKE PROFIT
logs_viejos/bot_hasta_2026-09-22.log.gz,09:48:01,APERTURA,SHORT,,7545.25,,7541.25,7549.25,,,,,
logs_viejos/bot_hasta_2026-09-22.log.gz,10:25:02,CIERRE,SHORT,,7545.25,7549.25,,,,,,-20.00,STOP LOSS
logs_viejos/bot_hasta_2026-09-22.log.gz,10:34:02,APERTURA,SHORT,,7539.50,,7535.5,7543.5,,,,,
logs_viejos/bot_hasta_2026-09-22.log.gz,10:34:23,CIERRE,SHORT,,7539.50,7543.75,,,,,,-21.25,STOP LOSS
logs_viejos/bot_hasta_2026-09-22.log.gz,10:40:02,APERTURA,LONG,,7555.75,,7559.75,7551.75,,,,,
logs_viejos/bot_hasta_2026-09-22.log.gz,10:40:08,CIERRE,LONG,,7555.75,7551.25,,,,,,-22.50,STOP LOSS
logs_viejos/bot_hasta_2026-09-22.log.gz,11:12:06,APERTURA,SHORT,,7549.00,,7545.0,7553.0,,,,,
logs_viejos/bot_hasta_2026-09-22.log.gz,11:15:07,CIERRE,SHORT,,7549.00,7545.00,,,,,,+20.00,TAKE PROFIT
logs_viejos/bot_hasta_2026-09-22.log.gz,11:36:05,APERTURA,LONG,,7554.75,,7558.75,7550.75,,,,,
logs_viejos/bot_hasta_2026-09-22.log.gz,11:37:36,CIERRE,LONG,,7554.75,7550.50,,,,,,-21.25,STOP LOSS
logs_viejos/bot_hasta_2026-09-22.log.gz,13:50:03,APERTURA,SHORT,,7580.00,,7576.0,7584.0,,,,,
logs_viejos/bot_hasta_2026-09-22.log.gz,14:06:27,CIERRE,SHORT,,7580.00,7584.00,,,,,,-20.00,STOP LOSS
logs_viejos/bot_hasta_2026-09-22.log.gz,15:02:04,APERTURA,SHORT,,7591.75,,7587.75,7595.75,,,,,
logs_viejos/bot_hasta_2026-09-22.log.gz,15:25:06,CIERRE,SHORT,,7591.75,7587.75,,,,,,+20.00,TAKE PROFIT
logs_viejos/bot_hasta_2026-09-22.log.gz,16:22:02,APERTURA,LONG,,7588.00,,7592.0,7584.0,,,,,
logs_viejos/bot_hasta_2026-09-22.log.gz,16:30:08,CIERRE,LONG,,7588.00,7583.75,,,,,,-21.25,STOP LOSS
logs_viejos/bot_hasta_2026-09-22.log.gz,16:56:01,APERTURA,SHORT,,7586.00,,7582.0,7590.0,,,,,
logs_viejos/bot_hasta_2026-09-22.log.gz,16:59:17,CIERRE,SHORT,,7586.00,7590.00,,,,,,-20.00,STOP LOSS
logs_viejos/bot_hasta_2026-09-22.log.gz,03:48:02,APERTURA,SHORT,,7608.25,,7605.25,7611.25,,,,,
logs_viejos/bot_hasta_2026-09-22.log.gz,04:00:15,CIERRE,SHORT,,7608.25,7605.25,,,,,,+15.00,TAKE PROFIT
logs_viejos/bot_hasta_2026-09-22.log.gz,04:54:01,APERTURA,LONG,,7605.25,,7608.25,7602.25,,,,,
logs_viejos/bot_hasta_2026-09-22.log.gz,05:02:51,CIERRE,LONG,,7605.25,7602.25,,,,,,-15.00,STOP LOSS
logs_viejos/bot_hasta_2026-09-22.log.gz,05:09:02,APERTURA,SHORT,,7599.50,,7596.5,7602.5,,,,,
logs_viejos/bot_hasta_2026-09-22.log.gz,05:18:50,CIERRE,SHORT,,7599.50,7602.50,,,,,,-15.00,STOP LOSS
logs_viejos/bot_hasta_2026-09-22.log.gz,05:39:01,APERTURA,LONG,,7602.75,,7605.75,7599.75,,,,,
logs_viejos/bot_hasta_2026-09-22.log.gz,05:45:59,CIERRE,LONG,,7602.75,7606.50,,,,,,+18.75,TAKE PROFIT
logs_viejos/bot_hasta_2026-09-22.log.gz,06:57:01,APERTURA,SHORT,,7604.25,,7601.25,7607.25,,,,,
logs_viejos/bot_hasta_2026-09-22.log.gz,07:23:28,CIERRE,SHORT,,7604.25,7601.00,,,,,,+16.25,TAKE PROFIT
logs_viejos/bot_hasta_2026-09-22.log.gz,08:06:02,APERTURA,LONG,,7603.00,,7606.0,7600.0,,,,,
logs_viejos/bot_hasta_2026-09-22.log.gz,08:11:37,CIERRE,LONG,,7603.00,7600.00,,,,,,-15.00,STOP LOSS
logs_viejos/bot_hasta_2026-09-22.log.gz,08:15:11,APERTURA,SHORT,,7599.75,,7596.75,7602.75,,,,,
logs_viejos/bot_hasta_2026-09-22.log.gz,08:42:20,CIERRE,SHORT,,7599.75,7602.75,,,,,,-15.00,STOP LOSS
logs_viejos/bot_hasta_2026-09-22.log.gz,08:54:01,APERTURA,SHORT,,7599.25,,7596.25,7602.25,,,,,
logs_viejos/bot_hasta_2026-09-22.log.gz,09:05:12,CIERRE,SHORT,,7599.25,7596.25,,,,,,+15.00,TAKE PROFIT
logs_viejos/bot_hasta_2026-09-22.log.gz,09:36:05,APERTURA,LONG,,7605.50,,7608.5,7602.5,,,,,
logs_viejos/bot_hasta_2026-09-22.log.gz,09:38:17,CIERRE,LONG,,7605.50,7608.50,,,,,,+15.00,TAKE PROFIT
logs_viejos/bot_hasta_2026-09-22.log.gz,10:27:01,APERTURA,SHORT,,7607.25,,7604.25,7610.25,,,,,
logs_viejos/bot_hasta_2026-09-22.log.gz,10:29:15,CIERRE,SHORT,,7607.25,7610.25,,,,,,-15.00,STOP LOSS
logs_viejos/bot_hasta_2026-09-22.log.gz,10:33:01,APERTURA,LONG,,7620.25,,7623.25,7617.25,,,,,
logs_viejos/bot_hasta_2026-09-22.log.gz,10:36:54,CIERRE,LONG,,7620.25,7623.25,,,,,,+15.00,TAKE PROFIT
logs_viejos/bot_hasta_2026-09-22.log.gz,10:51:05,APERTURA,SHORT,,7603.50,,7600.5,7606.5,,,,,
logs_viejos/bot_hasta_2026-09-22.log.gz,10:52:27,CIERRE,SHORT,,7603.50,7606.50,,,,,,-15.00,STOP LOSS
logs_viejos/bot_hasta_2026-09-22.log.gz,11:06:13,APERTURA,LONG,,7618.50,,7621.5,7615.5,,,,,
logs_viejos/bot_hasta_2026-09-22.log.gz,11:06:33,CIERRE,LONG,,7618.50,7621.50,,,,,,+15.00,TAKE PROFIT
logs_viejos/bot_hasta_2026-09-22.log.gz,11:30:03,APERTURA,SHORT,,7616.00,,7613.0,7619.0,,,,,
logs_viejos/bot_hasta_2026-09-22.log.gz,11:31:51,CIERRE,SHORT,,7616.00,7613.00,,,,,,+15.00,TAKE PROFIT
logs_viejos/bot_hasta_2026-09-22.log.gz,12:42:02,APERTURA,LONG,,7605.75,,7608.75,7602.75,,,,,
logs_viejos/bot_hasta_2026-09-22.log.gz,12:43:13,CIERRE,LONG,,7605.75,7602.75,,,,,,-15.00,STOP LOSS
logs_viejos/bot_hasta_2026-09-22.log.gz,12:48:04,APERTURA,SHORT,,7598.25,,7595.25,7601.25,,,,,
logs_viejos/bot_hasta_2026-09-22.log.gz,12:50:28,CIERRE,SHORT,,7598.25,7595.25,,,,,,+15.00,TAKE PROFIT
logs_viejos/bot_hasta_2026-09-22.log.gz,13:57:02,APERTURA,LONG,,7581.25,,7584.25,7578.25,,,,,
logs_viejos/bot_hasta_2026-09-22.log.gz,13:58:19,CIERRE,LONG,,7581.25,7584.25,,,,,,+15.00,TAKE PROFIT
logs_viejos/bot_hasta_2026-09-22.log.gz,15:48:01,APERTURA,SHORT,,7607.75,,7604.75,7610.75,,,,,
logs_viejos/bot_hasta_2026-09-22.log.gz,16:32:33,CIERRE,SHORT,,7607.75,7604.25,,,,,,+17.50,TAKE PROFIT
logs_viejos/bot_hasta_2026-09-22.log.gz,17:00:02,APERTURA,LONG,,7617.50,,7620.5,7614.5,,,,,
logs_viejos/bot_hasta_2026-09-22.log.gz,17:00:12,CIERRE,LONG,,7617.50,7614.25,,,,,,-16.25,STOP LOSS
logs_viejos/bot_hasta_2026-09-22.log.gz,22:18:01,APERTURA,SHORT,,7612.00,,7609.0,7615.0,,,,,
logs_viejos/bot_hasta_2026-09-22.log.gz,22:39:46,CIERRE,SHORT,,7612.00,7615.00,,,,,,-15.00,STOP LOSS
logs_viejos/bot_hasta_2026-09-22.log.gz,22:51:02,APERTURA,LONG,,7617.75,,7620.75,7614.75,,,,,
logs_viejos/bot_hasta_2026-09-22.log.gz,22:58:05,CIERRE,LONG,,7617.75,7614.75,,,,,,-15.00,STOP LOSS
logs_viejos/bot_hasta_2026-09-22.log.gz,23:06:01,APERTURA,SHORT,,7611.75,,7608.75,7614.75,,,,,
logs_viejos/bot_hasta_2026-09-22.log.gz,23:17:58,CIERRE,SHORT,,7611.75,7614.75,,,,,,-15.00,STOP LOSS
logs_viejos/bot_hasta_2026-09-22.log.gz,23:24:01,APERTURA,LONG,,7619.00,,7622.0,7616.0,,,,,
logs_viejos/bot_hasta_2026-09-22.log.gz,12:12:02,APERTURA,SHORT,,7604.75,,7601.75,7607.75,,,,,
logs_viejos/bot_hasta_2026-09-22.log.gz,12:13:22,CIERRE,SHORT,,7604.75,7601.75,,,,,,+15.00,TAKE PROFIT
logs_viejos/bot_hasta_2026-09-22.log.gz,12:30:01,APERTURA,LONG,,7607.25,,7610.25,7604.25,,,,,
logs_viejos/bot_hasta_2026-09-22.log.gz,12:30:19,CIERRE,LONG,,7607.25,7604.25,,,,,,-15.00,STOP LOSS
logs_viejos/bot_hasta_2026-09-22.log.gz,12:51:01,APERTURA,SHORT,,7608.50,,7605.5,7611.5,,,,,
logs_viejos/bot_hasta_2026-09-22.log.gz,12:55:07,CIERRE,SHORT,,7608.50,7605.50,,,,,,+15.00,TAKE PROFIT
logs_viejos/bot_hasta_2026-09-22.log.gz,14:00:02,APERTURA,LONG,,7598.50,,7601.5,7595.5,,,,,
logs_viejos/bot_hasta_2026-09-22.log.gz,14:00:34,CIERRE,LONG,,7598.50,7595.25,,,,,,-16.25,STOP LOSS
logs_viejos/bot_hasta_2026-09-22.log.gz,14:21:03,APERTURA,SHORT,,7591.75,,7588.75,7594.75,,,,,
logs_viejos/bot_hasta_2026-09-22.log.gz,14:27:37,CIERRE,SHORT,,7591.75,7595.00,,,,,,-16.25,STOP LOSS
logs_viejos/bot_hasta_2026-09-22.log.gz,14:33:01,APERTURA,LONG,,7594.75,,7597.75,7591.75,,,,,
logs_viejos/bot_hasta_2026-09-22.log.gz,14:33:50,CIERRE,LONG,,7594.75,7591.75,,,,,,-15.00,STOP LOSS
logs_viejos/bot_hasta_2026-09-22.log.gz,14:39:02,APERTURA,SHORT,,7586.50,,7583.5,7589.5,,,,,
logs_viejos/bot_hasta_2026-09-22.log.gz,14:40:17,CIERRE,SHORT,,7586.50,7583.50,,,,,,+15.00,TAKE PROFIT
logs_viejos/bot_hasta_2026-09-22.log.gz,17:00:14,APERTURA,LONG,,7574.75,,7577.75,7571.75,,,,,
logs_viejos/bot_hasta_2026-09-22.log.gz,17:00:20,CIERRE,LONG,,7574.75,7577.75,,,,,,+15.00,TAKE PROFIT
logs_viejos/bot_hasta_2026-09-22.log.gz,20:25:42,APERTURA,SHORT,,7560.25,,7557.25,7563.25,,,,,
logs_viejos/bot_hasta_2026-09-22.log.gz,20:41:42,CIERRE,SHORT,,7560.25,7563.25,,,,,,-15.00,STOP LOSS
logs_viejos/bot_hasta_2026-09-22.log.gz,10:57:01,APERTURA,LONG,,7506.25,,7509.25,7503.25,,,,,
logs_viejos/bot_hasta_2026-09-22.log.gz,10:57:56,CIERRE,LONG,,7506.25,7509.50,,,,,,+16.25,TAKE PROFIT
logs_viejos/bot_hasta_2026-09-22.log.gz,14:39:03,APERTURA,SHORT,,7524.75,,7521.75,7527.75,,,,,
logs_viejos/bot_hasta_2026-09-22.log.gz,14:40:36,CIERRE,SHORT,,7524.75,7521.75,,,,,,+15.00,TAKE PROFIT
logs_viejos/bot_hasta_2026-09-22.log.gz,16:00:01,APERTURA,LONG,,7509.00,,7512.0,7506.0,,,,,
logs_viejos/bot_hasta_2026-09-22.log.gz,16:00:47,CIERRE,LONG,,7509.00,7505.75,,,,,,-16.25,STOP LOSS
logs_viejos/bot_hasta_2026-09-22.log.gz,16:12:03,APERTURA,SHORT,,7497.75,,7494.75,7500.75,,,,,
logs_viejos/bot_hasta_2026-09-22.log.gz,16:13:15,CIERRE,SHORT,,7497.75,7494.50,,,,,,+16.25,TAKE PROFIT
logs_viejos/bot_hasta_2026-09-22.log.gz,16:48:02,APERTURA,LONG,,7504.25,,7507.25,7501.25,,,,,
logs_viejos/bot_hasta_2026-09-22.log.gz,16:50:04,CIERRE,LONG,,7504.25,7507.75,,,,,,+17.50,TAKE PROFIT
logs_viejos/bot_hasta_2026-09-22.log.gz,17:06:12,APERTURA,SHORT,,7489.00,,7486.0,7492.0,,,,,
logs_viejos/bot_hasta_2026-09-22.log.gz,17:10:30,CIERRE,SHORT,,7489.00,7485.75,,,,,,+16.25,TAKE PROFIT
logs_viejos/bot_hasta_2026-09-22.log.gz,19:12:01,APERTURA,LONG,,7495.00,,7498.0,7492.0,,,,,
logs_viejos/bot_hasta_2026-09-22.log.gz,22:21:02,APERTURA,LONG,,7739.50,,7742.5,7736.5,,,,,
logs_viejos/bot_hasta_2026-09-22.log.gz,22:55:53,CIERRE,LONG,,7739.50,7742.50,,,,,,+15.00,TAKE PROFIT
logs_viejos/bot_hasta_2026-09-22.log.gz,23:42:11,APERTURA,SHORT,,7740.75,,7737.75,7743.75,,,,,
logs_viejos/bot_hasta_2026-09-22.log.gz,00:05:17,CIERRE,SHORT,,7740.75,7743.75,,,,,,-15.00,STOP LOSS
logs_viejos/bot_hasta_2026-09-22.log.gz,00:12:01,APERTURA,LONG,,7744.50,,7747.5,7741.5,,,,,
logs_viejos/bot_hasta_2026-09-22.log.gz,00:29:01,CIERRE,LONG,,7744.50,7747.50,,,,,,+15.00,TAKE PROFIT
logs_viejos/bot_hasta_2026-09-22.log.gz,00:45:04,APERTURA,SHORT,,7739.25,,7736.25,7742.25,,,,,
logs_viejos/bot_hasta_2026-09-22.log.gz,00:57:45,CIERRE,SHORT,,7739.25,7742.25,,,,,,-15.00,STOP LOSS
logs_viejos/bot_hasta_2026-09-22.log.gz,04:39:55,APERTURA,LONG,,7741.00,,7744.0,7738.0,,,,,
logs_viejos/bot_hasta_2026-09-22.log.gz,05:08:38,CIERRE,LONG,,7741.00,7737.00,,,,,,-20.00,STOP LOSS
logs_viejos/bot_hasta_2026-09-22.log.gz,08:27:42,APERTURA,SHORT,,7742.00,,7739.0,7745.0,,,,,
logs_viejos/bot_hasta_2026-09-22.log.gz,09:12:37,CIERRE,SHORT,,7742.00,7745.00,,,,,,-15.00,STOP LOSS
logs_viejos/bot_hasta_2026-09-22.log.gz,11:31:09,APERTURA,SHORT,,7741.00,,7738.0,7744.0,,,,,
logs_viejos/bot_hasta_2026-09-22.log.gz,11:46:43,CIERRE,SHORT,,7741.00,7764.25,,,,,,-116.25,STOP LOSS
logs_viejos/bot_hasta_2026-09-22.log.gz,12:28:44,APERTURA,LONG,,7778.25,,7781.25,7775.25,,,,,
logs_viejos/bot_hasta_2026-09-22.log.gz,12:45:01,APERTURA,SHORT,,7757.25,,7754.25,7760.25,,,,,
logs_viejos/bot_hasta_2026-09-22.log.gz,12:47:56,CIERRE,SHORT,,7757.25,7753.75,,,,,,+17.50,TAKE PROFIT
logs_viejos/bot_hasta_2026-09-22.log.gz,14:54:02,APERTURA,LONG,,7724.50,,7727.5,7721.5,,,,,
logs_viejos/bot_hasta_2026-09-22.log.gz,14:55:24,CIERRE,LONG,,7724.50,7721.25,,,,,,-16.25,STOP LOSS
logs_viejos/bot_hasta_2026-09-22.log.gz,15:40:39,APERTURA,SHORT,,7722.25,,7719.25,7725.25,,,,,
logs_viejos/bot_hasta_2026-09-22.log.gz,15:56:16,CIERRE,SHORT,,7722.25,7714.50,,,,,,+38.75,TAKE PROFIT
logs_viejos/bot_hasta_2026-09-22.log.gz,17:26:08,APERTURA,LONG,,7720.50,,7723.5,7717.5,,,,,
logs_viejos/bot_hasta_2026-09-22.log.gz,17:41:54,CIERRE,LONG,,7720.50,7721.25,,,,,,+3.75,CIERRE HORARIO
logs_viejos/bot_hasta_2026-09-22.log.gz,12:42:02,APERTURA,SHORT,,7683.75,,7680.75,7686.75,,,,,
logs_viejos/bot_hasta_2026-09-22.log.gz,12:43:17,CIERRE,SHORT,,7683.75,7686.75,,,,,,-15.00,STOP LOSS
logs_viejos/bot_hasta_2026-09-22.log.gz,12:54:01,APERTURA,LONG,,7689.00,,7692.0,7686.0,,,,,
logs_viejos/bot_hasta_2026-09-22.log.gz,12:55:55,CIERRE,LONG,,7689.00,7686.00,,,,,,-15.00,STOP LOSS
logs_viejos/bot_hasta_2026-09-22.log.gz,13:03:02,APERTURA,SHORT,,7680.25,,7677.25,7683.25,,,,,
logs_viejos/bot_hasta_2026-09-22.log.gz,13:06:14,CIERRE,SHORT,,7680.25,7677.25,,,,,,+15.00,TAKE PROFIT
logs_viejos/bot_hasta_2026-09-22.log.gz,13:33:01,APERTURA,LONG,,7685.00,,7688.0,7682.0,,,,,
logs_viejos/bot_hasta_2026-09-22.log.gz,13:38:54,CIERRE,LONG,,7685.00,7681.50,,,,,,-17.50,STOP LOSS
logs_viejos/bot_hasta_2026-09-22.log.gz,13:48:01,APERTURA,SHORT,,7683.75,,7680.75,7686.75,,,,,
logs_viejos/bot_hasta_2026-09-22.log.gz,13:51:03,CIERRE,SHORT,,7683.75,7686.75,,,,,,-15.00,STOP LOSS
logs_viejos/bot_hasta_2026-09-22.log.gz,14:30:01,APERTURA,SHORT,,7682.00,,7679.0,7685.0,,,,,
logs_viejos/bot_hasta_2026-09-22.log.gz,14:36:52,CIERRE,SHORT,,7682.00,7685.00,,,,,,-15.00,STOP LOSS
logs_viejos/bot_hasta_2026-09-22.log.gz,14:45:02,APERTURA,LONG,,7690.50,,7693.5,7687.5,,,,,
logs_viejos/bot_hasta_2026-09-22.log.gz,14:50:34,CIERRE,LONG,,7690.50,7694.00,,,,,,+17.50,TAKE PROFIT
logs_viejos/bot_hasta_2026-09-22.log.gz,15:36:02,APERTURA,SHORT,,7685.25,,7682.25,7688.25,,,,,
logs_viejos/bot_hasta_2026-09-22.log.gz,15:38:27,CIERRE,SHORT,,7685.25,7682.25,,,,,,+15.00,TAKE PROFIT
logs_viejos/bot_hasta_2026-09-22.log.gz,16:12:02,APERTURA,LONG,,7688.50,,7691.5,7685.5,,,,,
logs_viejos/bot_hasta_2026-09-22.log.gz,16:23:32,CIERRE,LONG,,7688.50,7691.75,,,,,,+16.25,TAKE PROFIT
logs_viejos/bot_hasta_2026-09-22.log.gz,22:51:01,APERTURA,LONG,,7704.25,,7707.25,7701.25,,,,,
logs_viejos/bot_hasta_2026-09-22.log.gz,23:05:59,CIERRE,LONG,,7704.25,7701.25,,,,,,-15.00,STOP LOSS
logs_viejos/bot_hasta_2026-09-22.log.gz,23:09:01,APERTURA,SHORT,,7700.75,,7697.75,7703.75,,,,,
logs_viejos/bot_hasta_2026-09-22.log.gz,23:17:00,CIERRE,SHORT,,7700.75,7697.75,,,,,,+15.00,TAKE PROFIT
logs_viejos/bot_hasta_2026-09-22.log.gz,00:03:02,APERTURA,LONG,,7698.50,,7701.5,7695.5,,,,,
logs_viejos/bot_hasta_2026-09-22.log.gz,00:30:09,CIERRE,LONG,,7698.50,7695.50,,,,,,-15.00,STOP LOSS
logs_viejos/bot_hasta_2026-09-22.log.gz,00:51:02,APERTURA,LONG,,7697.25,,7700.25,7694.25,,,,,
logs_viejos/bot_hasta_2026-09-22.log.gz,01:41:58,CIERRE,LONG,,7697.25,7694.25,,,,,,-15.00,STOP LOSS
logs_viejos/bot_hasta_2026-09-22.log.gz,02:36:02,APERTURA,LONG,,7695.75,,7698.75,7692.75,,,,,
logs_viejos/bot_hasta_2026-09-22.log.gz,02:38:10,CIERRE,LONG,,7695.75,7698.75,,,,,,+15.00,TAKE PROFIT
logs_viejos/bot_hasta_2026-09-22.log.gz,03:24:02,APERTURA,SHORT,,7698.00,,7695.0,7701.0,,,,,
logs_viejos/bot_hasta_2026-09-22.log.gz,04:01:31,CIERRE,SHORT,,7698.00,7701.25,,,,,,-16.25,STOP LOSS
logs_viejos/bot_hasta_2026-09-22.log.gz,04:06:01,APERTURA,LONG,,7703.75,,7706.75,7700.75,,,,,
logs_viejos/bot_hasta_2026-09-22.log.gz,04:10:42,CIERRE,LONG,,7703.75,7700.75,,,,,,-15.00,STOP LOSS
logs_viejos/bot_hasta_2026-09-22.log.gz,04:39:01,APERTURA,SHORT,,7694.50,,7691.5,7697.5,,,,,
logs_viejos/bot_hasta_2026-09-22.log.gz,04:42:27,CIERRE,SHORT,,7694.50,7691.50,,,,,,+15.00,TAKE PROFIT
logs_viejos/bot_hasta_2026-09-22.log.gz,12:06:12,APERTURA,SHORT,,7657.25,,7654.25,7660.25,,,,,
logs_viejos/bot_hasta_2026-09-22.log.gz,12:07:58,CIERRE,SHORT,,7657.25,7654.25,,,,,,+15.00,TAKE PROFIT
logs_viejos/bot_hasta_2026-09-22.log.gz,12:33:02,APERTURA,LONG,,7662.00,,7665.0,7659.0,,,,,
logs_viejos/bot_hasta_2026-09-22.log.gz,12:37:19,CIERRE,LONG,,7662.00,7665.00,,,,,,+15.00,TAKE PROFIT
logs_viejos/bot_hasta_2026-09-22.log.gz,13:18:01,APERTURA,SHORT,,7659.25,,7656.25,7662.25,,,,,
logs_viejos/bot_hasta_2026-09-22.log.gz,13:20:09,CIERRE,SHORT,,7659.25,7656.25,,,,,,+15.00,TAKE PROFIT
logs_viejos/bot_hasta_2026-09-22.log.gz,14:42:01,APERTURA,LONG,,7648.00,,7651.0,7645.0,,,,,
logs_viejos/bot_hasta_2026-09-22.log.gz,14:46:40,CIERRE,LONG,,7648.00,7645.00,,,,,,-15.00,STOP LOSS
logs_viejos/bot_hasta_2026-09-22.log.gz,14:57:01,APERTURA,SHORT,,7641.75,,7638.75,7644.75,,,,,
logs_viejos/bot_hasta_2026-09-22.log.gz,14:59:02,CIERRE,SHORT,,7641.75,7645.00,,,,,,-16.25,STOP LOSS
logs_viejos/bot_hasta_2026-09-22.log.gz,16:12:01,APERTURA,LONG,,7639.75,,7642.75,7636.75,,,,,
logs_viejos/bot_hasta_2026-09-22.log.gz,16:16:01,CIERRE,LONG,,7639.75,7643.00,,,,,,+16.25,TAKE PROFIT
logs_viejos/bot_hasta_2026-09-22.log.gz,16:57:01,APERTURA,SHORT,,7635.00,,7632.0,7638.0,,,,,
logs_viejos/bot_hasta_2026-09-22.log.gz,16:58:37,CIERRE,SHORT,,7635.00,7638.00,,,,,,-15.00,STOP LOSS
logs_viejos/bot_hasta_2026-09-22.log.gz,17:03:01,APERTURA,LONG,,7641.50,,7644.5,7638.5,,,,,
logs_viejos/bot_hasta_2026-09-22.log.gz,17:07:26,CIERRE,LONG,,7641.50,7644.75,,,,,,+16.25,TAKE PROFIT
logs_viejos/bot_hasta_2026-09-22.log.gz,21:42:02,APERTURA,SHORT,,7644.00,,7641.0,7647.0,,,,,
logs_viejos/bot_hasta_2026-09-22.log.gz,21:59:18,CIERRE,SHORT,,7644.00,7641.00,,,,,,+15.00,TAKE PROFIT
logs_viejos/bot_hasta_2026-09-22.log.gz,23:24:01,APERTURA,LONG,,7640.00,,7643.0,7637.0,,,,,
logs_viejos/bot_hasta_2026-09-22.log.gz,00:30:54,CIERRE,LONG,,7640.00,7637.00,,,,,,-15.00,STOP LOSS
logs_viejos/bot_hasta_2026-09-22.log.gz,03:13:08,APERTURA,LONG,,7636.00,,7639.0,7633.0,,,,,
logs_viejos/bot_hasta_2026-09-22.log.gz,03:39:59,CIERRE,LONG,,7636.00,7639.00,,,,,,+15.00,TAKE PROFIT
logs_viejos/bot_hasta_2026-09-22.log.gz,06:27:01,APERTURA,SHORT,,7624.75,,7621.75,7627.75,,,,,
logs_viejos/bot_hasta_2026-09-22.log.gz,08:15:27,CIERRE,SHORT,,7624.75,7633.75,,,,,,-45.00,STOP LOSS
logs_viejos/bot_hasta_2026-09-22.log.gz,09:02:53,APERTURA,LONG,,7645.75,,7648.75,7642.75,,,,,
logs_viejos/bot_hasta_2026-09-22.log.gz,09:18:38,CIERRE,LONG,,7645.75,7650.75,,,,,,+25.00,TAKE PROFIT
logs_viejos/bot_hasta_2026-09-22.log.gz,12:51:02,APERTURA,SHORT,,7676.75,,7673.75,7679.75,,,,,
logs_viejos/bot_hasta_2026-09-22.log.gz,12:52:24,CIERRE,SHORT,,7676.75,7680.00,,,,,,-16.25,STOP LOSS
logs_viejos/bot_hasta_2026-09-22.log.gz,13:12:02,APERTURA,LONG,,7683.00,,7686.0,7680.0,,,,,
logs_viejos/bot_hasta_2026-09-22.log.gz,13:17:08,CIERRE,LONG,,7683.00,7680.00,,,,,,-15.00,STOP LOSS
logs_viejos/bot_hasta_2026-09-22.log.gz,13:21:01,APERTURA,SHORT,,7681.25,,7678.25,7684.25,,,,,
logs_viejos/bot_hasta_2026-09-22.log.gz,13:23:43,CIERRE,SHORT,,7681.25,7678.25,,,,,,+15.00,TAKE PROFIT
logs_viejos/bot_hasta_2026-09-22.log.gz,14:06:01,APERTURA,LONG,,7680.25,,7683.25,7677.25,,,,,
logs_viejos/bot_hasta_2026-09-22.log.gz,14:07:27,CIERRE,LONG,,7680.25,7677.25,,,,,,-15.00,STOP LOSS
logs_viejos/bot_hasta_2026-09-22.log.gz,14:12:01,APERTURA,SHORT,,7674.50,,7671.5,7677.5,,,,,
logs_viejos/bot_hasta_2026-09-22.log.gz,14:18:30,CIERRE,SHORT,,7674.50,7671.50,,,,,,+15.00,TAKE PROFIT
logs_viejos/bot_hasta_2026-09-22.log.gz,14:51:02,APERTURA,LONG,,7676.50,,7679.5,7673.5,,,,,
logs_viejos/bot_hasta_2026-09-22.log.gz,14:57:54,CIERRE,LONG,,7676.50,7679.50,,,,,,+15.00,TAKE PROFIT
logs_viejos/bot_hasta_2026-09-22.log.gz,15:42:01,APERTURA,SHORT,,7673.50,,7670.5,7676.5,,,,,
logs_viejos/bot_hasta_2026-09-22.log.gz,15:50:09,CIERRE,SHORT,,7673.50,7676.50,,,,,,-15.00,STOP LOSS
logs_viejos/bot_hasta_2026-09-22.log.gz,16:15:01,APERTURA,LONG,,7680.50,,7683.5,7677.5,,,,,
logs_viejos/bot_hasta_2026-09-22.log.gz,16:20:24,CIERRE,LONG,,7680.50,7677.50,,,,,,-15.00,STOP LOSS
logs_viejos/bot_hasta_2026-09-22.log.gz,16:57:01,APERTURA,SHORT,,7676.25,,7673.25,7679.25,,,,,
logs_viejos/bot_hasta_2026-09-22.log.gz,17:00:15,CIERRE,SHORT,,7676.25,7679.25,,,,,,-15.00,STOP LOSS
logs_viejos/bot_hasta_2026-09-22.log.gz,17:09:02,APERTURA,LONG,,7681.00,,7684.0,7678.0,,,,,
logs_viejos/bot_hasta_2026-09-22.log.gz,17:15:01,CIERRE,LONG,,7681.00,7674.75,,,,,,-31.25,STOP LOSS
logs_viejos/bot_hasta_2026-09-22.log.gz,17:21:02,APERTURA,SHORT,,7670.75,,7667.75,7673.75,,,,,
logs_viejos/bot_hasta_2026-09-22.log.gz,17:30:01,CIERRE,SHORT,,7670.75,7671.00,,,,,,-1.25,CIERRE HORARIO
logs_viejos/bot_hasta_2026-09-22.log.gz,21:19:55,APERTURA,LONG,,7673.25,,7676.25,7670.25,,,,,
logs_viejos/bot_hasta_2026-09-22.log.gz,22:32:06,CIERRE,LONG,,7673.25,7678.00,,,,,,+23.75,TAKE PROFIT
logs_viejos/bot_hasta_2026-09-22.log.gz,23:49:26,APERTURA,LONG,,7678.25,,7681.25,7675.25,,,,,
logs_viejos/bot_hasta_2026-09-22.log.gz,00:34:18,CIERRE,LONG,,7678.25,7682.00,,,,,,+18.75,TAKE PROFIT
logs_viejos/bot_hasta_2026-09-22.log.gz,01:45:02,APERTURA,SHORT,,7681.00,,7678.0,7684.0,,,,,
logs_viejos/bot_hasta_2026-09-22.log.gz,02:35:01,APERTURA,LONG,,7671.00,,7674.0,7668.0,,,,,
logs_viejos/bot_hasta_2026-09-22.log.gz,02:36:30,CIERRE,LONG,,7671.00,7668.00,,,,,,-15.00,STOP LOSS
logs_viejos/bot_hasta_2026-09-22.log.gz,03:13:01,APERTURA,SHORT,,7677.25,,7674.25,7680.25,,,,,
logs_viejos/bot_hasta_2026-09-22.log.gz,03:38:38,CIERRE,SHORT,,7677.25,7674.25,,,,,,+15.00,TAKE PROFIT
logs_viejos/bot_hasta_2026-09-22.log.gz,03:44:02,APERTURA,LONG,,7676.75,,7679.75,7673.75,,,,,
logs_viejos/bot_hasta_2026-09-22.log.gz,03:50:31,CIERRE,LONG,,7676.75,7673.75,,,,,,-15.00,STOP LOSS
logs_viejos/bot_hasta_2026-09-22.log.gz,04:02:02,APERTURA,LONG,,7675.75,,7678.75,7672.75,,,,,
logs_viejos/bot_hasta_2026-09-22.log.gz,04:04:29,CIERRE,LONG,,7675.75,7679.25,,,,,,+17.50,TAKE PROFIT
logs_viejos/bot_hasta_2026-09-22.log.gz,04:27:02,APERTURA,SHORT,,7675.50,,7672.5,7678.5,,,,,
logs_viejos/bot_hasta_2026-09-22.log.gz,04:28:17,CIERRE,SHORT,,7675.50,7678.50,,,,,,-15.00,STOP LOSS
logs_viejos/bot_hasta_2026-09-22.log.gz,04:33:01,APERTURA,LONG,,7680.75,,7683.75,7677.75,,,,,
logs_viejos/bot_hasta_2026-09-22.log.gz,04:39:57,CIERRE,LONG,,7680.75,7683.75,,,,,,+15.00,TAKE PROFIT
logs_viejos/bot_hasta_2026-09-22.log.gz,04:50:01,APERTURA,SHORT,,7678.00,,7675.0,7681.0,,,,,
logs_viejos/bot_hasta_2026-09-22.log.gz,04:53:08,CIERRE,SHORT,,7678.00,7681.00,,,,,,-15.00,STOP LOSS
logs_viejos/bot_hasta_2026-09-22.log.gz,04:57:01,APERTURA,LONG,,7682.25,,7685.25,7679.25,,,,,
logs_viejos/bot_hasta_2026-09-22.log.gz,05:00:17,CIERRE,LONG,,7682.25,7685.25,,,,,,+15.00,TAKE PROFIT
logs_viejos/bot_hasta_2026-09-22.log.gz,05:16:01,APERTURA,SHORT,,7686.00,,7683.0,7689.0,,,,,
logs_viejos/bot_hasta_2026-09-22.log.gz,05:27:26,CIERRE,SHORT,,7686.00,7689.00,,,,,,-15.00,STOP LOSS
logs_viejos/bot_hasta_2026-09-22.log.gz,05:40:01,APERTURA,SHORT,,7685.50,,7682.5,7688.5,,,,,
logs_viejos/bot_hasta_2026-09-22.log.gz,06:26:09,CIERRE,SHORT,,7685.50,7682.50,,,,,,+15.00,TAKE PROFIT
logs_viejos/bot_hasta_2026-09-22.log.gz,07:09:02,APERTURA,LONG,,7676.25,,7679.25,7673.25,,,,,
logs_viejos/bot_hasta_2026-09-22.log.gz,07:12:53,CIERRE,LONG,,7676.25,7673.25,,,,,,-15.00,STOP LOSS
logs_viejos/bot_hasta_2026-09-22.log.gz,07:43:01,APERTURA,LONG,,7672.00,,7675.0,7669.0,,,,,
logs_viejos/bot_hasta_2026-09-22.log.gz,08:04:42,CIERRE,LONG,,7672.00,7675.00,,,,,,+15.00,TAKE PROFIT
logs_viejos/bot_hasta_2026-09-22.log.gz,08:33:01,APERTURA,SHORT,,7681.00,,7678.0,7684.0,,,,,
logs_viejos/bot_hasta_2026-09-22.log.gz,08:40:17,CIERRE,SHORT,,7681.00,7678.00,,,,,,+15.00,TAKE PROFIT
logs_viejos/bot_hasta_2026-09-22.log.gz,09:03:02,APERTURA,LONG,,7677.00,,7680.0,7674.0,,,,,
logs_viejos/bot_hasta_2026-09-22.log.gz,09:04:02,CIERRE,LONG,,7677.00,7674.00,,,,,,-15.00,STOP LOSS
logs_viejos/bot_hasta_2026-09-22.log.gz,09:19:01,APERTURA,SHORT,,7675.50,,7672.5,7678.5,,,,,
logs_viejos/bot_hasta_2026-09-22.log.gz,09:23:34,CIERRE,SHORT,,7675.50,7678.50,,,,,,-15.00,STOP LOSS
logs_viejos/bot_hasta_2026-09-22.log.gz,09:25:01,APERTURA,LONG,,7680.00,,7683.0,7677.0,,,,,
logs_viejos/bot_hasta_2026-09-22.log.gz,09:30:02,CIERRE,LONG,,7680.00,7691.50,,,,,,+57.50,TAKE PROFIT
logs_viejos/bot_hasta_2026-09-22.log.gz,10:06:01,APERTURA,SHORT,,7697.75,,7694.75,7700.75,,,,,
logs_viejos/bot_hasta_2026-09-22.log.gz,10:07:07,CIERRE,SHORT,,7697.75,7694.75,,,,,,+15.00,TAKE PROFIT
logs_viejos/bot_hasta_2026-09-22.log.gz,10:13:02,APERTURA,LONG,,7700.25,,7703.25,7697.25,,,,,
logs_viejos/bot_hasta_2026-09-22.log.gz,10:14:21,CIERRE,LONG,,7700.25,7703.50,,,,,,+16.25,TAKE PROFIT
logs_viejos/bot_hasta_2026-09-22.log.gz,10:24:01,APERTURA,SHORT,,7699.00,,7696.0,7702.0,,,,,
logs_viejos/bot_hasta_2026-09-22.log.gz,10:25:34,CIERRE,SHORT,,7699.00,7702.75,,,,,,-18.75,STOP LOSS
logs_viejos/bot_hasta_2026-09-22.log.gz,10:57:01,APERTURA,SHORT,,7718.50,,7715.5,7721.5,,,,,
logs_viejos/bot_hasta_2026-09-22.log.gz,10:59:58,CIERRE,SHORT,,7718.50,7721.50,,,,,,-15.00,STOP LOSS
logs_viejos/bot_hasta_2026-09-22.log.gz,11:18:02,APERTURA,LONG,,7709.75,,7712.75,7706.75,,,,,
logs_viejos/bot_hasta_2026-09-22.log.gz,11:19:40,CIERRE,LONG,,7709.75,7712.75,,,,,,+15.00,TAKE PROFIT
logs_viejos/bot_hasta_2026-09-22.log.gz,11:34:01,APERTURA,SHORT,,7707.75,,7704.75,7710.75,,,,,
logs_viejos/bot_hasta_2026-09-22.log.gz,11:34:57,CIERRE,SHORT,,7707.75,7704.50,,,,,,+16.25,TAKE PROFIT
logs_viejos/bot_hasta_2026-09-22.log.gz,11:49:01,APERTURA,LONG,,7712.75,,7715.75,7709.75,,,,,
logs_viejos/bot_hasta_2026-09-22.log.gz,11:51:24,CIERRE,LONG,,7712.75,7709.75,,,,,,-15.00,STOP LOSS
logs_viejos/bot_hasta_2026-09-22.log.gz,12:41:02,APERTURA,SHORT,,7749.75,,7746.75,7752.75,,,,,
logs_viejos/bot_hasta_2026-09-22.log.gz,12:42:35,CIERRE,SHORT,,7749.75,7752.75,,,,,,-15.00,STOP LOSS
logs_viejos/bot_hasta_2026-09-22.log.gz,12:45:01,APERTURA,LONG,,7752.25,,7755.25,7749.25,,,,,
logs_viejos/bot_hasta_2026-09-22.log.gz,12:48:41,CIERRE,LONG,,7752.25,7755.25,,,,,,+15.00,TAKE PROFIT
logs_viejos/bot_hasta_2026-09-22.log.gz,13:06:01,APERTURA,SHORT,,7754.00,,7751.0,7757.0,,,,,
logs_viejos/bot_hasta_2026-09-22.log.gz,13:07:58,CIERRE,SHORT,,7754.00,7751.00,,,,,,+15.00,TAKE PROFIT
logs_viejos/bot_hasta_2026-09-22.log.gz,13:39:02,APERTURA,LONG,,7755.00,,7758.0,7752.0,,,,,
logs_viejos/bot_hasta_2026-09-22.log.gz,13:44:11,CIERRE,LONG,,7755.00,7758.00,,,,,,+15.00,TAKE PROFIT
logs_viejos/bot_hasta_2026-09-22.log.gz,13:54:01,APERTURA,SHORT,,7753.25,,7750.25,7756.25,,,,,
logs_viejos/bot_hasta_2026-09-22.log.gz,14:09:51,CIERRE,SHORT,,7753.25,7750.25,,,,,,+15.00,TAKE PROFIT
logs_viejos/bot_hasta_2026-09-22.log.gz,14:29:02,APERTURA,LONG,,7751.75,,7754.75,7748.75,,,,,
logs_viejos/bot_hasta_2026-09-22.log.gz,14:33:34,CIERRE,LONG,,7751.75,7754.75,,,,,,+15.00,TAKE PROFIT
logs_viejos/bot_hasta_2026-09-22.log.gz,15:22:01,APERTURA,SHORT,,7763.25,,7760.25,7766.25,,,,,
logs_viejos/bot_hasta_2026-09-22.log.gz,15:56:14,CIERRE,SHORT,,7763.25,7760.25,,,,,,+15.00,TAKE PROFIT
logs_viejos/bot_hasta_2026-09-22.log.gz,16:08:02,APERTURA,LONG,,7761.50,,7764.5,7758.5,,,,,
logs_viejos/bot_hasta_2026-09-22.log.gz,16:23:51,CIERRE,LONG,,7761.50,7758.50,,,,,,-15.00,STOP LOSS
logs_viejos/bot_hasta_2026-09-22.log.gz,16:33:02,APERTURA,LONG,,7760.25,,7763.25,7757.25,,,,,
logs_viejos/bot_hasta_2026-09-22.log.gz,16:42:31,CIERRE,LONG,,7760.25,7757.25,,,,,,-15.00,STOP LOSS
logs_viejos/bot_hasta_2026-09-22.log.gz,01:20:02,APERTURA,SHORT,,7655.75,,7652.75,7658.75,,,,,
logs_viejos/bot_hasta_2026-09-22.log.gz,01:50:23,CIERRE,SHORT,,7655.75,7658.75,,,,,,-15.00,STOP LOSS
logs_viejos/bot_hasta_2026-09-22.log.gz,02:08:01,APERTURA,SHORT,,7658.50,,7655.5,7661.5,,,,,
logs_viejos/bot_hasta_2026-09-22.log.gz,02:28:53,CIERRE,SHORT,,7658.50,7662.25,,,,,,-18.75,STOP LOSS
logs_viejos/bot_hasta_2026-09-22.log.gz,02:52:01,APERTURA,SHORT,,7662.25,,7659.25,7665.25,,,,,
logs_viejos/bot_hasta_2026-09-22.log.gz,03:20:36,CIERRE,SHORT,,7662.25,7659.25,,,,,,+15.00,TAKE PROFIT
logs_viejos/bot_hasta_2026-09-22.log.gz,03:29:01,APERTURA,LONG,,7662.25,,7665.25,7659.25,,,,,
logs_viejos/bot_hasta_2026-09-22.log.gz,03:39:28,CIERRE,LONG,,7662.25,7665.25,,,,,,+15.00,TAKE PROFIT
logs_viejos/bot_hasta_2026-09-22.log.gz,03:56:01,APERTURA,SHORT,,7663.75,,7660.75,7666.75,,,,,
logs_viejos/bot_hasta_2026-09-22.log.gz,04:03:44,CIERRE,SHORT,,7663.75,7660.75,,,,,,+15.00,TAKE PROFIT
logs_viejos/bot_hasta_2026-09-22.log.gz,04:16:01,APERTURA,LONG,,7663.25,,7666.25,7660.25,,,,,
logs_viejos/bot_hasta_2026-09-22.log.gz,04:27:21,CIERRE,LONG,,7663.25,7660.25,,,,,,-15.00,STOP LOSS
logs_viejos/bot_hasta_2026-09-22.log.gz,04:45:01,APERTURA,LONG,,7660.50,,7663.5,7657.5,,,,,
logs_viejos/bot_hasta_2026-09-22.log.gz,05:15:39,CIERRE,LONG,,7660.50,7657.50,,,,,,-15.00,STOP LOSS
logs_viejos/bot_hasta_2026-09-22.log.gz,05:25:02,APERTURA,LONG,,7659.00,,7662.0,7656.0,,,,,
logs_viejos/bot_hasta_2026-09-22.log.gz,05:33:23,CIERRE,LONG,,7659.00,7656.00,,,,,,-15.00,STOP LOSS
logs_viejos/bot_hasta_2026-09-22.log.gz,05:35:11,APERTURA,SHORT,,7656.25,,7653.25,7659.25,,,,,
logs_viejos/bot_hasta_2026-09-22.log.gz,05:37:30,CIERRE,SHORT,,7656.25,7659.25,,,,,,-15.00,STOP LOSS
logs_viejos/bot_hasta_2026-09-22.log.gz,06:05:01,APERTURA,LONG,,7654.50,,7657.5,7651.5,,,,,
logs_viejos/bot_hasta_2026-09-22.log.gz,06:09:43,CIERRE,LONG,,7654.50,7651.50,,,,,,-15.00,STOP LOSS
logs_viejos/bot_hasta_2026-09-22.log.gz,06:12:01,APERTURA,SHORT,,7652.75,,7649.75,7655.75,,,,,
logs_viejos/bot_hasta_2026-09-22.log.gz,06:28:38,CIERRE,SHORT,,7652.75,7649.75,,,,,,+15.00,TAKE PROFIT
logs_viejos/bot_hasta_2026-09-22.log.gz,06:47:02,APERTURA,LONG,,7651.50,,7654.5,7648.5,,,,,
logs_viejos/bot_hasta_2026-09-22.log.gz,06:54:38,CIERRE,LONG,,7651.50,7654.50,,,,,,+15.00,TAKE PROFIT
logs_viejos/bot_hasta_2026-09-22.log.gz,07:02:01,APERTURA,SHORT,,7651.50,,7648.5,7654.5,,,,,
logs_viejos/bot_hasta_2026-09-22.log.gz,07:31:40,CIERRE,SHORT,,7651.50,7648.50,,,,,,+15.00,TAKE PROFIT
logs_viejos/bot_hasta_2026-09-22.log.gz,07:40:02,APERTURA,LONG,,7652.00,,7655.0,7649.0,,,,,
logs_viejos/bot_hasta_2026-09-22.log.gz,07:52:22,CIERRE,LONG,,7652.00,7649.00,,,,,,-15.00,STOP LOSS
logs_viejos/bot_hasta_2026-09-22.log.gz,07:58:01,APERTURA,LONG,,7651.75,,7654.75,7648.75,,,,,
logs_viejos/bot_hasta_2026-09-22.log.gz,07:59:19,CIERRE,LONG,,7651.75,7648.75,,,,,,-15.00,STOP LOSS
logs_viejos/bot_hasta_2026-09-22.log.gz,08:01:02,APERTURA,SHORT,,7648.25,,7645.25,7651.25,,,,,
logs_viejos/bot_hasta_2026-09-22.log.gz,08:02:21,CIERRE,SHORT,,7648.25,7645.25,,,,,,+15.00,TAKE PROFIT
logs_viejos/bot_hasta_2026-09-22.log.gz,08:34:01,APERTURA,LONG,,7647.00,,7650.0,7644.0,,,,,
logs_viejos/bot_hasta_2026-09-22.log.gz,08:43:16,CIERRE,LONG,,7647.00,7643.75,,,,,,-16.25,STOP LOSS
logs_viejos/bot_hasta_2026-09-22.log.gz,08:45:01,APERTURA,SHORT,,7644.75,,7641.75,7647.75,,,,,
logs_viejos/bot_hasta_2026-09-22.log.gz,08:47:57,CIERRE,SHORT,,7644.75,7641.75,,,,,,+15.00,TAKE PROFIT
logs_viejos/bot_hasta_2026-09-22.log.gz,10:04:01,APERTURA,LONG,,7606.25,,7609.25,7603.25,,,,,
logs_viejos/bot_hasta_2026-09-22.log.gz,10:07:52,CIERRE,LONG,,7606.25,7603.00,,,,,,-16.25,STOP LOSS
logs_viejos/bot_hasta_2026-09-22.log.gz,10:10:02,APERTURA,SHORT,,7603.50,,7600.5,7606.5,,,,,
logs_viejos/bot_hasta_2026-09-22.log.gz,10:14:55,CIERRE,SHORT,,7603.50,7600.50,,,,,,+15.00,TAKE PROFIT
logs_viejos/bot_hasta_2026-09-22.log.gz,10:38:05,APERTURA,LONG,,7601.00,,7604.0,7598.0,,,,,
logs_viejos/bot_hasta_2026-09-22.log.gz,10:40:00,CIERRE,LONG,,7601.00,7604.50,,,,,,+17.50,TAKE PROFIT
logs_viejos/bot_hasta_2026-09-22.log.gz,10:53:02,APERTURA,SHORT,,7594.75,,7591.75,7597.75,,,,,
logs_viejos/bot_hasta_2026-09-22.log.gz,10:55:06,CIERRE,SHORT,,7594.75,7591.75,,,,,,+15.00,TAKE PROFIT
logs_viejos/bot_hasta_2026-09-22.log.gz,11:15:02,APERTURA,LONG,,7593.75,,7596.75,7590.75,,,,,
logs_viejos/bot_hasta_2026-09-22.log.gz,11:15:22,CIERRE,LONG,,7593.75,7590.50,,,,,,-16.25,STOP LOSS
logs_viejos/bot_hasta_2026-09-22.log.gz,11:45:01,APERTURA,SHORT,,7607.50,,7604.5,7610.5,,,,,
logs_viejos/bot_hasta_2026-09-22.log.gz,11:48:00,CIERRE,SHORT,,7607.50,7604.25,,,,,,+16.25,TAKE PROFIT
logs_viejos/bot_hasta_2026-09-22.log.gz,11:55:02,APERTURA,LONG,,7612.00,,7615.0,7609.0,,,,,
logs_viejos/bot_hasta_2026-09-22.log.gz,11:55:47,CIERRE,LONG,,7612.00,7609.00,,,,,,-15.00,STOP LOSS
logs_viejos/bot_hasta_2026-09-22.log.gz,12:04:01,APERTURA,SHORT,,7607.75,,7604.75,7610.75,,,,,
logs_viejos/bot_hasta_2026-09-22.log.gz,12:05:17,CIERRE,SHORT,,7607.75,7611.00,,,,,,-16.25,STOP LOSS
logs_viejos/bot_hasta_2026-09-22.log.gz,12:08:02,APERTURA,LONG,,7612.25,,7615.25,7609.25,,,,,
logs_viejos/bot_hasta_2026-09-22.log.gz,12:09:58,CIERRE,LONG,,7612.25,7609.25,,,,,,-15.00,STOP LOSS
logs_viejos/bot_hasta_2026-09-22.log.gz,12:17:11,APERTURA,SHORT,,7609.50,,7606.5,7612.5,,,,,
logs_viejos/bot_hasta_2026-09-22.log.gz,12:21:05,CIERRE,SHORT,,7609.50,7606.50,,,,,,+15.00,TAKE PROFIT
logs_viejos/bot_hasta_2026-09-22.log.gz,12:26:02,APERTURA,LONG,,7612.50,,7615.5,7609.5,,,,,
logs_viejos/bot_hasta_2026-09-22.log.gz,12:32:40,CIERRE,LONG,,7612.50,7609.50,,,,,,-15.00,STOP LOSS
logs_viejos/bot_hasta_2026-09-22.log.gz,12:42:02,APERTURA,SHORT,,7612.25,,7609.25,7615.25,,,,,
logs_viejos/bot_hasta_2026-09-22.log.gz,12:46:41,CIERRE,SHORT,,7612.25,7609.25,,,,,,+15.00,TAKE PROFIT
logs_viejos/bot_hasta_2026-09-22.log.gz,13:33:11,APERTURA,LONG,,7602.25,,7605.25,7599.25,,,,,
logs_viejos/bot_hasta_2026-09-22.log.gz,13:34:15,CIERRE,LONG,,7602.25,7598.50,,,,,,-18.75,STOP LOSS
logs_viejos/bot_hasta_2026-09-22.log.gz,13:36:02,APERTURA,SHORT,,7593.75,,7590.75,7596.75,,,,,
logs_viejos/bot_hasta_2026-09-22.log.gz,13:36:27,CIERRE,SHORT,,7593.75,7597.00,,,,,,-16.25,STOP LOSS
logs_viejos/bot_hasta_2026-09-22.log.gz,13:41:01,APERTURA,LONG,,7602.75,,7605.75,7599.75,,,,,
logs_viejos/bot_hasta_2026-09-22.log.gz,13:43:54,CIERRE,LONG,,7602.75,7605.75,,,,,,+15.00,TAKE PROFIT
logs_viejos/bot_hasta_2026-09-22.log.gz,14:06:01,APERTURA,SHORT,,7610.50,,7607.5,7613.5,,,,,
logs_viejos/bot_hasta_2026-09-22.log.gz,14:10:32,CIERRE,SHORT,,7610.50,7613.50,,,,,,-15.00,STOP LOSS
logs_viejos/bot_hasta_2026-09-22.log.gz,14:12:01,APERTURA,LONG,,7612.50,,7615.5,7609.5,,,,,
logs_viejos/bot_hasta_2026-09-22.log.gz,14:14:37,CIERRE,LONG,,7612.50,7609.50,,,,,,-15.00,STOP LOSS
logs_viejos/bot_hasta_2026-09-22.log.gz,14:18:02,APERTURA,SHORT,,7610.00,,7607.0,7613.0,,,,,
logs_viejos/bot_hasta_2026-09-22.log.gz,14:22:56,CIERRE,SHORT,,7610.00,7607.00,,,,,,+15.00,TAKE PROFIT
logs_viejos/bot_hasta_2026-09-22.log.gz,14:53:01,APERTURA,LONG,,7603.50,,7606.5,7600.5,,,,,
logs_viejos/bot_hasta_2026-09-22.log.gz,15:02:11,CIERRE,LONG,,7603.50,7600.25,,,,,,-16.25,STOP LOSS
logs_viejos/bot_hasta_2026-09-22.log.gz,15:24:01,APERTURA,LONG,,7598.50,,7601.5,7595.5,,,,,
logs_viejos/bot_hasta_2026-09-22.log.gz,15:26:53,CIERRE,LONG,,7598.50,7595.50,,,,,,-15.00,STOP LOSS
logs_viejos/bot_hasta_2026-09-22.log.gz,15:28:01,APERTURA,SHORT,,7596.00,,7593.0,7599.0,,,,,
logs_viejos/bot_hasta_2026-09-22.log.gz,15:33:05,CIERRE,SHORT,,7596.00,7593.00,,,,,,+15.00,TAKE PROFIT
logs_viejos/bot_hasta_2026-09-22.log.gz,15:40:02,APERTURA,LONG,,7598.00,,7601.0,7595.0,,,,,
logs_viejos/bot_hasta_2026-09-22.log.gz,15:48:09,CIERRE,LONG,,7598.00,7595.00,,,,,,-15.00,STOP LOSS
logs_viejos/bot_hasta_2026-09-22.log.gz,15:52:01,APERTURA,LONG,,7601.50,,7604.5,7598.5,,,,,
logs_viejos/bot_hasta_2026-09-22.log.gz,15:57:30,CIERRE,LONG,,7601.50,7598.25,,,,,,-16.25,STOP LOSS
logs_viejos/bot_hasta_2026-09-22.log.gz,16:01:02,APERTURA,SHORT,,7595.25,,7592.25,7598.25,,,,,
logs_viejos/bot_hasta_2026-09-22.log.gz,16:09:12,CIERRE,SHORT,,7595.25,7599.00,,,,,,-18.75,STOP LOSS
logs_viejos/bot_hasta_2026-09-22.log.gz,16:11:02,APERTURA,LONG,,7597.00,,7600.0,7594.0,,,,,
logs_viejos/bot_hasta_2026-09-22.log.gz,16:18:02,CIERRE,LONG,,7597.00,7594.00,,,,,,-15.00,STOP LOSS
logs_viejos/bot_hasta_2026-09-22.log.gz,16:29:12,APERTURA,LONG,,7595.50,,7598.5,7592.5,,,,,
logs_viejos/bot_hasta_2026-09-22.log.gz,16:34:06,CIERRE,LONG,,7595.50,7598.50,,,,,,+15.00,TAKE PROFIT
logs_viejos/bot_hasta_2026-09-22.log.gz,16:53:02,APERTURA,SHORT,,7597.50,,7594.5,7600.5,,,,,
logs_viejos/bot_hasta_2026-09-22.log.gz,17:06:11,CIERRE,SHORT,,7597.50,7600.50,,,,,,-15.00,STOP LOSS
logs_viejos/bot_hasta_2026-09-22.log.gz,17:08:02,APERTURA,LONG,,7600.75,,7603.75,7597.75,,,,,
logs_viejos/bot_hasta_2026-09-22.log.gz,17:10:55,CIERRE,LONG,,7600.75,7603.75,,,,,,+15.00,TAKE PROFIT
logs_viejos/bot_hasta_2026-09-22.log.gz,22:58:01,APERTURA,LONG,,7609.25,,7612.25,7606.25,,,,,
logs_viejos/bot_hasta_2026-09-22.log.gz,23:26:46,CIERRE,LONG,,7609.25,7606.25,,,,,,-15.00,STOP LOSS
logs_viejos/bot_hasta_2026-09-22.log.gz,23:43:02,APERTURA,LONG,,7604.50,,7607.5,7601.5,,,,,
logs_viejos/bot_hasta_2026-09-22.log.gz,23:49:17,CIERRE,LONG,,7604.50,7607.50,,,,,,+15.00,TAKE PROFIT
logs_viejos/bot_hasta_2026-09-22.log.gz,23:56:01,APERTURA,SHORT,,7603.50,,7600.5,7606.5,,,,,
logs_viejos/bot_hasta_2026-09-22.log.gz,00:11:39,CIERRE,SHORT,,7603.50,7600.50,,,,,,+15.00,TAKE PROFIT
logs_viejos/bot_hasta_2026-09-22.log.gz,00:18:02,APERTURA,LONG,,7602.00,,7605.0,7599.0,,,,,
logs_viejos/bot_hasta_2026-09-22.log.gz,00:32:36,CIERRE,LONG,,7602.00,7598.50,,,,,,-17.50,STOP LOSS
logs_viejos/bot_hasta_2026-09-22.log.gz,00:41:05,APERTURA,LONG,,7601.75,,7604.75,7598.75,,,,,
logs_viejos/bot_hasta_2026-09-22.log.gz,01:02:47,CIERRE,LONG,,7601.75,7598.75,,,,,,-15.00,STOP LOSS
logs_viejos/bot_hasta_2026-09-22.log.gz,01:06:01,APERTURA,LONG,,7603.75,,7606.75,7600.75,,,,,
logs_viejos/bot_hasta_2026-09-22.log.gz,01:14:17,CIERRE,LONG,,7603.75,7607.00,,,,,,+16.25,TAKE PROFIT
logs_viejos/bot_hasta_2026-09-22.log.gz,02:01:01,APERTURA,SHORT,,7611.25,,7608.25,7614.25,,,,,
logs_viejos/bot_hasta_2026-09-22.log.gz,02:05:44,CIERRE,SHORT,,7611.25,7614.25,,,,,,-15.00,STOP LOSS
logs_viejos/bot_hasta_2026-09-22.log.gz,02:07:01,APERTURA,LONG,,7614.50,,7617.5,7611.5,,,,,
logs_viejos/bot_hasta_2026-09-22.log.gz,02:42:07,CIERRE,LONG,,7614.50,7617.50,,,,,,+15.00,TAKE PROFIT
logs_viejos/bot_hasta_2026-09-22.log.gz,03:25:02,APERTURA,SHORT,,7627.00,,7624.0,7630.0,,,,,
logs_viejos/bot_hasta_2026-09-22.log.gz,03:34:50,CIERRE,SHORT,,7627.00,7623.50,,,,,,+17.50,TAKE PROFIT
logs_viejos/bot_hasta_2026-09-22.log.gz,03:40:02,APERTURA,LONG,,7627.25,,7630.25,7624.25,,,,,
logs_viejos/bot_hasta_2026-09-22.log.gz,03:47:45,CIERRE,LONG,,7627.25,7630.25,,,,,,+15.00,TAKE PROFIT
logs_viejos/bot_hasta_2026-09-22.log.gz,04:15:01,APERTURA,SHORT,,7630.50,,7627.5,7633.5,,,,,
logs_viejos/bot_hasta_2026-09-22.log.gz,04:29:50,CIERRE,SHORT,,7630.50,7627.50,,,,,,+15.00,TAKE PROFIT
logs_viejos/bot_hasta_2026-09-22.log.gz,04:58:01,APERTURA,LONG,,7626.50,,7629.5,7623.5,,,,,
logs_viejos/bot_hasta_2026-09-22.log.gz,05:00:51,CIERRE,LONG,,7626.50,7629.50,,,,,,+15.00,TAKE PROFIT
logs_viejos/bot_hasta_2026-09-22.log.gz,05:07:01,APERTURA,SHORT,,7626.50,,7623.5,7629.5,,,,,
logs_viejos/bot_hasta_2026-09-22.log.gz,05:09:48,CIERRE,SHORT,,7626.50,7623.50,,,,,,+15.00,TAKE PROFIT
logs_viejos/bot_hasta_2026-09-22.log.gz,05:15:02,APERTURA,LONG,,7627.00,,7630.0,7624.0,,,,,
logs_viejos/bot_hasta_2026-09-22.log.gz,05:17:23,CIERRE,LONG,,7627.00,7630.00,,,,,,+15.00,TAKE PROFIT
logs_viejos/bot_hasta_2026-09-22.log.gz,06:10:01,APERTURA,SHORT,,7639.25,,7636.25,7642.25,,,,,
logs_viejos/bot_hasta_2026-09-22.log.gz,06:58:30,CIERRE,SHORT,,7639.25,7642.25,,,,,,-15.00,STOP LOSS
logs_viejos/bot_hasta_2026-09-22.log.gz,07:15:02,APERTURA,SHORT,,7642.50,,7639.5,7645.5,,,,,
logs_viejos/bot_hasta_2026-09-22.log.gz,07:45:26,CIERRE,SHORT,,7642.50,7639.50,,,,,,+15.00,TAKE PROFIT
logs_viejos/bot_hasta_2026-09-22.log.gz,08:20:01,APERTURA,LONG,,7638.75,,7641.75,7635.75,,,,,
logs_viejos/bot_hasta_2026-09-22.log.gz,08:35:37,CIERRE,LONG,,7638.75,7635.75,,,,,,-15.00,STOP LOSS
logs_viejos/bot_hasta_2026-09-22.log.gz,08:43:02,APERTURA,LONG,,7639.50,,7642.5,7636.5,,,,,
logs_viejos/bot_hasta_2026-09-22.log.gz,08:57:56,CIERRE,LONG,,7639.50,7642.50,,,,,,+15.00,TAKE PROFIT
logs_viejos/bot_hasta_2026-09-22.log.gz,09:04:01,APERTURA,SHORT,,7640.00,,7637.0,7643.0,,,,,
logs_viejos/bot_hasta_2026-09-22.log.gz,09:12:16,CIERRE,SHORT,,7640.00,7643.00,,,,,,-15.00,STOP LOSS
logs_viejos/bot_hasta_2026-09-22.log.gz,09:32:12,APERTURA,SHORT,,7635.00,,7632.0,7638.0,,,,,
logs_viejos/bot_hasta_2026-09-22.log.gz,09:32:33,CIERRE,SHORT,,7635.00,7638.00,,,,,,-15.00,STOP LOSS
logs_viejos/bot_hasta_2026-09-22.log.gz,09:38:01,APERTURA,LONG,,7646.50,,7649.5,7643.5,,,,,
logs_viejos/bot_hasta_2026-09-22.log.gz,09:39:03,CIERRE,LONG,,7646.50,7649.50,,,,,,+15.00,TAKE PROFIT
logs_viejos/bot_hasta_2026-09-22.log.gz,10:13:11,APERTURA,SHORT,,7669.25,,7666.25,7672.25,,,,,
logs_viejos/bot_hasta_2026-09-22.log.gz,10:14:01,CIERRE,SHORT,,7669.25,7666.00,,,,,,+16.25,TAKE PROFIT
logs_viejos/bot_hasta_2026-09-22.log.gz,10:35:01,APERTURA,LONG,,7674.50,,7677.5,7671.5,,,,,
logs_viejos/bot_hasta_2026-09-22.log.gz,10:35:16,CIERRE,LONG,,7674.50,7677.50,,,,,,+15.00,TAKE PROFIT
logs_viejos/bot_hasta_2026-09-22.log.gz,10:47:01,APERTURA,SHORT,,7671.25,,7668.25,7674.25,,,,,
logs_viejos/bot_hasta_2026-09-22.log.gz,10:47:52,CIERRE,SHORT,,7671.25,7668.00,,,,,,+16.25,TAKE PROFIT
logs_viejos/bot_hasta_2026-09-22.log.gz,10:58:02,APERTURA,LONG,,7675.75,,7678.75,7672.75,,,,,
logs_viejos/bot_hasta_2026-09-22.log.gz,10:59:22,CIERRE,LONG,,7675.75,7678.75,,,,,,+15.00,TAKE PROFIT
logs_viejos/bot_hasta_2026-09-22.log.gz,11:07:01,APERTURA,SHORT,,7668.25,,7665.25,7671.25,,,,,
logs_viejos/bot_hasta_2026-09-22.log.gz,11:08:36,CIERRE,SHORT,,7668.25,7671.50,,,,,,-16.25,STOP LOSS
logs_viejos/bot_hasta_2026-09-22.log.gz,11:21:02,APERTURA,LONG,,7676.50,,7679.5,7673.5,,,,,
logs_viejos/bot_hasta_2026-09-22.log.gz,11:26:10,CIERRE,LONG,,7676.50,7673.50,,,,,,-15.00,STOP LOSS
logs_viejos/bot_hasta_2026-09-22.log.gz,11:33:01,APERTURA,SHORT,,7669.75,,7666.75,7672.75,,,,,
logs_viejos/bot_hasta_2026-09-22.log.gz,11:33:31,CIERRE,SHORT,,7669.75,7666.75,,,,,,+15.00,TAKE PROFIT
logs_viejos/bot_hasta_2026-09-22.log.gz,12:03:02,APERTURA,LONG,,7661.00,,7664.0,7658.0,,,,,
logs_viejos/bot_hasta_2026-09-22.log.gz,12:05:01,CIERRE,LONG,,7661.00,7664.25,,,,,,+16.25,TAKE PROFIT
logs_viejos/bot_hasta_2026-09-22.log.gz,12:39:01,APERTURA,SHORT,,7675.00,,7672.0,7678.0,,,,,
logs_viejos/bot_hasta_2026-09-22.log.gz,12:39:33,CIERRE,SHORT,,7675.00,7678.00,,,,,,-15.00,STOP LOSS
logs_viejos/bot_hasta_2026-09-22.log.gz,12:41:01,APERTURA,LONG,,7677.50,,7680.5,7674.5,,,,,
logs_viejos/bot_hasta_2026-09-22.log.gz,12:53:02,CIERRE,LONG,,7677.50,7674.50,,,,,,-15.00,STOP LOSS
logs_viejos/bot_hasta_2026-09-22.log.gz,13:02:02,APERTURA,LONG,,7677.75,,7680.75,7674.75,,,,,
logs_viejos/bot_hasta_2026-09-22.log.gz,13:13:03,CIERRE,LONG,,7677.75,7674.25,,,,,,-17.50,STOP LOSS
logs_viejos/bot_hasta_2026-09-22.log.gz,13:35:01,APERTURA,LONG,,7673.50,,7676.5,7670.5,,,,,
logs_viejos/bot_hasta_2026-09-22.log.gz,13:36:48,CIERRE,LONG,,7673.50,7670.50,,,,,,-15.00,STOP LOSS
logs_viejos/bot_hasta_2026-09-22.log.gz,13:38:01,APERTURA,SHORT,,7670.25,,7667.25,7673.25,,,,,
logs_viejos/bot_hasta_2026-09-22.log.gz,13:39:55,CIERRE,SHORT,,7670.25,7667.25,,,,,,+15.00,TAKE PROFIT
logs_viejos/bot_hasta_2026-09-22.log.gz,13:46:01,APERTURA,LONG,,7672.50,,7675.5,7669.5,,,,,
logs_viejos/bot_hasta_2026-09-22.log.gz,14:00:08,CIERRE,LONG,,7672.50,7675.50,,,,,,+15.00,TAKE PROFIT
logs_viejos/bot_hasta_2026-09-22.log.gz,14:16:02,APERTURA,SHORT,,7674.25,,7671.25,7677.25,,,,,
logs_viejos/bot_hasta_2026-09-22.log.gz,14:20:01,CIERRE,SHORT,,7674.25,7677.25,,,,,,-15.00,STOP LOSS
logs_viejos/bot_hasta_2026-09-22.log.gz,14:37:01,APERTURA,SHORT,,7677.25,,7674.25,7680.25,,,,,
logs_viejos/bot_hasta_2026-09-22.log.gz,14:59:25,CIERRE,SHORT,,7677.25,7674.25,,,,,,+15.00,TAKE PROFIT
logs_viejos/bot_hasta_2026-09-22.log.gz,15:05:01,APERTURA,LONG,,7676.25,,7679.25,7673.25,,,,,
logs_viejos/bot_hasta_2026-09-22.log.gz,15:13:01,CIERRE,LONG,,7676.25,7673.00,,,,,,-16.25,STOP LOSS
logs_viejos/bot_hasta_2026-09-22.log.gz,15:38:01,APERTURA,LONG,,7671.25,,7674.25,7668.25,,,,,
logs_viejos/bot_hasta_2026-09-22.log.gz,15:46:14,CIERRE,LONG,,7671.25,7668.25,,,,,,-15.00,STOP LOSS
logs_viejos/bot_hasta_2026-09-22.log.gz,16:19:02,APERTURA,LONG,,7668.25,,7671.25,7665.25,,,,,
logs_viejos/bot_hasta_2026-09-22.log.gz,16:46:53,CIERRE,LONG,,7668.25,7665.25,,,,,,-15.00,STOP LOSS
logs_viejos/bot_hasta_2026-09-22.log.gz,16:48:01,APERTURA,SHORT,,7665.50,,7662.5,7668.5,,,,,
logs_viejos/bot_hasta_2026-09-22.log.gz,16:50:05,CIERRE,SHORT,,7665.50,7662.50,,,,,,+15.00,TAKE PROFIT
logs_viejos/bot_hasta_2026-09-22.log.gz,17:23:02,APERTURA,LONG,,7661.50,,7664.5,7658.5,,,,,
logs_viejos/bot_hasta_2026-09-22.log.gz,17:30:02,CIERRE,LONG,,7661.50,7660.75,,,,,,-3.75,CIERRE HORARIO
logs_viejos/bot_hasta_2026-09-22.log.gz,19:43:19,APERTURA,SHORT,,7660.75,,7657.75,7663.75,,,,,
logs_viejos/bot_hasta_2026-09-22.log.gz,18:30:23,CIERRE,SHORT,,7660.75,7660.75,,,,,,+0.00,CIERRE HORARIO
logs_viejos/bot_hasta_2026-09-22.log.gz,21:50:02,APERTURA,LONG,,7623.25,,7626.25,7620.25,,,,,
logs_viejos/bot_hasta_2026-09-22.log.gz,22:21:58,CIERRE,LONG,,7623.25,7620.25,,,,,,-15.00,STOP LOSS
logs_viejos/bot_hasta_2026-09-22.log.gz,22:28:02,APERTURA,LONG,,7623.25,,7626.25,7620.25,,,,,
logs_viejos/bot_hasta_2026-09-22.log.gz,22:39:08,CIERRE,LONG,,7623.25,7626.25,,,,,,+15.00,TAKE PROFIT
logs_viejos/bot_hasta_2026-09-22.log.gz,23:18:01,APERTURA,SHORT,,7632.25,,7629.25,7635.25,,,,,
logs_viejos/bot_hasta_2026-09-22.log.gz,23:42:15,CIERRE,SHORT,,7632.25,7629.25,,,,,,+15.00,TAKE PROFIT
logs_viejos/bot_hasta_2026-09-22.log.gz,23:50:01,APERTURA,LONG,,7631.50,,7634.5,7628.5,,,,,
logs_viejos/bot_hasta_2026-09-22.log.gz,00:00:54,CIERRE,LONG,,7631.50,7628.50,,,,,,-15.00,STOP LOSS
logs_viejos/bot_hasta_2026-09-22.log.gz,00:56:01,APERTURA,LONG,,7623.25,,7626.25,7620.25,,,,,
logs_viejos/bot_hasta_2026-09-22.log.gz,01:31:43,CIERRE,LONG,,7623.25,7620.25,,,,,,-15.00,STOP LOSS
logs_viejos/bot_hasta_2026-09-22.log.gz,01:42:02,APERTURA,LONG,,7621.75,,7624.75,7618.75,,,,,
logs_viejos/bot_hasta_2026-09-22.log.gz,02:11:54,CIERRE,LONG,,7621.75,7618.50,,,,,,-16.25,STOP LOSS
logs_viejos/bot_hasta_2026-09-22.log.gz,02:31:02,APERTURA,LONG,,7619.00,,7622.0,7616.0,,,,,
logs_viejos/bot_hasta_2026-09-22.log.gz,02:42:25,CIERRE,LONG,,7619.00,7615.75,,,,,,-16.25,STOP LOSS
logs_viejos/bot_hasta_2026-09-22.log.gz,02:56:02,APERTURA,LONG,,7618.75,,7621.75,7615.75,,,,,
logs_viejos/bot_hasta_2026-09-22.log.gz,03:01:38,CIERRE,LONG,,7618.75,7621.75,,,,,,+15.00,TAKE PROFIT
logs_viejos/bot_hasta_2026-09-22.log.gz,03:24:02,APERTURA,SHORT,,7622.25,,7619.25,7625.25,,,,,
logs_viejos/bot_hasta_2026-09-22.log.gz,03:31:53,CIERRE,SHORT,,7622.25,7619.25,,,,,,+15.00,TAKE PROFIT
logs_viejos/bot_hasta_2026-09-22.log.gz,04:07:02,APERTURA,LONG,,7613.00,,7616.0,7610.0,,,,,
logs_viejos/bot_hasta_2026-09-22.log.gz,04:39:32,CIERRE,LONG,,7613.00,7609.50,,,,,,-17.50,STOP LOSS
logs_viejos/bot_hasta_2026-09-22.log.gz,05:00:01,APERTURA,LONG,,7608.75,,7611.75,7605.75,,,,,
logs_viejos/bot_hasta_2026-09-22.log.gz,05:04:04,CIERRE,LONG,,7608.75,7611.75,,,,,,+15.00,TAKE PROFIT
logs_viejos/bot_hasta_2026-09-22.log.gz,05:15:01,APERTURA,SHORT,,7610.25,,7607.25,7613.25,,,,,
logs_viejos/bot_hasta_2026-09-22.log.gz,05:19:34,CIERRE,SHORT,,7610.25,7607.25,,,,,,+15.00,TAKE PROFIT
logs_viejos/bot_hasta_2026-09-22.log.gz,05:38:02,APERTURA,LONG,,7608.50,,7611.5,7605.5,,,,,
logs_viejos/bot_hasta_2026-09-22.log.gz,05:47:55,CIERRE,LONG,,7608.50,7605.50,,,,,,-15.00,STOP LOSS
logs_viejos/bot_hasta_2026-09-22.log.gz,06:01:01,APERTURA,LONG,,7608.75,,7611.75,7605.75,,,,,
logs_viejos/bot_hasta_2026-09-22.log.gz,06:08:14,CIERRE,LONG,,7608.75,7605.75,,,,,,-15.00,STOP LOSS
logs_viejos/bot_hasta_2026-09-22.log.gz,06:13:11,APERTURA,SHORT,,7600.50,,7597.5,7603.5,,,,,
logs_viejos/bot_hasta_2026-09-22.log.gz,06:21:30,CIERRE,SHORT,,7600.50,7597.25,,,,,,+16.25,TAKE PROFIT
logs_viejos/bot_hasta_2026-09-22.log.gz,06:32:02,APERTURA,LONG,,7599.25,,7602.25,7596.25,,,,,
logs_viejos/bot_hasta_2026-09-22.log.gz,06:39:18,CIERRE,LONG,,7599.25,7596.00,,,,,,-16.25,STOP LOSS
logs_viejos/bot_hasta_2026-09-22.log.gz,06:55:01,APERTURA,LONG,,7598.00,,7601.0,7595.0,,,,,
logs_viejos/bot_hasta_2026-09-22.log.gz,06:59:04,CIERRE,LONG,,7598.00,7595.00,,,,,,-15.00,STOP LOSS
logs_viejos/bot_hasta_2026-09-22.log.gz,07:02:01,APERTURA,LONG,,7596.50,,7599.5,7593.5,,,,,
logs_viejos/bot_hasta_2026-09-22.log.gz,07:12:21,CIERRE,LONG,,7596.50,7599.50,,,,,,+15.00,TAKE PROFIT
logs_viejos/bot_hasta_2026-09-22.log.gz,07:19:02,APERTURA,SHORT,,7596.75,,7593.75,7599.75,,,,,
logs_viejos/bot_hasta_2026-09-22.log.gz,07:20:59,CIERRE,SHORT,,7596.75,7600.00,,,,,,-16.25,STOP LOSS
logs_viejos/bot_hasta_2026-09-22.log.gz,07:22:02,APERTURA,LONG,,7601.50,,7604.5,7598.5,,,,,
logs_viejos/bot_hasta_2026-09-22.log.gz,07:28:42,CIERRE,LONG,,7601.50,7604.50,,,,,,+15.00,TAKE PROFIT
logs_viejos/bot_hasta_2026-09-22.log.gz,08:37:01,APERTURA,SHORT,,7613.25,,7610.25,7616.25,,,,,
logs_viejos/bot_hasta_2026-09-22.log.gz,08:43:11,CIERRE,SHORT,,7613.25,7616.25,,,,,,-15.00,STOP LOSS
logs_viejos/bot_hasta_2026-09-22.log.gz,08:45:01,APERTURA,LONG,,7615.00,,7618.0,7612.0,,,,,
logs_viejos/bot_hasta_2026-09-22.log.gz,08:52:38,CIERRE,LONG,,7615.00,7612.00,,,,,,-15.00,STOP LOSS
logs_viejos/bot_hasta_2026-09-22.log.gz,09:13:01,APERTURA,LONG,,7610.75,,7613.75,7607.75,,,,,
logs_viejos/bot_hasta_2026-09-22.log.gz,09:16:49,CIERRE,LONG,,7610.75,7614.50,,,,,,+18.75,TAKE PROFIT
logs_viejos/bot_hasta_2026-09-22.log.gz,09:24:01,APERTURA,SHORT,,7610.75,,7607.75,7613.75,,,,,
logs_viejos/bot_hasta_2026-09-22.log.gz,09:26:11,CIERRE,SHORT,,7610.75,7607.75,,,,,,+15.00,TAKE PROFIT
logs_viejos/bot_hasta_2026-09-22.log.gz,09:46:02,APERTURA,LONG,,7606.75,,7609.75,7603.75,,,,,
logs_viejos/bot_hasta_2026-09-22.log.gz,09:47:01,CIERRE,LONG,,7606.75,7603.75,,,,,,-15.00,STOP LOSS
logs_viejos/bot_hasta_2026-09-22.log.gz,09:56:01,APERTURA,SHORT,,7602.00,,7599.0,7605.0,,,,,
logs_viejos/bot_hasta_2026-09-22.log.gz,09:58:48,CIERRE,SHORT,,7602.00,7605.00,,,,,,-15.00,STOP LOSS
logs_viejos/bot_hasta_2026-09-22.log.gz,10:14:02,APERTURA,LONG,,7604.50,,7607.5,7601.5,,,,,
logs_viejos/bot_hasta_2026-09-22.log.gz,10:16:52,CIERRE,LONG,,7604.50,7607.50,,,,,,+15.00,TAKE PROFIT
logs_viejos/bot_hasta_2026-09-22.log.gz,10:50:11,APERTURA,LONG,,7619.25,,7622.25,7616.25,,,,,
logs_viejos/bot_hasta_2026-09-22.log.gz,10:55:35,CIERRE,LONG,,7619.25,7616.25,,,,,,-15.00,STOP LOSS
logs_viejos/bot_hasta_2026-09-22.log.gz,11:17:01,APERTURA,SHORT,,7619.25,,7616.25,7622.25,,,,,
logs_viejos/bot_hasta_2026-09-22.log.gz,11:18:17,CIERRE,SHORT,,7619.25,7616.25,,,,,,+15.00,TAKE PROFIT
logs_viejos/bot_hasta_2026-09-22.log.gz,11:47:11,APERTURA,LONG,,7603.50,,7606.5,7600.5,,,,,
logs_viejos/bot_hasta_2026-09-22.log.gz,11:47:30,CIERRE,LONG,,7603.50,7600.50,,,,,,-15.00,STOP LOSS
logs_viejos/bot_hasta_2026-09-22.log.gz,11:52:02,APERTURA,SHORT,,7600.50,,7597.5,7603.5,,,,,
logs_viejos/bot_hasta_2026-09-22.log.gz,11:53:42,CIERRE,SHORT,,7600.50,7597.50,,,,,,+15.00,TAKE PROFIT
logs_viejos/bot_hasta_2026-09-22.log.gz,12:02:06,APERTURA,LONG,,7600.25,,7603.25,7597.25,,,,,
logs_viejos/bot_hasta_2026-09-22.log.gz,12:05:41,CIERRE,LONG,,7600.25,7605.50,,,,,,+26.25,TAKE PROFIT
logs_viejos/bot_hasta_2026-09-22.log.gz,12:07:01,APERTURA,LONG,,7611.50,,7614.5,7608.5,,,,,
logs_viejos/bot_hasta_2026-09-22.log.gz,12:07:11,CIERRE,LONG,,7611.50,7608.25,,,,,,-16.25,STOP LOSS
logs_viejos/bot_hasta_2026-09-22.log.gz,13:03:01,APERTURA,SHORT,,7630.50,,7627.5,7633.5,,,,,
logs_viejos/bot_hasta_2026-09-22.log.gz,13:15:27,CIERRE,SHORT,,7630.50,7633.50,,,,,,-15.00,STOP LOSS
logs_viejos/bot_hasta_2026-09-22.log.gz,13:30:02,APERTURA,SHORT,,7636.50,,7633.5,7639.5,,,,,
logs_viejos/bot_hasta_2026-09-22.log.gz,13:45:01,CIERRE,SHORT,,7636.50,7639.50,,,,,,-15.00,STOP LOSS
logs_viejos/bot_hasta_2026-09-22.log.gz,14:00:02,APERTURA,SHORT,,7644.75,,7641.75,7647.75,,,,,
logs_viejos/bot_hasta_2026-09-22.log.gz,14:03:44,CIERRE,SHORT,,7644.75,7641.75,,,,,,+15.00,TAKE PROFIT
logs_viejos/bot_hasta_2026-09-22.log.gz,14:29:01,APERTURA,LONG,,7641.50,,7644.5,7638.5,,,,,
logs_viejos/bot_hasta_2026-09-22.log.gz,14:31:01,CIERRE,LONG,,7641.50,7644.50,,,,,,+15.00,TAKE PROFIT
logs_viejos/bot_hasta_2026-09-22.log.gz,15:00:01,APERTURA,SHORT,,7639.75,,7636.75,7642.75,,,,,
logs_viejos/bot_hasta_2026-09-22.log.gz,15:27:26,CIERRE,SHORT,,7639.75,7636.75,,,,,,+15.00,TAKE PROFIT
logs_viejos/bot_hasta_2026-09-22.log.gz,15:36:02,APERTURA,LONG,,7639.50,,7642.5,7636.5,,,,,
logs_viejos/bot_hasta_2026-09-22.log.gz,16:00:43,CIERRE,LONG,,7639.50,7636.50,,,,,,-15.00,STOP LOSS
logs_viejos/bot_hasta_2026-09-22.log.gz,16:33:02,APERTURA,LONG,,7634.75,,7637.75,7631.75,,,,,
logs_viejos/bot_hasta_2026-09-22.log.gz,16:50:08,CIERRE,LONG,,7634.75,7631.75,,,,,,-15.00,STOP LOSS
logs_viejos/bot_hasta_2026-09-22.log.gz,16:52:01,APERTURA,SHORT,,7630.75,,7627.75,7633.75,,,,,
logs_viejos/bot_hasta_2026-09-22.log.gz,16:55:02,CIERRE,SHORT,,7630.75,7626.00,,,,,,+23.75,TAKE PROFIT
logs_viejos/bot_hasta_2026-09-22.log.gz,17:22:01,APERTURA,LONG,,7625.75,,7628.75,7622.75,,,,,
logs_viejos/bot_hasta_2026-09-22.log.gz,17:30:01,CIERRE,LONG,,7625.75,7627.50,,,,,,+8.75,CIERRE HORARIO
logs_viejos/bot_hasta_2026-09-22.log.gz,20:02:01,APERTURA,SHORT,,7628.00,,7625.0,7631.0,,,,,
logs_viejos/bot_hasta_2026-09-22.log.gz,21:40:33,CIERRE,SHORT,,7628.00,7631.00,,,,,,-15.00,STOP LOSS
logs_viejos/bot_hasta_2026-09-22.log.gz,22:00:01,APERTURA,SHORT,,7630.25,,7627.25,7633.25,,,,,
logs_viejos/bot_hasta_2026-09-22.log.gz,22:16:40,CIERRE,SHORT,,7630.25,7633.25,,,,,,-15.00,STOP LOSS
logs_viejos/bot_hasta_2026-09-22.log.gz,22:27:11,APERTURA,SHORT,,7631.25,,7628.25,7634.25,,,,,
logs_viejos/bot_hasta_2026-09-22.log.gz,22:34:43,CIERRE,SHORT,,7631.25,7628.25,,,,,,+15.00,TAKE PROFIT
logs_viejos/bot_hasta_2026-09-22.log.gz,22:55:02,APERTURA,LONG,,7625.75,,7628.75,7622.75,,,,,
logs_viejos/bot_hasta_2026-09-22.log.gz,23:37:49,CIERRE,LONG,,7625.75,7622.75,,,,,,-15.00,STOP LOSS
logs_viejos/bot_hasta_2026-09-22.log.gz,23:57:01,APERTURA,LONG,,7623.50,,7626.5,7620.5,,,,,
logs_viejos/bot_hasta_2026-09-22.log.gz,07:38:05,APERTURA,LONG,,7602.50,,7605.5,7599.5,,,,,
logs_viejos/bot_hasta_2026-09-22.log.gz,08:03:19,CIERRE,LONG,,7602.50,7610.00,,,,,,+37.50,TAKE PROFIT
logs_viejos/bot_hasta_2026-09-22.log.gz,08:06:02,APERTURA,SHORT,,7609.00,,7606.0,7612.0,,,,,
logs_viejos/bot_hasta_2026-09-22.log.gz,08:09:52,CIERRE,SHORT,,7609.00,7612.00,,,,,,-15.00,STOP LOSS
logs_viejos/bot_hasta_2026-09-22.log.gz,08:39:02,APERTURA,LONG,,7611.00,,7614.0,7608.0,,,,,
logs_viejos/bot_hasta_2026-09-22.log.gz,08:58:06,CIERRE,LONG,,7611.00,7614.00,,,,,,+15.00,TAKE PROFIT
logs_viejos/bot_hasta_2026-09-22.log.gz,09:24:01,APERTURA,SHORT,,7612.00,,7609.0,7615.0,,,,,
logs_viejos/bot_hasta_2026-09-22.log.gz,09:27:25,CIERRE,SHORT,,7612.00,7615.00,,,,,,-15.00,STOP LOSS
logs_viejos/bot_hasta_2026-09-22.log.gz,09:30:02,APERTURA,LONG,,7615.00,,7618.0,7612.0,,,,,
logs_viejos/bot_hasta_2026-09-22.log.gz,09:33:18,CIERRE,LONG,,7615.00,7612.00,,,,,,-15.00,STOP LOSS
logs_viejos/bot_hasta_2026-09-22.log.gz,09:36:02,APERTURA,LONG,,7617.50,,7620.5,7614.5,,,,,
logs_viejos/bot_hasta_2026-09-22.log.gz,09:42:52,CIERRE,LONG,,7617.50,7614.50,,,,,,-15.00,STOP LOSS
logs_viejos/bot_hasta_2026-09-22.log.gz,10:01:03,APERTURA,SHORT,,7621.25,,7618.25,7624.25,,,,,
logs_viejos/bot_hasta_2026-09-22.log.gz,10:04:26,CIERRE,SHORT,,7621.25,7624.25,,,,,,-15.00,STOP LOSS
logs_viejos/bot_hasta_2026-09-22.log.gz,10:06:01,APERTURA,LONG,,7623.50,,7626.5,7620.5,,,,,
logs_viejos/bot_hasta_2026-09-22.log.gz,10:14:18,CIERRE,LONG,,7623.50,7620.50,,,,,,-15.00,STOP LOSS
logs_viejos/bot_hasta_2026-09-22.log.gz,10:26:02,APERTURA,LONG,,7623.75,,7626.75,7620.75,,,,,
logs_viejos/bot_hasta_2026-09-22.log.gz,10:28:01,CIERRE,LONG,,7623.75,7620.50,,,,,,-16.25,STOP LOSS
logs_viejos/bot_hasta_2026-09-22.log.gz,12:05:01,APERTURA,LONG,,7587.00,,7590.0,7584.0,,,,,
logs_viejos/bot_hasta_2026-09-22.log.gz,12:08:19,CIERRE,LONG,,7587.00,7584.00,,,,,,-15.00,STOP LOSS
logs_viejos/bot_hasta_2026-09-22.log.gz,12:34:01,APERTURA,SHORT,,7586.00,,7583.0,7589.0,,,,,
logs_viejos/bot_hasta_2026-09-22.log.gz,12:35:00,CIERRE,SHORT,,7586.00,7589.00,,,,,,-15.00,STOP LOSS
logs_viejos/bot_hasta_2026-09-22.log.gz,12:38:02,APERTURA,LONG,,7587.75,,7590.75,7584.75,,,,,
logs_viejos/bot_hasta_2026-09-22.log.gz,12:40:59,CIERRE,LONG,,7587.75,7590.75,,,,,,+15.00,TAKE PROFIT
logs_viejos/bot_hasta_2026-09-22.log.gz,12:49:02,APERTURA,SHORT,,7588.25,,7585.25,7591.25,,,,,
logs_viejos/bot_hasta_2026-09-22.log.gz,12:49:33,CIERRE,SHORT,,7588.25,7585.25,,,,,,+15.00,TAKE PROFIT
logs_viejos/bot_hasta_2026-09-22.log.gz,13:21:03,APERTURA,LONG,,7586.50,,7589.5,7583.5,,,,,
logs_viejos/bot_hasta_2026-09-22.log.gz,13:22:48,CIERRE,LONG,,7586.50,7589.50,,,,,,+15.00,TAKE PROFIT
logs_viejos/bot_hasta_2026-09-22.log.gz,13:50:02,APERTURA,SHORT,,7590.25,,7587.25,7593.25,,,,,
logs_viejos/bot_hasta_2026-09-22.log.gz,13:52:38,CIERRE,SHORT,,7590.25,7593.50,,,,,,-16.25,STOP LOSS
logs_viejos/bot_hasta_2026-09-22.log.gz,13:54:01,APERTURA,LONG,,7595.25,,7598.25,7592.25,,,,,
logs_viejos/bot_hasta_2026-09-22.log.gz,13:57:03,CIERRE,LONG,,7595.25,7592.25,,,,,,-15.00,STOP LOSS
logs_viejos/bot_hasta_2026-09-22.log.gz,14:04:11,APERTURA,SHORT,,7588.75,,7585.75,7591.75,,,,,
logs_viejos/bot_hasta_2026-09-22.log.gz,14:15:52,CIERRE,SHORT,,7588.75,7585.75,,,,,,+15.00,TAKE PROFIT
logs_viejos/bot_hasta_2026-09-22.log.gz,14:34:02,APERTURA,LONG,,7586.50,,7589.5,7583.5,,,,,
logs_viejos/bot_hasta_2026-09-22.log.gz,14:57:02,CIERRE,LONG,,7586.50,7589.75,,,,,,+16.25,TAKE PROFIT
logs_viejos/bot_hasta_2026-09-22.log.gz,15:21:02,APERTURA,SHORT,,7591.25,,7588.25,7594.25,,,,,
logs_viejos/bot_hasta_2026-09-22.log.gz,15:32:38,CIERRE,SHORT,,7591.25,7588.25,,,,,,+15.00,TAKE PROFIT
logs_viejos/bot_hasta_2026-09-22.log.gz,15:58:01,APERTURA,LONG,,7588.50,,7591.5,7585.5,,,,,
logs_viejos/bot_hasta_2026-09-22.log.gz,16:00:45,CIERRE,LONG,,7588.50,7591.50,,,,,,+15.00,TAKE PROFIT
logs_viejos/bot_hasta_2026-09-22.log.gz,16:13:02,APERTURA,SHORT,,7587.50,,7584.5,7590.5,,,,,
logs_viejos/bot_hasta_2026-09-22.log.gz,16:35:13,CIERRE,SHORT,,7587.50,7584.50,,,,,,+15.00,TAKE PROFIT
logs_viejos/bot_hasta_2026-09-22.log.gz,16:50:02,APERTURA,LONG,,7585.75,,7588.75,7582.75,,,,,
logs_viejos/bot_hasta_2026-09-22.log.gz,16:51:19,CIERRE,LONG,,7585.75,7582.75,,,,,,-15.00,STOP LOSS
logs_viejos/bot_hasta_2026-09-22.log.gz,16:54:02,APERTURA,SHORT,,7583.00,,7580.0,7586.0,,,,,
logs_viejos/bot_hasta_2026-09-22.log.gz,16:54:58,CIERRE,SHORT,,7583.00,7586.00,,,,,,-15.00,STOP LOSS
logs_viejos/bot_hasta_2026-09-22.log.gz,16:56:01,APERTURA,LONG,,7585.75,,7588.75,7582.75,,,,,
logs_viejos/bot_hasta_2026-09-22.log.gz,16:59:01,CIERRE,LONG,,7585.75,7588.75,,,,,,+15.00,TAKE PROFIT
logs_viejos/bot_hasta_2026-09-22.log.gz,19:58:04,APERTURA,LONG,,7600.25,,7603.25,7597.25,,,,,
logs_viejos/bot_hasta_2026-09-22.log.gz,20:14:21,CIERRE,LONG,,7600.25,7597.25,,,,,,-15.00,STOP LOSS
logs_viejos/bot_hasta_2026-09-22.log.gz,22:38:01,APERTURA,SHORT,,7595.50,,7592.5,7598.5,,,,,
logs_viejos/bot_hasta_2026-09-22.log.gz,23:27:08,CIERRE,SHORT,,7595.50,7598.50,,,,,,-15.00,STOP LOSS
logs_viejos/bot_hasta_2026-09-22.log.gz,23:44:02,APERTURA,SHORT,,7598.75,,7595.75,7601.75,,,,,
logs_viejos/bot_hasta_2026-09-22.log.gz,23:59:59,CIERRE,SHORT,,7598.75,7601.75,,,,,,-15.00,STOP LOSS
logs_viejos/bot_hasta_2026-09-22.log.gz,00:32:01,APERTURA,SHORT,,7605.75,,7602.75,7608.75,,,,,
logs_viejos/bot_hasta_2026-09-22.log.gz,01:32:54,CIERRE,SHORT,,7605.75,7602.50,,,,,,+16.25,TAKE PROFIT
logs_viejos/bot_hasta_2026-09-22.log.gz,01:49:01,APERTURA,LONG,,7603.00,,7606.0,7600.0,,,,,
logs_viejos/bot_hasta_2026-09-22.log.gz,02:44:14,CIERRE,LONG,,7603.00,7606.00,,,,,,+15.00,TAKE PROFIT
logs_viejos/bot_hasta_2026-09-22.log.gz,02:51:01,APERTURA,SHORT,,7603.75,,7600.75,7606.75,,,,,
logs_viejos/bot_hasta_2026-09-22.log.gz,03:00:39,CIERRE,SHORT,,7603.75,7606.75,,,,,,-15.00,STOP LOSS
logs_viejos/bot_hasta_2026-09-22.log.gz,03:02:01,APERTURA,LONG,,7607.25,,7610.25,7604.25,,,,,
logs_viejos/bot_hasta_2026-09-22.log.gz,03:03:41,CIERRE,LONG,,7607.25,7604.00,,,,,,-16.25,STOP LOSS
logs_viejos/bot_hasta_2026-09-22.log.gz,03:05:01,APERTURA,SHORT,,7603.75,,7600.75,7606.75,,,,,
logs_viejos/bot_hasta_2026-09-22.log.gz,03:08:02,CIERRE,SHORT,,7603.75,7606.75,,,,,,-15.00,STOP LOSS
logs_viejos/bot_hasta_2026-09-22.log.gz,03:25:02,APERTURA,SHORT,,7605.50,,7602.5,7608.5,,,,,
logs_viejos/bot_hasta_2026-09-22.log.gz,04:14:32,CIERRE,SHORT,,7605.50,7609.75,,,,,,-21.25,STOP LOSS
logs_viejos/bot_hasta_2026-09-22.log.gz,04:22:01,APERTURA,SHORT,,7606.75,,7603.75,7609.75,,,,,
logs_viejos/bot_hasta_2026-09-22.log.gz,04:30:45,CIERRE,SHORT,,7606.75,7609.75,,,,,,-15.00,STOP LOSS
logs_viejos/bot_hasta_2026-09-22.log.gz,04:39:11,APERTURA,SHORT,,7606.75,,7603.75,7609.75,,,,,
logs_viejos/bot_hasta_2026-09-22.log.gz,04:54:06,CIERRE,SHORT,,7606.75,7603.75,,,,,,+15.00,TAKE PROFIT
logs_viejos/bot_hasta_2026-09-22.log.gz,05:19:02,APERTURA,LONG,,7602.00,,7605.0,7599.0,,,,,
logs_viejos/bot_hasta_2026-09-22.log.gz,05:26:30,CIERRE,LONG,,7602.00,7599.00,,,,,,-15.00,STOP LOSS
logs_viejos/bot_hasta_2026-09-22.log.gz,05:32:02,APERTURA,LONG,,7604.00,,7607.0,7601.0,,,,,
logs_viejos/bot_hasta_2026-09-22.log.gz,05:33:51,CIERRE,LONG,,7604.00,7600.50,,,,,,-17.50,STOP LOSS
logs_viejos/bot_hasta_2026-09-22.log.gz,05:38:02,APERTURA,SHORT,,7601.00,,7598.0,7604.0,,,,,
logs_viejos/bot_hasta_2026-09-22.log.gz,05:45:09,CIERRE,SHORT,,7601.00,7604.00,,,,,,-15.00,STOP LOSS
logs_viejos/bot_hasta_2026-09-22.log.gz,06:20:02,APERTURA,SHORT,,7599.50,,7596.5,7602.5,,,,,
logs_viejos/bot_hasta_2026-09-22.log.gz,06:25:58,CIERRE,SHORT,,7599.50,7602.50,,,,,,-15.00,STOP LOSS
logs_viejos/bot_hasta_2026-09-22.log.gz,06:35:02,APERTURA,LONG,,7602.75,,7605.75,7599.75,,,,,
logs_viejos/bot_hasta_2026-09-22.log.gz,06:40:27,CIERRE,LONG,,7602.75,7606.25,,,,,,+17.50,TAKE PROFIT
logs_viejos/bot_hasta_2026-09-22.log.gz,07:05:01,APERTURA,SHORT,,7605.00,,7602.0,7608.0,,,,,
logs_viejos/bot_hasta_2026-09-22.log.gz,08:00:00,CIERRE,SHORT,,7605.00,7609.75,,,,,,-23.75,STOP LOSS
logs_viejos/bot_hasta_2026-09-22.log.gz,08:01:02,APERTURA,LONG,,7613.25,,7616.25,7610.25,,,,,
logs_viejos/bot_hasta_2026-09-22.log.gz,08:01:19,CIERRE,LONG,,7613.25,7610.25,,,,,,-15.00,STOP LOSS
logs_viejos/bot_hasta_2026-09-22.log.gz,08:16:01,APERTURA,SHORT,,7605.75,,7602.75,7608.75,,,,,
logs_viejos/bot_hasta_2026-09-22.log.gz,08:24:37,CIERRE,SHORT,,7605.75,7608.75,,,,,,-15.00,STOP LOSS
logs_viejos/bot_hasta_2026-09-22.log.gz,08:26:12,APERTURA,LONG,,7609.50,,7612.5,7606.5,,,,,
logs_viejos/bot_hasta_2026-09-22.log.gz,08:37:28,CIERRE,LONG,,7609.50,7612.50,,,,,,+15.00,TAKE PROFIT
logs_viejos/bot_hasta_2026-09-22.log.gz,09:18:11,APERTURA,SHORT,,7616.00,,7613.0,7619.0,,,,,
logs_viejos/bot_hasta_2026-09-22.log.gz,09:24:59,CIERRE,SHORT,,7616.00,7613.00,,,,,,+15.00,TAKE PROFIT
logs_viejos/bot_hasta_2026-09-22.log.gz,09:32:02,APERTURA,LONG,,7615.00,,7618.0,7612.0,,,,,
logs_viejos/bot_hasta_2026-09-22.log.gz,09:36:33,CIERRE,LONG,,7615.00,7612.00,,,,,,-15.00,STOP LOSS
logs_viejos/bot_hasta_2026-09-22.log.gz,09:52:01,APERTURA,LONG,,7613.00,,7616.0,7610.0,,,,,
logs_viejos/bot_hasta_2026-09-22.log.gz,09:53:55,CIERRE,LONG,,7613.00,7610.00,,,,,,-15.00,STOP LOSS
logs_viejos/bot_hasta_2026-09-22.log.gz,09:57:02,APERTURA,SHORT,,7610.75,,7607.75,7613.75,,,,,
logs_viejos/bot_hasta_2026-09-22.log.gz,09:59:48,CIERRE,SHORT,,7610.75,7613.75,,,,,,-15.00,STOP LOSS
logs_viejos/bot_hasta_2026-09-22.log.gz,10:03:02,APERTURA,SHORT,,7608.50,,7605.5,7611.5,,,,,
logs_viejos/bot_hasta_2026-09-22.log.gz,10:12:10,CIERRE,SHORT,,7608.50,7611.50,,,,,,-15.00,STOP LOSS
logs_viejos/bot_hasta_2026-09-22.log.gz,10:34:01,APERTURA,SHORT,,7609.25,,7606.25,7612.25,,,,,
logs_viejos/bot_hasta_2026-09-22.log.gz,10:36:18,CIERRE,SHORT,,7609.25,7606.25,,,,,,+15.00,TAKE PROFIT
logs_viejos/bot_hasta_2026-09-22.log.gz,10:48:02,APERTURA,LONG,,7613.75,,7616.75,7610.75,,,,,
logs_viejos/bot_hasta_2026-09-22.log.gz,10:49:24,CIERRE,LONG,,7613.75,7610.75,,,,,,-15.00,STOP LOSS
logs_viejos/bot_hasta_2026-09-22.log.gz,11:05:02,APERTURA,SHORT,,7611.50,,7608.5,7614.5,,,,,
logs_viejos/bot_hasta_2026-09-22.log.gz,11:06:34,CIERRE,SHORT,,7611.50,7608.50,,,,,,+15.00,TAKE PROFIT
logs_viejos/bot_hasta_2026-09-22.log.gz,11:43:02,APERTURA,LONG,,7612.25,,7615.25,7609.25,,,,,
logs_viejos/bot_hasta_2026-09-22.log.gz,11:47:01,APERTURA,SHORT,,7614.00,,7611.0,7617.0,,,,,
logs_viejos/bot_hasta_2026-09-22.log.gz,11:50:00,CIERRE,SHORT,,7614.00,7611.00,,,,,,+15.00,TAKE PROFIT
logs_viejos/bot_hasta_2026-09-22.log.gz,12:08:01,APERTURA,LONG,,7623.00,,7626.0,7620.0,,,,,
logs_viejos/bot_hasta_2026-09-22.log.gz,12:12:35,CIERRE,LONG,,7623.00,7620.00,,,,,,-15.00,STOP LOSS
logs_viejos/bot_hasta_2026-09-22.log.gz,12:18:02,APERTURA,SHORT,,7620.00,,7617.0,7623.0,,,,,
logs_viejos/bot_hasta_2026-09-22.log.gz,12:25:51,CIERRE,SHORT,,7620.00,7623.00,,,,,,-15.00,STOP LOSS
logs_viejos/bot_hasta_2026-09-22.log.gz,12:27:02,APERTURA,LONG,,7621.75,,7624.75,7618.75,,,,,
logs_viejos/bot_hasta_2026-09-22.log.gz,12:28:56,CIERRE,LONG,,7621.75,7618.75,,,,,,-15.00,STOP LOSS
logs_viejos/bot_hasta_2026-09-22.log.gz,12:30:12,APERTURA,SHORT,,7619.00,,7616.0,7622.0,,,,,
logs_viejos/bot_hasta_2026-09-22.log.gz,12:32:22,CIERRE,SHORT,,7619.00,7615.75,,,,,,+16.25,TAKE PROFIT
logs_viejos/bot_hasta_2026-09-22.log.gz,12:41:02,APERTURA,LONG,,7620.50,,7623.5,7617.5,,,,,
logs_viejos/bot_hasta_2026-09-22.log.gz,12:47:11,CIERRE,LONG,,7620.50,7629.50,,,,,,+45.00,TAKE PROFIT
logs_viejos/bot_hasta_2026-09-22.log.gz,13:01:01,APERTURA,SHORT,,7622.25,,7619.25,7625.25,,,,,
logs_viejos/bot_hasta_2026-09-22.log.gz,13:02:30,CIERRE,SHORT,,7622.25,7619.25,,,,,,+15.00,TAKE PROFIT
logs_viejos/bot_hasta_2026-09-22.log.gz,13:47:02,APERTURA,LONG,,7615.75,,7618.75,7612.75,,,,,
logs_viejos/bot_hasta_2026-09-22.log.gz,13:52:17,CIERRE,LONG,,7615.75,7612.50,,,,,,-16.25,STOP LOSS
logs_viejos/bot_hasta_2026-09-22.log.gz,14:16:01,APERTURA,LONG,,7611.75,,7614.75,7608.75,,,,,
logs_viejos/bot_hasta_2026-09-22.log.gz,14:30:14,CIERRE,LONG,,7611.75,7614.75,,,,,,+15.00,TAKE PROFIT
logs_viejos/bot_hasta_2026-09-22.log.gz,14:34:02,APERTURA,SHORT,,7612.00,,7609.0,7615.0,,,,,
logs_viejos/bot_hasta_2026-09-22.log.gz,14:41:30,CIERRE,SHORT,,7612.00,7609.00,,,,,,+15.00,TAKE PROFIT
logs_viejos/bot_hasta_2026-09-22.log.gz,14:53:01,APERTURA,LONG,,7612.50,,7615.5,7609.5,,,,,
logs_viejos/bot_hasta_2026-09-22.log.gz,14:58:26,CIERRE,LONG,,7612.50,7615.50,,,,,,+15.00,TAKE PROFIT
logs_viejos/bot_hasta_2026-09-22.log.gz,15:03:01,APERTURA,SHORT,,7612.25,,7609.25,7615.25,,,,,
logs_viejos/bot_hasta_2026-09-22.log.gz,15:04:30,CIERRE,SHORT,,7612.25,7616.00,,,,,,-18.75,STOP LOSS
logs_viejos/bot_hasta_2026-09-22.log.gz,15:06:12,APERTURA,LONG,,7619.50,,7622.5,7616.5,,,,,
logs_viejos/bot_hasta_2026-09-22.log.gz,15:06:48,CIERRE,LONG,,7619.50,7616.50,,,,,,-15.00,STOP LOSS
logs_viejos/bot_hasta_2026-09-22.log.gz,15:16:01,APERTURA,SHORT,,7613.25,,7610.25,7616.25,,,,,
logs_viejos/bot_hasta_2026-09-22.log.gz,15:22:40,CIERRE,SHORT,,7613.25,7616.75,,,,,,-17.50,STOP LOSS
logs_viejos/bot_hasta_2026-09-22.log.gz,15:44:02,APERTURA,LONG,,7613.25,,7616.25,7610.25,,,,,
logs_viejos/bot_hasta_2026-09-22.log.gz,15:44:49,CIERRE,LONG,,7613.25,7609.75,,,,,,-17.50,STOP LOSS
logs_viejos/bot_hasta_2026-09-22.log.gz,15:50:01,APERTURA,SHORT,,7589.50,,7586.5,7592.5,,,,,
logs_viejos/bot_hasta_2026-09-22.log.gz,15:50:55,CIERRE,SHORT,,7589.50,7586.50,,,,,,+15.00,TAKE PROFIT
logs_viejos/bot_hasta_2026-09-22.log.gz,16:32:02,APERTURA,LONG,,7529.75,,7532.75,7526.75,,,,,
logs_viejos/bot_hasta_2026-09-22.log.gz,16:32:13,CIERRE,LONG,,7529.75,7533.25,,,,,,+17.50,TAKE PROFIT
logs_viejos/bot_hasta_2026-09-22.log.gz,17:14:02,APERTURA,SHORT,,7554.75,,7551.75,7557.75,,,,,
logs_viejos/bot_hasta_2026-09-22.log.gz,17:26:19,CIERRE,SHORT,,7554.75,7551.75,,,,,,+15.00,TAKE PROFIT
logs_viejos/bot_hasta_2026-09-22.log.gz,19:07:11,APERTURA,LONG,,7558.50,,7561.5,7555.5,,,,,
logs_viejos/bot_hasta_2026-09-22.log.gz,19:18:10,CIERRE,LONG,,7558.50,7561.75,,,,,,+16.25,TAKE PROFIT
logs_viejos/bot_hasta_2026-09-22.log.gz,19:53:01,APERTURA,SHORT,,7568.00,,7565.0,7571.0,,,,,
logs_viejos/bot_hasta_2026-09-22.log.gz,20:01:58,CIERRE,SHORT,,7568.00,7571.50,,,,,,-17.50,STOP LOSS
logs_viejos/bot_hasta_2026-09-22.log.gz,20:03:02,APERTURA,LONG,,7569.50,,7572.5,7566.5,,,,,
logs_viejos/bot_hasta_2026-09-22.log.gz,20:09:44,CIERRE,LONG,,7569.50,7572.50,,,,,,+15.00,TAKE PROFIT
logs_viejos/bot_hasta_2026-09-22.log.gz,21:31:02,APERTURA,SHORT,,7589.75,,7586.75,7592.75,,,,,
logs_viejos/bot_hasta_2026-09-22.log.gz,21:31:40,CIERRE,SHORT,,7589.75,7593.00,,,,,,-16.25,STOP LOSS
logs_viejos/bot_hasta_2026-09-22.log.gz,21:33:02,APERTURA,LONG,,7594.25,,7597.25,7591.25,,,,,
logs_viejos/bot_hasta_2026-09-22.log.gz,21:39:19,CIERRE,LONG,,7594.25,7597.25,,,,,,+15.00,TAKE PROFIT
logs_viejos/bot_hasta_2026-09-22.log.gz,21:53:01,APERTURA,SHORT,,7594.50,,7591.5,7597.5,,,,,
logs_viejos/bot_hasta_2026-09-22.log.gz,21:56:53,CIERRE,SHORT,,7594.50,7597.50,,,,,,-15.00,STOP LOSS
logs_viejos/bot_hasta_2026-09-22.log.gz,21:59:01,APERTURA,LONG,,7597.75,,7600.75,7594.75,,,,,
logs_viejos/bot_hasta_2026-09-22.log.gz,22:07:12,CIERRE,LONG,,7597.75,7600.75,,,,,,+15.00,TAKE PROFIT
logs_viejos/bot_hasta_2026-09-22.log.gz,22:12:01,APERTURA,SHORT,,7595.00,,7592.0,7598.0,,,,,
logs_viejos/bot_hasta_2026-09-22.log.gz,22:56:19,CIERRE,SHORT,,7595.00,7592.00,,,,,,+15.00,TAKE PROFIT
logs_viejos/bot_hasta_2026-09-22.log.gz,23:06:01,APERTURA,LONG,,7595.00,,7598.0,7592.0,,,,,
logs_viejos/bot_hasta_2026-09-22.log.gz,23:27:02,CIERRE,LONG,,7595.00,7598.00,,,,,,+15.00,TAKE PROFIT
logs_viejos/bot_hasta_2026-09-22.log.gz,23:55:02,APERTURA,SHORT,,7598.00,,7595.0,7601.0,,,,,
logs_viejos/bot_hasta_2026-09-22.log.gz,00:25:31,CIERRE,SHORT,,7598.00,7601.00,,,,,,-15.00,STOP LOSS
logs_viejos/bot_hasta_2026-09-22.log.gz,00:53:02,APERTURA,SHORT,,7600.50,,7597.5,7603.5,,,,,
logs_viejos/bot_hasta_2026-09-22.log.gz,23:19:02,APERTURA,SHORT,,7634.50,,7631.5,7637.5,,,,,
logs_viejos/bot_hasta_2026-09-22.log.gz,23:49:02,APERTURA,SHORT,,7636.50,,7633.5,7639.5,,,,,
logs_viejos/bot_hasta_2026-09-22.log.gz,00:07:32,CIERRE,SHORT,,7636.50,7639.50,,,,,,-15.00,STOP LOSS
logs_viejos/bot_hasta_2026-09-22.log.gz,00:13:02,APERTURA,LONG,,7641.50,,7644.5,7638.5,,,,,
logs_viejos/bot_hasta_2026-09-22.log.gz,00:53:02,CIERRE,LONG,,7641.50,7646.00,,,,,,+22.50,TAKE PROFIT
logs_viejos/bot_hasta_2026-09-22.log.gz,01:21:01,APERTURA,SHORT,,7646.25,,7643.25,7649.25,,,,,
logs_viejos/bot_hasta_2026-09-22.log.gz,01:31:50,CIERRE,SHORT,,7646.25,7649.25,,,,,,-15.00,STOP LOSS
logs_viejos/bot_hasta_2026-09-22.log.gz,09:36:01,APERTURA,LONG,,7636.50,,7639.5,7633.5,,,,,
logs_viejos/bot_hasta_2026-09-22.log.gz,09:37:42,CIERRE,LONG,,7636.50,7633.50,,,,,,-15.00,STOP LOSS
logs_viejos/bot_hasta_2026-09-22.log.gz,09:51:02,APERTURA,SHORT,,7634.50,,7631.5,7637.5,,,,,
logs_viejos/bot_hasta_2026-09-22.log.gz,10:24:52,CIERRE,SHORT,,7634.50,7631.25,,,,,,+16.25,TAKE PROFIT
logs_viejos/bot_hasta_2026-09-22.log.gz,10:31:01,APERTURA,LONG,,7641.25,,7644.25,7638.25,,,,,
logs_viejos/bot_hasta_2026-09-22.log.gz,17:30:02,CIERRE,LONG,,7641.25,7641.25,,,,,,+0.00,CIERRE HORARIO
logs_viejos/bot_hasta_2026-09-22.log.gz,21:17:02,APERTURA,SHORT,,7832.75,,7829.75,7835.75,,,,,
logs_viejos/bot_hasta_2026-09-22.log.gz,21:43:02,APERTURA,LONG,,7831.50,,7834.5,7828.5,,,,,
bot.log.txt,21:29:03,APERTURA,LONG,,6854.25,,6864.25,,,,,,
bot.log.txt,21:31:34,CIERRE,LONG,,6854.25,6856.00,,,,,,+87.50,CRUCE CONTRARIO
bot.log.txt,21:32:27,APERTURA,LONG,,6856.50,,6866.50,,,,,,
bot.log.txt,21:32:44,CIERRE,LONG,,6856.50,6856.50,,,,,,+0.00,CRUCE CONTRARIO
bot.log.txt,21:34:44,APERTURA,SHORT,,6856.75,,6846.75,,,,,,
bot.log.txt,21:35:58,CIERRE,SHORT,,6856.75,6857.25,,,,,,-25.00,CRUCE CONTRARIO
bot.log.txt,21:36:09,APERTURA,SHORT,,6856.75,,6846.75,,,,,,
bot.log.txt,21:36:47,CIERRE,SHORT,,6856.75,6857.00,,,,,,-12.50,CRUCE CONTRARIO
bot.log.txt,21:37:09,APERTURA,SHORT,,6856.75,,6846.75,,,,,,
bot.log.txt,21:37:42,CIERRE,SHORT,,6856.75,6857.50,,,,,,-37.50,CRUCE CONTRARIO
bot.log.txt,21:39:21,APERTURA,SHORT,,6857.50,,6847.50,,,,,,
bot.log.txt,21:39:53,CIERRE,SHORT,,6857.50,6858.25,,,,,,-37.50,CRUCE CONTRARIO
bot.log.txt,21:40:21,APERTURA,SHORT,,6857.50,,6847.50,,,,,,
bot.log.txt,21:42:23,APERTURA,SHORT,,6857.50,,6847.50,,,,,,
bot.log.txt,21:42:56,CIERRE,SHORT,,6857.50,6858.50,,,,,,-50.00,CRUCE CONTRARIO
bot.log.txt,21:44:21,APERTURA,SHORT,,6858.00,,6848.00,,,,,,
bot.log.txt,21:45:09,CIERRE,SHORT,,6858.00,6858.75,,,,,,-37.50,CRUCE CONTRARIO
bot.log.txt,21:48:38,APERTURA,SHORT,,6860.00,,6850.00,,,,,,
bot.log.txt,21:49:48,CIERRE,SHORT,,6860.00,6860.00,,,,,,+0.00,CRUCE CONTRARIO
bot.log.txt,21:49:54,APERTURA,SHORT,,6860.00,,6850.00,,,,,,
bot.log.txt,21:50:17,CIERRE,SHORT,,6860.00,6860.50,,,,,,-25.00,CRUCE CONTRARIO
bot.log.txt,21:51:17,APERTURA,SHORT,,6859.75,,6849.75,,,,,,
bot.log.txt,21:53:19,CIERRE,SHORT,,6859.75,6859.75,,,,,,+0.00,CRUCE CONTRARIO
bot.log.txt,21:53:26,APERTURA,SHORT,,6859.75,,6849.75,,,,,,
bot.log.txt,21:54:52,CIERRE,SHORT,,6859.75,6859.50,,,,,,+12.50,CRUCE CONTRARIO
bot.log.txt,21:54:58,APERTURA,SHORT,,6859.50,,6849.50,,,,,,
bot.log.txt,21:56:13,CIERRE,SHORT,,6859.50,6859.25,,,,,,+12.50,CRUCE CONTRARIO
bot.log.txt,21:58:52,APERTURA,LONG,,6859.25,,6869.25,,,,,,
bot.log.txt,22:03:44,CIERRE,LONG,,6859.25,6859.75,,,,,,+25.00,CRUCE CONTRARIO
bot.log.txt,22:05:20,APERTURA,LONG,,6860.00,,6870.00,,,,,,
bot.log.txt,22:06:14,CIERRE,LONG,,6860.00,6859.50,,,,,,-25.00,CRUCE CONTRARIO
bot.log.txt,22:07:40,APERTURA,LONG,,6860.00,,6870.00,,,,,,
bot.log.txt,22:24:18,APERTURA,LONG,,6862.00,,6872.00,,,,,,
bot.log.txt,22:25:26,CIERRE,LONG,,6862.00,6861.50,,,,,,-25.00,CRUCE CONTRARIO
bot.log.txt,22:26:40,APERTURA,LONG,,6862.00,,6872.00,,,,,,
bot.log.txt,22:28:20,CIERRE,LONG,,6862.00,6862.50,,,,,,+25.00,CRUCE CONTRARIO
bot.log.txt,22:28:37,APERTURA,LONG,,6862.50,,6872.50,,,,,,
bot.log.txt,22:30:12,CIERRE,LONG,,6862.50,6862.25,,,,,,-12.50,CRUCE CONTRARIO
bot.log.txt,22:44:20,APERTURA,SHORT,,6867.75,,6857.75,,,,,,
bot.log.txt,22:44:58,CIERRE,SHORT,,6867.75,6867.50,,,,,,+12.50,CRUCE CONTRARIO
bot.log.txt,22:45:09,APERTURA,LONG,,6868.25,,6878.25,,,,,,
bot.log.txt,22:45:31,CIERRE,LONG,,6868.25,6868.00,,,,,,-12.50,CRUCE CONTRARIO
bot.log.txt,22:46:24,APERTURA,SHORT,,6868.00,,6858.00,,,,,,
bot.log.txt,22:46:41,CIERRE,SHORT,,6868.00,6868.75,,,,,,-37.50,CRUCE CONTRARIO
bot.log.txt,22:47:19,APERTURA,SHORT,,6867.75,,6857.75,,,,,,
bot.log.txt,22:48:38,CIERRE,SHORT,,6867.75,6868.25,,,,,,-25.00,CRUCE CONTRARIO
bot.log.txt,22:48:55,APERTURA,SHORT,,6867.75,,6857.75,,,,,,
bot.log.txt,22:49:12,CIERRE,SHORT,,6867.75,6868.00,,,,,,-12.50,CRUCE CONTRARIO
bot.log.txt,22:51:20,APERTURA,SHORT,,6867.75,,6857.75,,,,,,
bot.log.txt,22:54:02,CIERRE,SHORT,,6867.75,6868.50,,,,,,-37.50,CRUCE CONTRARIO
bot.log.txt,22:55:11,APERTURA,SHORT,,6867.50,,6857.50,,,,,,
bot.log.txt,22:58:03,CIERRE,SHORT,,6867.50,6867.75,,,,,,-12.50,CRUCE CONTRARIO
bot.log.txt,22:59:32,APERTURA,SHORT,,6868.00,,6858.00,,,,,,
bot.log.txt,23:00:04,CIERRE,SHORT,,6868.00,6868.50,,,,,,-25.00,CRUCE CONTRARIO
bot.log.txt,23:00:11,APERTURA,SHORT,,6867.25,,6857.25,,,,,,
bot.log.txt,23:04:05,CIERRE,SHORT,,6867.25,6866.75,,,,,,+25.00,CRUCE CONTRARIO
bot.log.txt,23:04:59,APERTURA,LONG,,6866.75,,6876.75,,,,,,
bot.log.txt,23:06:02,CIERRE,LONG,,6866.75,6866.75,,,,,,+0.00,CRUCE CONTRARIO
bot.log.txt,23:06:08,APERTURA,SHORT,,6866.50,,6856.50,,,,,,
bot.log.txt,23:07:02,CIERRE,SHORT,,6866.50,6866.50,,,,,,+0.00,CRUCE CONTRARIO
bot.log.txt,23:07:08,APERTURA,SHORT,,6866.50,,6856.50,,,,,,
bot.log.txt,23:09:03,CIERRE,SHORT,,6866.50,6866.00,,,,,,+25.00,CRUCE CONTRARIO
bot.log.txt,23:10:33,APERTURA,SHORT,,6866.00,,6856.00,,,,,,
bot.log.txt,23:12:02,CIERRE,SHORT,,6866.00,6866.50,,,,,,-25.00,CRUCE CONTRARIO
bot.log.txt,23:12:24,APERTURA,SHORT,,6865.75,,6855.75,,,,,,
bot.log.txt,23:16:03,CIERRE,SHORT,,6865.75,6864.00,,,,,,+87.50,CRUCE CONTRARIO
bot.log.txt,23:18:24,APERTURA,SHORT,,6864.25,,6854.25,,,,,,
bot.log.txt,23:30:22,APERTURA,LONG,1,6861.25,,6871.25,,,,,,
bot.log.txt,23:31:04,CIERRE,LONG,,6861.25,6860.50,,,,,,-37.50,CRUCE CONTRARIO
bot.log.txt,23:31:05,APERTURA,SHORT,1,6860.50,,6850.50,,,,,,
bot.log.txt,23:33:01,CIERRE,SHORT,,6860.50,6861.00,,,,,,-25.00,CRUCE CONTRARIO
bot.log.txt,23:33:02,APERTURA,LONG,1,6861.00,,6871.00,,,,,,
bot.log.txt,23:35:09,APERTURA,LONG,1,6862.50,,6872.50,,,,,,
bot.log.txt,23:36:32,APERTURA,SHORT,1,6862.00,,6852.00,,,,,,
bot.log.txt,23:37:05,CIERRE,SHORT,,6862.00,6862.25,,,,,,-12.50,CRUCE CONTRARIO
bot.log.txt,23:37:06,APERTURA,LONG,1,6862.25,,6872.25,,,,,,
bot.log.txt,23:38:05,CIERRE,LONG,,6862.25,6861.75,,,,,,-25.00,CRUCE CONTRARIO
bot.log.txt,23:38:06,APERTURA,SHORT,1,6861.75,,6851.75,,,,,,
bot.log.txt,23:40:01,CIERRE,SHORT,,6861.75,6861.75,,,,,,+0.00,CRUCE CONTRARIO
bot.log.txt,23:40:03,APERTURA,LONG,1,6861.75,,6871.75,,,,,,
bot.log.txt,23:41:01,CIERRE,LONG,,6861.75,6861.50,,,,,,-12.50,CRUCE CONTRARIO
bot.log.txt,23:41:03,APERTURA,SHORT,1,6861.50,,6851.50,,,,,,
bot.log.txt,23:43:03,CIERRE,SHORT,,6861.50,6862.00,,,,,,-25.00,CRUCE CONTRARIO
bot.log.txt,23:43:04,APERTURA,LONG,1,6862.00,,6872.00,,,,,,
bot.log.txt,13:29:43,APERTURA,SHORT,1,6860.00,,6850.00,,,,,,
bot.log.txt,13:33:05,CIERRE,SHORT,,6860.00,6858.75,,,,,,+62.50,CRUCE CONTRARIO
bot.log.txt,13:33:07,APERTURA,LONG,1,6858.75,,6868.75,,,,,,
bot.log.txt,13:35:02,CIERRE,LONG,,6858.75,6861.00,,,,,,+112.50,CRUCE CONTRARIO
bot.log.txt,13:35:04,APERTURA,SHORT,1,6861.00,,6851.00,,,,,,
bot.log.txt,13:39:03,CIERRE,SHORT,,6861.00,6858.25,,,,,,+137.50,CRUCE CONTRARIO
bot.log.txt,13:39:45,CIERRE,SHORT,,6861.00,6858.50,,,,,,+125.00,CRUCE CONTRARIO
bot.log.txt,13:39:47,APERTURA,LONG,1,6858.50,,6868.50,,,,,,
bot.log.txt,13:40:04,CIERRE,LONG,,6858.50,6857.00,,,,,,-75.00,CRUCE CONTRARIO
bot.log.txt,13:40:05,APERTURA,SHORT,1,6857.00,,6847.00,,,,,,
bot.log.txt,13:41:03,CIERRE,SHORT,,6857.00,6857.50,,,,,,-25.00,CRUCE CONTRARIO
bot.log.txt,13:41:05,APERTURA,LONG,1,6857.50,,6867.50,,,,,,
bot.log.txt,13:43:05,CIERRE,LONG,,6857.50,6855.25,,,,,,-112.50,CRUCE CONTRARIO
bot.log.txt,13:43:07,APERTURA,SHORT,1,6855.25,,6845.25,,,,,,
bot.log.txt,13:45:02,CIERRE,SHORT,,6855.25,6855.75,,,,,,-25.00,CRUCE CONTRARIO
bot.log.txt,13:45:03,APERTURA,LONG,1,6855.75,,6865.75,,,,,,
bot.log.txt,13:46:01,CIERRE,LONG,,6855.75,6855.00,,,,,,-37.50,CRUCE CONTRARIO
bot.log.txt,13:46:03,APERTURA,SHORT,1,6855.00,,6845.00,,,,,,
bot.log.txt,13:48:04,CIERRE,SHORT,,6855.00,6855.00,,,,,,+0.00,CRUCE CONTRARIO
bot.log.txt,13:48:07,APERTURA,LONG,1,6855.00,,6865.00,,,,,,
bot.log.txt,13:50:37,APERTURA,LONG,1,6853.25,,6863.25,,,,,,
bot.log.txt,13:51:04,CIERRE,LONG,,6853.25,6851.75,,,,,,-75.00,CRUCE CONTRARIO
bot.log.txt,13:51:05,APERTURA,SHORT,1,6851.75,,6841.75,,,,,,
bot.log.txt,13:53:05,CIERRE,SHORT,,6851.75,6850.00,,,,,,+87.50,CRUCE CONTRARIO
bot.log.txt,13:53:07,APERTURA,LONG,1,6850.00,,6860.00,,,,,,
bot.log.txt,13:54:06,CIERRE,LONG,,6850.00,6848.75,,,,,,-62.50,CRUCE CONTRARIO
bot.log.txt,13:54:07,APERTURA,SHORT,1,6848.75,,6838.75,,,,,,
bot.log.txt,13:56:04,CIERRE,SHORT,,6848.75,6850.00,,,,,,-62.50,CRUCE CONTRARIO
bot.log.txt,13:56:06,APERTURA,LONG,1,6850.00,,6860.00,,,,,,
bot.log.txt,13:57:05,CIERRE,LONG,,6850.00,6852.00,,,,,,+100.00,CRUCE CONTRARIO
bot.log.txt,13:57:07,APERTURA,SHORT,1,6852.00,,6842.00,,,,,,
bot.log.txt,14:00:03,CIERRE,SHORT,,6852.00,6855.50,,,,,,-175.00,CRUCE CONTRARIO
bot.log.txt,14:00:05,APERTURA,LONG,1,6855.50,,6865.50,,,,,,
bot.log.txt,14:02:05,CIERRE,LONG,,6855.50,6854.00,,,,,,-75.00,CRUCE CONTRARIO
bot.log.txt,14:02:06,APERTURA,SHORT,1,6854.00,,6844.00,,,,,,
bot.log.txt,14:04:01,CIERRE,SHORT,,6854.00,6857.50,,,,,,-175.00,CRUCE CONTRARIO
bot.log.txt,14:04:03,APERTURA,LONG,1,6857.50,,6867.50,,,,,,
bot.log.txt,14:05:06,CIERRE,LONG,,6857.50,6857.00,,,,,,-25.00,CRUCE CONTRARIO
bot.log.txt,14:05:07,APERTURA,SHORT,1,6857.00,,6847.00,,,,,,
bot.log.txt,14:08:04,CIERRE,SHORT,,6857.00,6856.75,,,,,,+12.50,CRUCE CONTRARIO
bot.log.txt,14:08:06,APERTURA,LONG,1,6856.75,,6866.75,,,,,,
bot.log.txt,14:09:04,CIERRE,LONG,,6856.75,6855.50,,,,,,-62.50,CRUCE CONTRARIO
bot.log.txt,14:09:05,APERTURA,SHORT,1,6855.50,,6845.50,,,,,,
bot.log.txt,14:10:04,CIERRE,SHORT,,6855.50,6857.00,,,,,,-75.00,CRUCE CONTRARIO
bot.log.txt,14:10:05,APERTURA,LONG,1,6857.00,,6867.00,,,,,,
bot.log.txt,14:11:04,CIERRE,LONG,,6857.00,6854.00,,,,,,-150.00,CRUCE CONTRARIO
bot.log.txt,14:11:05,APERTURA,SHORT,1,6854.00,,6844.00,,,,,,
bot.log.txt,14:12:12,CIERRE,SHORT,,6854.00,6853.75,,,,,,+12.50,CRUCE CONTRARIO
bot.log.txt,14:12:14,APERTURA,LONG,1,6853.75,,6863.75,,,,,,
bot.log.txt,14:15:54,APERTURA,LONG,1,6850.50,,6860.50,,,,,,
bot.log.txt,14:17:04,CIERRE,LONG,,6850.50,6849.00,,,,,,-75.00,CRUCE CONTRARIO
bot.log.txt,14:17:05,APERTURA,SHORT,1,6849.00,,6839.00,,,,,,
bot.log.txt,14:18:04,CIERRE,SHORT,,6849.00,6849.75,,,,,,-37.50,CRUCE CONTRARIO
bot.log.txt,14:18:06,APERTURA,LONG,1,6849.75,,6859.75,,,,,,
bot.log.txt,14:21:03,CIERRE,LONG,,6849.75,6849.75,,,,,,+0.00,CRUCE CONTRARIO
bot.log.txt,14:21:04,APERTURA,SHORT,1,6849.75,,6839.75,,,,,,
bot.log.txt,14:22:02,CIERRE,SHORT,,6849.75,6850.25,,,,,,-25.00,CRUCE CONTRARIO
bot.log.txt,14:22:04,APERTURA,LONG,1,6850.25,,6860.25,,,,,,
bot.log.txt,14:25:01,CIERRE,LONG,,6850.25,6853.25,,,,,,+150.00,CRUCE CONTRARIO
bot.log.txt,14:25:02,APERTURA,SHORT,1,6853.25,,6843.25,,,,,,
bot.log.txt,14:28:03,CIERRE,SHORT,,6853.25,6851.50,,,,,,+87.50,CRUCE CONTRARIO
bot.log.txt,14:28:05,APERTURA,LONG,1,6851.50,,6861.50,,,,,,
bot.log.txt,14:30:05,CIERRE,LONG,,6851.50,6852.25,,,,,,+37.50,CRUCE CONTRARIO
bot.log.txt,14:30:07,APERTURA,SHORT,1,6852.25,,6842.25,,,,,,
bot.log.txt,14:34:06,CIERRE,SHORT,,6852.25,6851.00,,,,,,+62.50,CRUCE CONTRARIO
bot.log.txt,14:34:08,APERTURA,LONG,1,6851.00,,6861.00,,,,,,
bot.log.txt,14:35:06,CIERRE,LONG,,6851.00,6850.25,,,,,,-37.50,CRUCE CONTRARIO
bot.log.txt,14:35:07,APERTURA,SHORT,1,6850.25,,6840.25,,,,,,
bot.log.txt,14:37:02,CIERRE,SHORT,,6850.25,6851.75,,,,,,-75.00,CRUCE CONTRARIO
bot.log.txt,14:37:04,APERTURA,LONG,1,6851.75,,6861.75,,,,,,
bot.log.txt,14:38:01,CIERRE,LONG,,6851.75,6850.00,,,,,,-87.50,CRUCE CONTRARIO
bot.log.txt,14:38:03,APERTURA,SHORT,1,6850.00,,6840.00,,,,,,
bot.log.txt,14:40:02,CIERRE,SHORT,,6850.00,6848.50,,,,,,+75.00,CRUCE CONTRARIO
bot.log.txt,14:40:03,APERTURA,LONG,1,6848.50,,6858.50,,,,,,
bot.log.txt,14:45:03,CIERRE,LONG,,6848.50,6849.75,,,,,,+62.50,CRUCE CONTRARIO
bot.log.txt,14:45:05,APERTURA,SHORT,1,6849.75,,6839.75,,,,,,
bot.log.txt,14:46:03,CIERRE,SHORT,,6849.75,6850.50,,,,,,-37.50,CRUCE CONTRARIO
bot.log.txt,14:46:04,APERTURA,LONG,1,6850.50,,6860.50,,,,,,
bot.log.txt,14:50:16,APERTURA,LONG,1,442.25,,452.25,,,,,,
bot.log.txt,14:53:04,CIERRE,LONG,,442.25,442.25,,,,,,+0.00,CRUCE CONTRARIO
bot.log.txt,14:53:06,APERTURA,SHORT,1,442.25,,432.25,,,,,,
bot.log.txt,14:54:05,CIERRE,SHORT,,442.25,442.50,,,,,,-12.50,CRUCE CONTRARIO
bot.log.txt,14:54:06,APERTURA,LONG,1,442.50,,452.50,,,,,,
bot.log.txt,14:55:04,CIERRE,LONG,,442.50,442.50,,,,,,+0.00,CRUCE CONTRARIO
bot.log.txt,14:55:05,APERTURA,SHORT,1,442.50,,432.50,,,,,,
bot.log.4,22/09 22:07:01,APERTURA,LONG,,7830.00,,7833.0,7827.0,,,,,
bot.log.4,22/09 22:27:44,CIERRE,LONG,,7830.00,7833.00,,,+15.00,5.24,+9.76,,TAKE PROFIT
bot.log.4,22/09 22:42:01,APERTURA,SHORT,,7831.25,,7828.25,7834.25,,,,,
bot.log.4,22/09 23:16:16,CIERRE,SHORT,,7831.25,7828.25,,,+15.00,5.24,+9.76,,TAKE PROFIT
bot.log.4,22/09 23:22:02,APERTURA,LONG,,7831.75,,7834.75,7828.75,,,,,
bot.log.4,23/09 00:21:20,CIERRE,LONG,,7831.75,7834.75,,,+15.00,5.24,+9.76,,TAKE PROFIT
bot.log.4,23/09 00:59:01,APERTURA,SHORT,,7835.50,,7832.5,7838.5,,,,,
bot.log.4,23/09 01:05:33,CIERRE,SHORT,,7835.50,7838.50,,,-15.00,5.24,-20.24,,STOP LOSS
bot.log.4,23/09 01:54:01,APERTURA,SHORT,,7839.50,,7836.5,7842.5,,,,,
bot.log.4,23/09 02:34:46,CIERRE,SHORT,,7839.50,7836.50,,,+15.00,5.24,+9.76,,TAKE PROFIT
bot.log.4,23/09 02:43:02,APERTURA,LONG,,7837.25,,7840.25,7834.25,,,,,
bot.log.4,23/09 03:07:05,CIERRE,LONG,,7837.25,7840.25,,,+15.00,5.24,+9.76,,TAKE PROFIT
bot.log.4,23/09 03:23:01,APERTURA,SHORT,,7837.75,,7834.75,7840.75,,,,,
bot.log.4,23/09 03:31:59,CIERRE,SHORT,,7837.75,7840.75,,,-15.00,5.24,-20.24,,STOP LOSS
bot.log.4,23/09 03:48:01,APERTURA,SHORT,,7840.75,,7837.75,7843.75,,,,,
bot.log.4,23/09 03:58:19,CIERRE,SHORT,,7840.75,7837.75,,,+15.00,5.24,+9.76,,TAKE PROFIT
bot.log.4,23/09 04:16:01,APERTURA,LONG,,7838.75,,7841.75,7835.75,,,,,
bot.log.4,23/09 04:25:31,CIERRE,LONG,,7838.75,7835.75,,,-15.00,5.24,-20.24,,STOP LOSS
bot.log.4,23/09 04:31:01,APERTURA,LONG,,7838.25,,7841.25,7835.25,,,,,
bot.log.4,23/09 04:51:29,CIERRE,LONG,,7838.25,7841.25,,,+15.00,5.24,+9.76,,TAKE PROFIT
bot.log.4,23/09 05:05:02,APERTURA,SHORT,,7838.00,,7835.0,7841.0,,,,,
bot.log.4,23/09 05:12:37,CIERRE,SHORT,,7838.00,7841.00,,,-15.00,5.24,-20.24,,STOP LOSS
bot.log.4,23/09 05:30:02,APERTURA,SHORT,,7839.75,,7836.75,7842.75,,,,,
bot.log.4,23/09 05:38:05,CIERRE,SHORT,,7839.75,7836.75,,,+15.00,5.24,+9.76,,TAKE PROFIT
bot.log.4,23/09 05:57:01,APERTURA,LONG,,7836.25,,7839.25,7833.25,,,,,
bot.log.4,23/09 06:26:39,CIERRE,LONG,,7836.25,7839.25,,,+15.00,5.24,+9.76,,TAKE PROFIT
bot.log.4,23/09 06:36:01,APERTURA,SHORT,,7837.50,,7834.5,7840.5,,,,,
bot.log.4,23/09 06:46:23,CIERRE,SHORT,,7837.50,7834.50,,,+15.00,5.24,+9.76,,TAKE PROFIT
bot.log.4,23/09 07:03:11,APERTURA,LONG,,7835.50,,7838.5,7832.5,,,,,
bot.log.4,23/09 07:15:51,CIERRE,LONG,,7835.50,7838.50,,,+15.00,5.24,+9.76,,TAKE PROFIT
bot.log.4,23/09 07:27:01,APERTURA,SHORT,,7837.50,,7834.5,7840.5,,,,,
bot.log.4,23/09 07:36:00,CIERRE,SHORT,,7837.50,7834.50,,,+15.00,5.24,+9.76,,TAKE PROFIT
bot.log.4,23/09 07:57:01,APERTURA,LONG,,7836.00,,7839.0,7833.0,,,,,
bot.log.4,23/09 08:05:07,CIERRE,LONG,,7836.00,7833.00,,,-15.00,5.24,-20.24,,STOP LOSS
bot.log.4,23/09 08:18:02,APERTURA,LONG,,7834.75,,7837.75,7831.75,,,,,
bot.log.4,23/09 08:21:23,CIERRE,LONG,,7834.75,7831.75,,,-15.00,5.24,-20.24,,STOP LOSS
bot.log.4,23/09 08:48:01,APERTURA,LONG,,7826.75,,7829.75,7823.75,,,,,
bot.log.4,23/09 09:02:03,CIERRE,LONG,,7826.75,7823.75,,,-15.00,5.24,-20.24,,STOP LOSS
bot.log.4,23/09 09:04:01,APERTURA,SHORT,,7823.50,,7820.5,7826.5,,,,,
bot.log.4,23/09 09:13:24,CIERRE,SHORT,,7823.50,7820.50,,,+15.00,5.24,+9.76,,TAKE PROFIT
bot.log.4,23/09 09:26:02,APERTURA,LONG,,7821.75,,7824.75,7818.75,,,,,
bot.log.4,23/09 09:38:54,CIERRE,LONG,,7821.75,7824.75,,,+15.00,5.24,+9.76,,TAKE PROFIT
bot.log.4,23/09 09:44:02,APERTURA,SHORT,,7821.75,,7818.75,7824.75,,,,,
bot.log.4,23/09 10:27:03,CIERRE,SHORT,,7821.75,7824.75,,,-15.00,5.24,-20.24,,STOP LOSS
bot.log.4,23/09 10:36:02,APERTURA,SHORT,,7818.00,,7815.0,7821.0,,,,,
bot.log.4,23/09 10:42:48,CIERRE,SHORT,,7818.00,7815.00,,,+15.00,5.24,+9.76,,TAKE PROFIT
bot.log.4,23/09 11:34:01,APERTURA,LONG,,7788.00,,7791.0,7785.0,,,,,
bot.log.4,23/09 11:35:18,CIERRE,LONG,,7788.00,7791.00,,,+15.00,5.24,+9.76,,TAKE PROFIT
bot.log.4,23/09 11:41:02,APERTURA,SHORT,,7785.50,,7782.5,7788.5,,,,,
bot.log.4,23/09 11:52:04,CIERRE,SHORT,,7785.50,7788.50,,,-15.00,5.24,-20.24,,STOP LOSS
bot.log.4,23/09 12:07:12,APERTURA,SHORT,,7792.00,,7789.0,7795.0,,,,,
bot.log.4,23/09 12:09:17,CIERRE,SHORT,,7792.00,7795.00,,,-15.00,5.24,-20.24,,STOP LOSS
bot.log.4,23/09 12:13:02,APERTURA,SHORT,,7792.00,,7789.0,7795.0,,,,,
bot.log.4,23/09 12:17:18,CIERRE,SHORT,,7792.00,7789.00,,,+15.00,5.24,+9.76,,TAKE PROFIT
bot.log.4,23/09 12:24:11,APERTURA,LONG,,7793.00,,7796.0,7790.0,,,,,
bot.log.4,23/09 12:27:31,CIERRE,LONG,,7793.00,7790.00,,,-15.00,5.24,-20.24,,STOP LOSS
bot.log.4,23/09 12:29:02,APERTURA,SHORT,,7786.25,,7783.25,7789.25,,,,,
bot.log.4,23/09 12:30:39,CIERRE,SHORT,,7786.25,7783.25,,,+15.00,5.24,+9.76,,TAKE PROFIT
bot.log.4,23/09 12:46:02,APERTURA,LONG,,7786.25,,7789.25,7783.25,,,,,
bot.log.4,23/09 12:47:35,CIERRE,LONG,,7786.25,7783.25,,,-15.00,5.24,-20.24,,STOP LOSS
bot.log.4,23/09 12:49:02,APERTURA,SHORT,,7781.25,,7778.25,7784.25,,,,,
bot.log.4,23/09 12:51:10,CIERRE,SHORT,,7781.25,7778.25,,,+15.00,5.24,+9.76,,TAKE PROFIT
bot.log.4,23/09 13:13:02,APERTURA,LONG,,7780.00,,7783.0,7777.0,,,,,
bot.log.4,23/09 13:17:51,CIERRE,LONG,,7780.00,7777.00,,,-15.00,5.24,-20.24,,STOP LOSS
bot.log.4,23/09 13:19:01,APERTURA,SHORT,,7776.75,,7773.75,7779.75,,,,,
bot.log.4,23/09 13:30:27,CIERRE,SHORT,,7776.75,7779.75,,,-15.00,5.24,-20.24,,STOP LOSS
bot.log.4,23/09 13:39:01,APERTURA,SHORT,,7777.50,,7774.5,7780.5,,,,,
bot.log.4,23/09 13:42:19,CIERRE,SHORT,,7777.50,7774.50,,,+15.00,5.24,+9.76,,TAKE PROFIT
bot.log.4,23/09 14:29:02,APERTURA,SHORT,,7767.00,,7764.0,7770.0,,,,,
bot.log.4,23/09 14:33:59,CIERRE,SHORT,,7767.00,7770.00,,,-15.00,5.24,-20.24,,STOP LOSS
bot.log.4,23/09 14:35:02,APERTURA,LONG,,7770.00,,7773.0,7767.0,,,,,
bot.log.4,23/09 14:35:57,CIERRE,LONG,,7770.00,7767.00,,,-15.00,5.24,-20.24,,STOP LOSS
bot.log.4,23/09 15:06:02,APERTURA,SHORT,,7777.25,,7774.25,7780.25,,,,,
bot.log.4,23/09 15:16:09,CIERRE,SHORT,,7777.25,7780.25,,,-15.00,5.24,-20.24,,STOP LOSS
bot.log.4,23/09 15:20:02,APERTURA,LONG,,7779.50,,7782.5,7776.5,,,,,
bot.log.4,23/09 15:29:28,CIERRE,LONG,,7779.50,7776.50,,,-15.00,5.24,-20.24,,STOP LOSS
bot.log.4,23/09 15:50:02,APERTURA,LONG,,7775.50,,7778.5,7772.5,,,,,
bot.log.4,23/09 16:04:37,CIERRE,LONG,,7775.50,7772.50,,,-15.00,5.24,-20.24,,STOP LOSS
bot.log.4,23/09 16:09:01,APERTURA,LONG,,7777.00,,7780.0,7774.0,,,,,
bot.log.4,23/09 16:13:14,CIERRE,LONG,,7777.00,7774.00,,,-15.00,5.24,-20.24,,STOP LOSS
bot.log.4,23/09 16:15:01,APERTURA,SHORT,,7774.50,,7771.5,7777.5,,,,,
bot.log.4,23/09 16:16:12,CIERRE,SHORT,,7774.50,7771.50,,,+15.00,5.24,+9.76,,TAKE PROFIT
bot.log.4,23/09 16:34:02,APERTURA,LONG,,7774.50,,7777.5,7771.5,,,,,
bot.log.4,23/09 16:42:37,CIERRE,LONG,,7774.50,7771.50,,,-15.00,5.24,-20.24,,STOP LOSS
bot.log.4,23/09 16:44:01,APERTURA,SHORT,,7770.00,,7767.0,7773.0,,,,,
bot.log.4,23/09 16:45:23,CIERRE,SHORT,,7770.00,7773.25,,,-16.25,5.24,-21.49,,STOP LOSS
bot.log.4,23/09 16:49:01,APERTURA,LONG,,7774.25,,7777.25,7771.25,,,,,
bot.log.4,23/09 16:50:12,CIERRE,LONG,,7774.25,7770.75,,,-17.50,5.24,-22.74,,STOP LOSS
bot.log.4,23/09 16:52:02,APERTURA,SHORT,,7762.75,,7759.75,7765.75,,,,,
bot.log.4,23/09 16:54:03,CIERRE,SHORT,,7762.75,7765.75,,,-15.00,5.24,-20.24,,STOP LOSS
bot.log.4,23/09 17:00:02,APERTURA,LONG,,7773.75,,7776.75,7770.75,,,,,
bot.log.4,23/09 17:05:11,CIERRE,LONG,,7773.75,7770.75,,,-15.00,5.24,-20.24,,STOP LOSS
bot.log.4,23/09 17:17:01,APERTURA,SHORT,,7770.75,,7767.75,7773.75,,,,,
bot.log.4,23/09 17:30:01,CIERRE,SHORT,,7770.75,7772.25,,,-7.50,5.24,-12.74,,CIERRE HORARIO
bot.log.4,23/09 19:03:02,APERTURA,LONG,,7777.50,,7780.5,7774.5,,,,,
bot.log.4,23/09 20:15:23,CIERRE,LONG,,7777.50,7773.25,,,-21.25,5.24,-26.49,,STOP LOSS
bot.log.4,24/09 11:17:01,APERTURA,SHORT,,7752.75,,7749.75,7755.75,,,,,
bot.log.4,24/09 11:18:36,CIERRE,SHORT,,7752.75,7755.75,,,-15.00,5.24,-20.24,,STOP LOSS
bot.log.4,24/09 11:26:11,APERTURA,SHORT,,7753.00,,7750.0,7756.0,,,,,
bot.log.4,24/09 11:27:34,CIERRE,SHORT,,7753.00,7756.00,,,-15.00,5.24,-20.24,,STOP LOSS
bot.log.4,24/09 11:29:02,APERTURA,LONG,,7754.75,,7757.75,7751.75,,,,,
bot.log.4,24/09 11:30:36,CIERRE,LONG,,7754.75,7751.75,,,-15.00,5.24,-20.24,,STOP LOSS
bot.log.4,24/09 11:32:01,APERTURA,SHORT,,7751.25,,7748.25,7754.25,,,,,
bot.log.4,24/09 11:36:09,CIERRE,SHORT,,7751.25,7754.25,,,-15.00,5.24,-20.24,,STOP LOSS
bot.log.4,24/09 11:39:02,APERTURA,LONG,,7753.75,,7756.75,7750.75,,,,,
bot.log.4,24/09 11:41:40,CIERRE,LONG,,7753.75,7750.75,,,-15.00,5.24,-20.24,,STOP LOSS
bot.log.4,24/09 12:25:01,APERTURA,LONG,,7737.50,,7740.5,7734.5,,,,,
bot.log.4,24/09 12:25:34,CIERRE,LONG,,7737.50,7734.50,,,-15.00,5.24,-20.24,,STOP LOSS
bot.log.4,24/09 12:28:01,APERTURA,SHORT,,7729.50,,7726.5,7732.5,,,,,
bot.log.4,24/09 12:36:26,CIERRE,SHORT,,7729.50,7732.50,,,-15.00,5.24,-20.24,,STOP LOSS
bot.log.4,24/09 12:39:02,APERTURA,LONG,,7730.50,,7733.5,7727.5,,,,,
bot.log.4,24/09 12:44:11,CIERRE,LONG,,7730.50,7733.50,,,+15.00,5.24,+9.76,,TAKE PROFIT
bot.log.4,24/09 13:03:02,APERTURA,SHORT,,7732.00,,7729.0,7735.0,,,,,
bot.log.4,24/09 13:15:00,CIERRE,SHORT,,7732.00,7735.00,,,-15.00,5.24,-20.24,,STOP LOSS
bot.log.4,24/09 13:16:02,APERTURA,LONG,,7751.75,,7754.75,7748.75,,,,,
bot.log.4,24/09 13:16:19,CIERRE,LONG,,7751.75,7754.75,,,+15.00,5.24,+9.76,,TAKE PROFIT
bot.log.4,24/09 14:03:02,APERTURA,SHORT,,7774.50,,7771.5,7777.5,,,,,
bot.log.4,24/09 14:03:13,CIERRE,SHORT,,7774.50,7777.50,,,-15.00,5.24,-20.24,,STOP LOSS
bot.log.4,24/09 14:08:02,APERTURA,LONG,,7775.25,,7778.25,7772.25,,,,,
bot.log.4,24/09 14:09:50,CIERRE,LONG,,7775.25,7778.25,,,+15.00,5.24,+9.76,,TAKE PROFIT
bot.log.4,24/09 14:12:01,APERTURA,SHORT,,7772.25,,7769.25,7775.25,,,,,
bot.log.4,24/09 14:13:53,CIERRE,SHORT,,7772.25,7775.50,,,-16.25,5.24,-21.49,,STOP LOSS
bot.log.4,24/09 14:16:12,APERTURA,LONG,,7775.25,,7778.25,7772.25,,,,,
bot.log.4,24/09 14:19:17,CIERRE,LONG,,7775.25,7772.25,,,-15.00,5.24,-20.24,,STOP LOSS
bot.log.4,24/09 14:21:02,APERTURA,SHORT,,7769.25,,7766.25,7772.25,,,,,
bot.log.4,24/09 14:23:12,CIERRE,SHORT,,7769.25,7772.25,,,-15.00,5.24,-20.24,,STOP LOSS
bot.log.4,24/09 14:58:01,APERTURA,LONG,,7761.50,,7764.5,7758.5,,,,,
bot.log.4,24/09 14:59:34,CIERRE,LONG,,7761.50,7764.50,,,+15.00,5.24,+9.76,,TAKE PROFIT
bot.log.4,24/09 15:03:02,APERTURA,SHORT,,7753.75,,7750.75,7756.75,,,,,
bot.log.4,24/09 15:03:31,CIERRE,SHORT,,7753.75,7750.75,,,+15.00,5.24,+9.76,,TAKE PROFIT
bot.log.4,24/09 15:10:03,APERTURA,LONG,,7761.75,,7764.75,7758.75,,,,,
bot.log.4,24/09 15:11:38,CIERRE,LONG,,7761.75,7764.75,,,+15.00,5.24,+9.76,,TAKE PROFIT
bot.log.4,24/09 15:36:02,APERTURA,SHORT,,7763.00,,7760.0,7766.0,,,,,
bot.log.4,24/09 15:38:36,CIERRE,SHORT,,7763.00,7767.00,,,-20.00,5.24,-25.24,,STOP LOSS
bot.log.4,24/09 15:41:01,APERTURA,LONG,,7768.75,,7771.75,7765.75,,,,,
bot.log.4,24/09 15:42:22,CIERRE,LONG,,7768.75,7765.75,,,-15.00,5.24,-20.24,,STOP LOSS
bot.log.4,24/09 16:04:01,APERTURA,SHORT,,7764.50,,7761.5,7767.5,,,,,
bot.log.4,24/09 16:06:00,CIERRE,SHORT,,7764.50,7767.50,,,-15.00,5.24,-20.24,,STOP LOSS
bot.log.4,24/09 16:18:02,APERTURA,LONG,,7769.25,,7772.25,7766.25,,,,,
bot.log.4,24/09 16:24:33,CIERRE,LONG,,7769.25,7772.25,,,+15.00,5.24,+9.76,,TAKE PROFIT
bot.log.4,24/09 16:32:02,APERTURA,SHORT,,7770.00,,7767.0,7773.0,,,,,
bot.log.4,24/09 16:49:50,CIERRE,SHORT,,7770.00,7767.00,,,+15.00,5.24,+9.76,,TAKE PROFIT
bot.log.4,24/09 16:53:01,APERTURA,LONG,,7771.75,,7774.75,7768.75,,,,,
bot.log.4,24/09 16:56:23,CIERRE,LONG,,7771.75,7768.75,,,-15.00,5.24,-20.24,,STOP LOSS
bot.log.4,24/09 16:59:01,APERTURA,SHORT,,7766.50,,7763.5,7769.5,,,,,
bot.log.4,24/09 17:01:21,CIERRE,SHORT,,7766.50,7763.50,,,+15.00,5.24,+9.76,,TAKE PROFIT
bot.log.4,27/09 20:33:02,APERTURA,SHORT,,7783.25,,7780.25,7786.25,,,,,
bot.log.4,27/09 20:33:02,APERTURA,SHORT,,7783.25,,7780.25,7786.25,,,,,
bot.log.4,27/09 20:42:06,CIERRE,SHORT,,7783.25,7780.25,,,+150.00,5.24,+144.76,,TAKE PROFIT
bot.log.4,27/09 20:42:06,CIERRE,SHORT,,7783.25,7780.25,,,+150.00,5.24,+144.76,,TAKE PROFIT
bot.log.4,27/09 20:48:01,APERTURA,LONG,,7783.75,,7786.75,7780.75,,,,,
bot.log.4,27/09 20:48:01,APERTURA,LONG,,7783.75,,7786.75,7780.75,,,,,
bot.log.4,27/09 20:54:05,CIERRE,LONG,,7783.75,7780.75,,,-150.00,5.24,-155.24,,STOP LOSS
bot.log.4,27/09 20:54:05,CIERRE,LONG,,7783.75,7780.50,,,-162.50,5.24,-167.74,,STOP LOSS
bot.log.4,27/09 20:56:01,APERTURA,SHORT,,7781.25,,7778.25,7784.25,,,,,
bot.log.4,27/09 20:56:02,APERTURA,SHORT,,7781.25,,7778.25,7784.25,,,,,
bot.log.4,27/09 20:58:47,CIERRE,SHORT,,7781.25,7784.25,,,-150.00,5.24,-155.24,,STOP LOSS
bot.log.4,27/09 20:58:48,CIERRE,SHORT,,7781.25,7784.25,,,-150.00,5.24,-155.24,,STOP LOSS
bot.log.4,27/09 21:28:01,APERTURA,SHORT,,7788.25,,7785.25,7791.25,,,,,
bot.log.4,27/09 21:28:02,APERTURA,SHORT,,7788.25,,7785.25,7791.25,,,,,
bot.log.4,27/09 21:33:55,CIERRE,SHORT,,7788.25,7785.25,,,+150.00,5.24,+144.76,,TAKE PROFIT
bot.log.4,27/09 21:33:56,CIERRE,SHORT,,7788.25,7785.25,,,+150.00,5.24,+144.76,,TAKE PROFIT
bot.log.4,27/09 21:48:02,APERTURA,LONG,,7787.50,,7790.5,7784.5,,,,,
bot.log.4,27/09 21:48:02,APERTURA,LONG,,7787.50,,7790.5,7784.5,,,,,
bot.log.4,27/09 21:57:00,CIERRE,LONG,,7787.50,7784.50,,,-150.00,5.24,-155.24,,STOP LOSS
bot.log.4,27/09 21:57:00,CIERRE,LONG,,7787.50,7784.25,,,-162.50,5.24,-167.74,,STOP LOSS
bot.log.4,27/09 21:58:02,APERTURA,SHORT,,7784.00,,7781.0,7787.0,,,,,
bot.log.4,27/09 21:58:02,APERTURA,SHORT,,7784.00,,7781.0,7787.0,,,,,
bot.log.4,27/09 22:04:50,CIERRE,SHORT,,7784.00,7787.00,,,-150.00,5.24,-155.24,,STOP LOSS
bot.log.4,27/09 22:04:54,CIERRE,SHORT,,7784.00,7787.00,,,-150.00,5.24,-155.24,,STOP LOSS
bot.log.4,27/09 22:10:02,APERTURA,LONG,,7785.25,,7788.25,7782.25,,,,,
bot.log.4,27/09 22:10:02,APERTURA,LONG,,7785.25,,7788.25,7782.25,,,,,
bot.log.4,27/09 22:15:49,CIERRE,LONG,,7785.25,7782.25,,,-150.00,5.24,-155.24,,STOP LOSS
bot.log.4,27/09 22:15:50,CIERRE,LONG,,7785.25,7782.25,,,-150.00,5.24,-155.24,,STOP LOSS
bot.log.4,27/09 22:23:01,APERTURA,LONG,,7785.50,,7788.5,7782.5,,,,,
bot.log.4,27/09 22:23:02,APERTURA,LONG,,7785.25,,7788.25,7782.25,,,,,
bot.log.4,27/09 22:30:32,CIERRE,LONG,,7785.25,7788.25,,,+150.00,5.24,+144.76,,TAKE PROFIT
bot.log.4,27/09 22:30:35,CIERRE,LONG,,7785.50,7788.50,,,+150.00,5.24,+144.76,,TAKE PROFIT
bot.log.4,27/09 22:46:01,APERTURA,SHORT,,7783.50,,7780.5,7786.5,,,,,
bot.log.4,27/09 22:46:01,APERTURA,SHORT,,7783.50,,7780.5,7786.5,,,,,
bot.log.4,27/09 22:58:05,CIERRE,SHORT,,7783.50,7782.00,,,+75.00,5.24,+69.76,,CIERRE MANUAL
bot.log.4,27/09 23:15:02,APERTURA,LONG,,7780.00,,7783.0,7777.0,,,,,
bot.log.4,27/09 23:16:59,CIERRE,LONG,,7780.00,7776.75,,,-162.50,5.24,-167.74,,STOP LOSS
bot.log.4,28/09 00:17:03,APERTURA,SHORT,,7776.00,,7773.0,7779.0,,,,,
bot.log.4,28/09 00:35:02,CIERRE,SHORT,,7776.00,7773.00,,,+150.00,5.24,+144.76,,TAKE PROFIT
bot.log.4,28/09 00:45:18,APERTURA,LONG,,7775.25,,7778.25,7772.25,,,,,
bot.log.4,28/09 00:59:14,CIERRE,LONG,,7775.25,7772.25,,,-150.00,5.24,-155.24,,STOP LOSS
bot.log.4,28/09 01:11:03,APERTURA,LONG,,7775.75,,7778.75,7772.75,,,,,
bot.log.4,28/09 01:20:58,CIERRE,LONG,,7775.75,7778.75,,,+150.00,5.24,+144.76,,TAKE PROFIT
bot.log.4,28/09 01:32:02,APERTURA,SHORT,,7776.25,,7773.25,7779.25,,,,,
bot.log.4,28/09 02:21:02,CIERRE,SHORT,,7776.25,7773.25,,,+150.00,5.24,+144.76,,TAKE PROFIT
bot.log.4,28/09 02:29:03,APERTURA,LONG,,7775.75,,7778.75,7772.75,,,,,
bot.log.4,28/09 02:30:19,CIERRE,LONG,,7775.75,7772.75,,,-150.00,5.24,-155.24,,STOP LOSS
bot.log.4,28/09 02:32:03,APERTURA,SHORT,,7772.75,,7769.75,7775.75,,,,,
bot.log.4,28/09 02:33:27,CIERRE,SHORT,,7772.75,7775.75,,,-150.00,5.24,-155.24,,STOP LOSS
bot.log.4,28/09 02:51:02,APERTURA,LONG,,7774.00,,7777.0,7771.0,,,,,
bot.log.4,28/09 03:00:06,CIERRE,LONG,,7774.00,7777.00,,,+150.00,5.24,+144.76,,TAKE PROFIT
bot.log.4,28/09 03:19:02,APERTURA,SHORT,,7776.00,,7773.0,7779.0,,,,,
bot.log.4,28/09 03:20:42,CIERRE,SHORT,,7776.00,7773.00,,,+150.00,5.24,+144.76,,TAKE PROFIT
bot.log.4,28/09 03:39:02,APERTURA,LONG,,7773.50,,7776.5,7770.5,,,,,
bot.log.4,28/09 03:54:03,CIERRE,LONG,,7773.50,7776.50,,,+150.00,5.24,+144.76,,TAKE PROFIT
bot.log.4,28/09 03:58:03,APERTURA,SHORT,,7773.75,,7770.75,7776.75,,,,,
bot.log.4,28/09 03:59:56,CIERRE,SHORT,,7773.75,7776.75,,,-150.00,5.24,-155.24,,STOP LOSS
bot.log.4,28/09 04:04:02,APERTURA,SHORT,,7772.00,,7769.0,7775.0,,,,,
bot.log.4,28/09 04:14:22,CIERRE,SHORT,,7772.00,7769.00,,,+150.00,5.24,+144.76,,TAKE PROFIT
bot.log.4,28/09 04:50:02,APERTURA,LONG,,7771.50,,7774.5,7768.5,,,,,
bot.log.4,28/09 04:53:04,CIERRE,LONG,,7771.50,7768.50,,,-150.00,5.24,-155.24,,STOP LOSS
bot.log.4,28/09 05:05:03,APERTURA,SHORT,,7771.00,,7768.0,7774.0,,,,,
bot.log.4,28/09 05:14:29,CIERRE,SHORT,,7771.00,7774.00,,,-150.00,5.24,-155.24,,STOP LOSS
bot.log.4,28/09 05:56:02,APERTURA,SHORT,,7767.75,,7764.75,7770.75,,,,,
bot.log.4,28/09 06:00:19,CIERRE,SHORT,,7767.75,7771.75,,,-200.00,5.24,-205.24,,STOP LOSS
bot.log.4,28/09 06:02:03,APERTURA,LONG,,7769.25,,7772.25,7766.25,,,,,
bot.log.4,28/09 06:03:00,CIERRE,LONG,,7769.25,7766.25,,,-150.00,5.24,-155.24,,STOP LOSS
bot.log.4,28/09 06:04:18,APERTURA,SHORT,,7765.50,,7762.5,7768.5,,,,,
bot.log.4,28/09 06:08:54,CIERRE,SHORT,,7765.50,7762.50,,,+150.00,5.24,+144.76,,TAKE PROFIT
bot.log.4,28/09 06:21:03,APERTURA,LONG,,7766.75,,7769.75,7763.75,,,,,
bot.log.4,28/09 06:27:44,CIERRE,LONG,,7766.75,7763.75,,,-150.00,5.24,-155.24,,STOP LOSS
bot.log.4,28/09 06:35:18,APERTURA,SHORT,,7761.25,,7758.25,7764.25,,,,,
bot.log.4,28/09 06:36:59,CIERRE,SHORT,,7761.25,7764.25,,,-150.00,5.24,-155.24,,STOP LOSS
bot.log.4,28/09 06:42:02,APERTURA,LONG,,7765.00,,7768.0,7762.0,,,,,
bot.log.4,28/09 06:45:29,CIERRE,LONG,,7765.00,7768.00,,,+150.00,5.24,+144.76,,TAKE PROFIT
bot.log.4,28/09 06:58:03,APERTURA,SHORT,,7764.50,,7761.5,7767.5,,,,,
bot.log.4,28/09 07:08:01,CIERRE,SHORT,,7764.50,7761.50,,,+150.00,5.24,+144.76,,TAKE PROFIT
bot.log.4,28/09 07:34:17,APERTURA,LONG,,7761.75,,7764.75,7758.75,,,,,
bot.log.4,28/09 07:51:45,CIERRE,LONG,,7761.75,7764.75,,,+150.00,5.24,+144.76,,TAKE PROFIT
bot.log.4,28/09 08:07:02,APERTURA,SHORT,,7762.50,,7759.5,7765.5,,,,,
bot.log.4,28/09 08:16:35,CIERRE,SHORT,,7762.50,7766.75,,,-212.50,5.24,-217.74,,STOP LOSS
bot.log.4,28/09 08:22:03,APERTURA,SHORT,,7764.50,,7761.5,7767.5,,,,,
bot.log.4,28/09 08:22:34,CIERRE,SHORT,,7764.50,7767.50,,,-150.00,5.24,-155.24,,STOP LOSS
bot.log.4,28/09 08:24:03,APERTURA,LONG,,7769.00,,7772.0,7766.0,,,,,
bot.log.4,28/09 08:33:10,CIERRE,LONG,,7769.00,7766.00,,,-150.00,5.24,-155.24,,STOP LOSS
bot.log.4,28/09 08:43:03,APERTURA,SHORT,,7768.00,,7765.0,7771.0,,,,,
bot.log.4,28/09 09:01:20,CIERRE,SHORT,,7768.00,7765.00,,,+150.00,5.24,+144.76,,TAKE PROFIT
bot.log.4,28/09 09:06:03,APERTURA,LONG,,7776.50,,7779.5,7773.5,,,,,
bot.log.4,28/09 09:08:59,CIERRE,LONG,,7776.50,7773.50,,,-150.00,5.24,-155.24,,STOP LOSS
bot.log.3,28/09 09:30:02,APERTURA,SHORT,,7774.50,,7771.5,7777.5,,,,,
bot.log.3,28/09 09:34:55,CIERRE,SHORT,,7774.50,7777.50,,,-150.00,5.24,-155.24,,STOP LOSS
bot.log.3,28/09 09:36:17,APERTURA,LONG,,7778.00,,7781.0,7775.0,,,,,
bot.log.3,28/09 09:40:53,CIERRE,LONG,,7778.00,7774.50,,,-175.00,5.24,-180.24,,STOP LOSS
bot.log.3,28/09 11:24:17,APERTURA,LONG,,7766.00,,7769.0,7763.0,,,,,
bot.log.3,28/09 11:29:32,CIERRE,LONG,,7766.00,7763.00,,,-150.00,5.24,-155.24,,STOP LOSS
bot.log.3,28/09 11:31:17,APERTURA,SHORT,,7762.75,,7759.75,7765.75,,,,,
bot.log.3,28/09 11:35:29,CIERRE,SHORT,,7762.75,7759.75,,,+150.00,5.24,+144.76,,TAKE PROFIT
bot.log.3,28/09 12:06:02,APERTURA,LONG,,7735.00,,7738.0,7732.0,,,,,
bot.log.3,28/09 12:06:47,CIERRE,LONG,,7735.00,7738.00,,,+150.00,5.24,+144.76,,TAKE PROFIT
bot.log.3,28/09 12:22:03,APERTURA,SHORT,,7736.75,,7733.75,7739.75,,,,,
bot.log.3,28/09 12:25:28,CIERRE,SHORT,,7736.75,7741.50,,,-237.50,5.24,-242.74,,STOP LOSS
bot.log.3,28/09 12:31:02,APERTURA,LONG,,7740.00,,7743.0,7737.0,,,,,
bot.log.3,28/09 12:31:30,CIERRE,LONG,,7740.00,7737.00,,,-150.00,5.24,-155.24,,STOP LOSS
bot.log.3,28/09 12:35:17,APERTURA,SHORT,,7740.00,,7737.0,7743.0,,,,,
bot.log.3,28/09 12:36:13,CIERRE,SHORT,,7740.00,7743.00,,,-150.00,5.24,-155.24,,STOP LOSS
bot.log.3,28/09 12:44:03,APERTURA,SHORT,,7736.25,,7733.25,7739.25,,,,,
bot.log.3,28/09 12:46:39,CIERRE,SHORT,,7736.25,7739.25,,,-150.00,5.24,-155.24,,STOP LOSS
bot.log.3,28/09 12:56:03,APERTURA,LONG,,7743.00,,7746.0,7740.0,,,,,
bot.log.3,28/09 13:08:19,CIERRE,LONG,,7743.00,7746.00,,,+150.00,5.24,+144.76,,TAKE PROFIT
bot.log.3,28/09 13:40:02,APERTURA,SHORT,,7765.25,,7762.25,7768.25,,,,,
bot.log.3,28/09 13:41:43,CIERRE,SHORT,,7765.25,7762.25,,,+150.00,5.24,+144.76,,TAKE PROFIT
bot.log.3,28/09 13:57:17,APERTURA,LONG,,7763.00,,7766.0,7760.0,,,,,
bot.log.3,28/09 14:00:19,CIERRE,LONG,,7763.00,7760.00,,,-150.00,5.24,-155.24,,STOP LOSS
bot.log.3,28/09 14:13:02,APERTURA,LONG,,7776.00,,7779.0,7773.0,,,,,
bot.log.3,28/09 14:13:33,CIERRE,LONG,,7776.00,7779.00,,,+150.00,5.24,+144.76,,TAKE PROFIT
bot.log.3,28/09 14:22:03,APERTURA,SHORT,,7763.25,,7760.25,7766.25,,,,,
bot.log.3,28/09 14:27:08,CIERRE,SHORT,,7763.25,7760.25,,,+150.00,5.24,+144.76,,TAKE PROFIT
bot.log.3,28/09 14:43:17,APERTURA,LONG,,7763.00,,7766.0,7760.0,,,,,
bot.log.3,28/09 15:01:42,CIERRE,LONG,,7763.00,7759.75,,,-162.50,5.24,-167.74,,STOP LOSS
bot.log.3,28/09 15:06:17,APERTURA,LONG,,7764.50,,7767.5,7761.5,,,,,
bot.log.3,28/09 15:18:16,CIERRE,LONG,,7764.50,7761.00,,,-175.00,5.24,-180.24,,STOP LOSS
bot.log.3,28/09 15:20:18,APERTURA,SHORT,,7761.25,,7758.25,7764.25,,,,,
bot.log.3,28/09 15:24:10,CIERRE,SHORT,,7761.25,7758.25,,,+150.00,5.24,+144.76,,TAKE PROFIT
bot.log.3,28/09 15:45:03,APERTURA,LONG,,7762.00,,7765.0,7759.0,,,,,
bot.log.3,28/09 15:48:00,CIERRE,LONG,,7762.00,7759.00,,,-150.00,5.24,-155.24,,STOP LOSS
bot.log.3,28/09 16:02:17,APERTURA,SHORT,,7755.25,,7752.25,7758.25,,,,,
bot.log.3,28/09 16:10:31,CIERRE,SHORT,,7755.25,7752.25,,,+150.00,5.24,+144.76,,TAKE PROFIT
bot.log.3,28/09 16:27:02,APERTURA,LONG,,7752.00,,7755.0,7749.0,,,,,
bot.log.3,28/09 16:30:52,CIERRE,LONG,,7752.00,7748.75,,,-162.50,5.24,-167.74,,STOP LOSS
bot.log.3,28/09 16:32:02,APERTURA,SHORT,,7749.00,,7746.0,7752.0,,,,,
bot.log.3,28/09 16:37:27,CIERRE,SHORT,,7749.00,7746.00,,,+150.00,5.24,+144.76,,TAKE PROFIT
bot.log.3,28/09 16:49:03,APERTURA,LONG,,7746.00,,7749.0,7743.0,,,,,
bot.log.3,28/09 16:50:21,CIERRE,LONG,,7746.00,7741.75,,,-212.50,5.24,-217.74,,STOP LOSS
bot.log.3,28/09 17:00:03,APERTURA,LONG,,7747.50,,7750.5,7744.5,,,,,
bot.log.3,28/09 17:08:44,CIERRE,LONG,,7747.50,7744.25,,,-162.50,5.24,-167.74,,STOP LOSS
bot.log.3,28/09 19:03:02,APERTURA,SHORT,,7743.75,,7740.75,7746.75,,,,,
bot.log.3,28/09 19:06:34,CIERRE,SHORT,,7743.75,7746.75,,,-150.00,5.24,-155.24,,STOP LOSS
bot.log.3,28/09 19:09:02,APERTURA,LONG,,7749.25,,7752.25,7746.25,,,,,
bot.log.3,28/09 19:14:05,CIERRE,LONG,,7749.25,7752.25,,,+150.00,5.24,+144.76,,TAKE PROFIT
bot.log.3,28/09 19:33:02,APERTURA,SHORT,,7750.25,,7747.25,7753.25,,,,,
bot.log.3,28/09 20:46:00,CIERRE,SHORT,,7750.25,7747.25,,,+150.00,5.24,+144.76,,TAKE PROFIT
bot.log.3,28/09 20:47:03,APERTURA,SHORT,,7747.50,,7744.5,7750.5,,,,,
bot.log.3,28/09 20:54:58,CIERRE,SHORT,,7747.50,7750.50,,,-150.00,5.24,-155.24,,STOP LOSS
bot.log.3,28/09 20:56:03,APERTURA,LONG,,7750.25,,7753.25,7747.25,,,,,
bot.log.3,28/09 21:00:15,CIERRE,LONG,,7750.25,7747.25,,,-150.00,5.24,-155.24,,STOP LOSS
bot.log.3,28/09 21:02:03,APERTURA,SHORT,,7748.00,,7745.0,7751.0,,,,,
bot.log.3,28/09 21:05:38,CIERRE,SHORT,,7748.00,7751.00,,,-150.00,5.24,-155.24,,STOP LOSS
bot.log.3,28/09 21:13:03,APERTURA,SHORT,,7747.25,,7744.25,7750.25,,,,,
bot.log.3,28/09 21:15:57,CIERRE,SHORT,,7747.25,7744.25,,,+150.00,5.24,+144.76,,TAKE PROFIT
bot.log.3,28/09 21:37:03,APERTURA,LONG,,7743.75,,7746.75,7740.75,,,,,
bot.log.3,28/09 21:40:30,CIERRE,LONG,,7743.75,7740.75,,,-150.00,5.24,-155.24,,STOP LOSS
bot.log.3,28/09 21:42:02,APERTURA,SHORT,,7741.50,,7738.5,7744.5,,,,,
bot.log.3,28/09 21:47:00,CIERRE,SHORT,,7741.50,7738.50,,,+150.00,5.24,+144.76,,TAKE PROFIT
bot.log.3,28/09 22:04:04,APERTURA,LONG,,7738.00,,7741.0,7735.0,,,,,
bot.log.3,28/09 22:07:18,CIERRE,LONG,,7738.00,7735.00,,,-150.00,5.24,-155.24,,STOP LOSS
bot.log.3,28/09 22:27:03,APERTURA,LONG,,7734.00,,7737.0,7731.0,,,,,
bot.log.3,28/09 22:30:34,CIERRE,LONG,,7734.00,7737.00,,,+150.00,5.24,+144.76,,TAKE PROFIT
bot.log.3,28/09 22:48:02,APERTURA,SHORT,,7735.75,,7732.75,7738.75,,,,,
bot.log.3,28/09 23:14:16,CIERRE,SHORT,,7735.75,7738.75,,,-150.00,5.24,-155.24,,STOP LOSS
bot.log.3,28/09 23:28:02,APERTURA,SHORT,,7735.75,,7732.75,7738.75,,,,,
bot.log.3,28/09 23:32:53,CIERRE,SHORT,,7735.75,7732.75,,,+150.00,5.24,+144.76,,TAKE PROFIT
bot.log.3,29/09 00:03:03,APERTURA,LONG,,7732.25,,7735.25,7729.25,,,,,
bot.log.3,29/09 00:04:24,CIERRE,LONG,,7732.25,7729.25,,,-150.00,5.24,-155.24,,STOP LOSS
bot.log.3,29/09 00:06:02,APERTURA,SHORT,,7728.00,,7725.0,7731.0,,,,,
bot.log.3,29/09 00:18:21,CIERRE,SHORT,,7728.00,7731.25,,,-162.50,5.24,-167.74,,STOP LOSS
bot.log.3,29/09 00:20:02,APERTURA,LONG,,7731.75,,7734.75,7728.75,,,,,
bot.log.3,29/09 00:21:58,CIERRE,LONG,,7731.75,7734.75,,,+150.00,5.24,+144.76,,TAKE PROFIT
bot.log.3,29/09 00:50:02,APERTURA,SHORT,,7733.00,,7730.0,7736.0,,,,,
bot.log.3,29/09 00:54:42,CIERRE,SHORT,,7733.00,7730.00,,,+150.00,5.24,+144.76,,TAKE PROFIT
bot.log.3,29/09 01:20:02,APERTURA,LONG,,7728.50,,7731.5,7725.5,,,,,
bot.log.3,29/09 01:48:32,CIERRE,LONG,,7728.50,7725.50,,,-150.00,5.24,-155.24,,STOP LOSS
bot.log.3,29/09 01:53:18,APERTURA,LONG,,7727.25,,7730.25,7724.25,,,,,
bot.log.3,29/09 02:11:00,CIERRE,LONG,,7727.25,7724.25,,,-150.00,5.24,-155.24,,STOP LOSS
bot.log.3,29/09 02:18:02,APERTURA,LONG,,7728.75,,7731.75,7725.75,,,,,
bot.log.3,29/09 02:26:02,CIERRE,LONG,,7728.75,7725.75,,,-150.00,5.24,-155.24,,STOP LOSS
bot.log.3,29/09 02:27:03,APERTURA,SHORT,,7724.75,,7721.75,7727.75,,,,,
bot.log.3,29/09 02:32:00,CIERRE,SHORT,,7724.75,7721.75,,,+150.00,5.24,+144.76,,TAKE PROFIT
bot.log.3,29/09 02:44:17,APERTURA,LONG,,7724.50,,7727.5,7721.5,,,,,
bot.log.3,29/09 02:47:45,CIERRE,LONG,,7724.50,7721.25,,,-162.50,5.24,-167.74,,STOP LOSS
bot.log.3,29/09 03:57:17,APERTURA,SHORT,,7742.75,,7739.75,7745.75,,,,,
bot.log.3,29/09 04:01:33,CIERRE,SHORT,,7742.75,7739.75,,,+150.00,5.24,+144.76,,TAKE PROFIT
bot.log.3,29/09 04:11:02,APERTURA,LONG,,7742.50,,7745.5,7739.5,,,,,
bot.log.3,29/09 04:25:03,CIERRE,LONG,,7742.50,7745.50,,,+150.00,5.24,+144.76,,TAKE PROFIT
bot.log.3,29/09 04:46:02,APERTURA,SHORT,,7747.00,,7744.0,7750.0,,,,,
bot.log.3,29/09 04:55:16,CIERRE,SHORT,,7747.00,7744.00,,,+150.00,5.24,+144.76,,TAKE PROFIT
bot.log.3,29/09 05:19:03,APERTURA,LONG,,7743.75,,7746.75,7740.75,,,,,
bot.log.3,29/09 05:21:04,CIERRE,LONG,,7743.75,7746.75,,,+150.00,5.24,+144.76,,TAKE PROFIT
bot.log.3,29/09 05:30:03,APERTURA,SHORT,,7744.25,,7741.25,7747.25,,,,,
bot.log.3,29/09 05:39:36,CIERRE,SHORT,,7744.25,7747.25,,,-150.00,5.24,-155.24,,STOP LOSS
bot.log.3,29/09 05:54:03,APERTURA,SHORT,,7742.25,,7739.25,7745.25,,,,,
bot.log.3,29/09 05:59:43,CIERRE,SHORT,,7742.25,7745.50,,,-162.50,5.24,-167.74,,STOP LOSS
bot.log.3,29/09 06:03:02,APERTURA,LONG,,7745.75,,7748.75,7742.75,,,,,
bot.log.3,29/09 06:03:50,CIERRE,LONG,,7745.75,7742.75,,,-150.00,5.24,-155.24,,STOP LOSS
bot.log.3,29/09 06:05:03,APERTURA,SHORT,,7743.75,,7740.75,7746.75,,,,,
bot.log.3,29/09 06:15:32,CIERRE,SHORT,,7743.75,7740.75,,,+150.00,5.24,+144.76,,TAKE PROFIT
bot.log.3,29/09 06:41:03,APERTURA,LONG,,7739.50,,7742.5,7736.5,,,,,
bot.log.3,29/09 06:44:47,CIERRE,LONG,,7739.50,7742.50,,,+150.00,5.24,+144.76,,TAKE PROFIT
bot.log.3,29/09 06:58:03,APERTURA,SHORT,,7737.25,,7734.25,7740.25,,,,,
bot.log.3,29/09 07:02:10,CIERRE,SHORT,,7737.25,7740.25,,,-150.00,5.24,-155.24,,STOP LOSS
bot.log.3,29/09 07:06:02,APERTURA,LONG,,7742.50,,7745.5,7739.5,,,,,
bot.log.3,29/09 07:09:15,CIERRE,LONG,,7742.50,7745.50,,,+150.00,5.24,+144.76,,TAKE PROFIT
bot.log.3,29/09 07:21:06,APERTURA,SHORT,,7743.50,,7740.5,7746.5,,,,,
bot.log.3,29/09 07:29:20,CIERRE,SHORT,,7743.50,7746.50,,,-150.00,5.24,-155.24,,STOP LOSS
bot.log.3,29/09 07:36:02,APERTURA,SHORT,,7744.00,,7741.0,7747.0,,,,,
bot.log.3,29/09 07:40:16,CIERRE,SHORT,,7744.00,7747.00,,,-150.00,5.24,-155.24,,STOP LOSS
bot.log.3,29/09 08:13:02,APERTURA,SHORT,,7752.75,,7749.75,7755.75,,,,,
bot.log.3,29/09 08:18:38,CIERRE,SHORT,,7752.75,7755.75,,,-150.00,5.24,-155.24,,STOP LOSS
bot.log.3,29/09 10:10:03,APERTURA,LONG,,7756.50,,7759.5,7753.5,,,,,
bot.log.3,29/09 10:30:33,CIERRE,LONG,,7756.50,7753.50,,,-150.00,5.24,-155.24,,STOP LOSS
bot.log.3,29/09 10:32:03,APERTURA,SHORT,,7749.75,,7746.75,7752.75,,,,,
bot.log.3,29/09 10:33:05,CIERRE,SHORT,,7749.75,7746.75,,,+150.00,5.24,+144.76,,TAKE PROFIT
bot.log.3,29/09 10:57:03,APERTURA,LONG,,7743.50,,7746.5,7740.5,,,,,
bot.log.3,29/09 10:58:26,CIERRE,LONG,,7743.50,7740.50,,,-150.00,5.24,-155.24,,STOP LOSS
bot.log.3,29/09 11:01:04,APERTURA,SHORT,,7742.25,,7739.25,7745.25,,,,,
bot.log.3,29/09 11:02:59,CIERRE,SHORT,,7742.25,7739.25,,,+150.00,5.24,+144.76,,TAKE PROFIT
bot.log.3,29/09 11:18:03,APERTURA,LONG,,7742.75,,7745.75,7739.75,,,,,
bot.log.3,29/09 11:20:43,CIERRE,LONG,,7742.75,7739.50,,,-162.50,5.24,-167.74,,STOP LOSS
bot.log.3,29/09 11:39:02,APERTURA,SHORT,,7742.50,,7739.5,7745.5,,,,,
bot.log.3,29/09 11:40:57,CIERRE,SHORT,,7742.50,7739.50,,,+150.00,5.24,+144.76,,TAKE PROFIT
bot.log.3,29/09 11:54:02,APERTURA,LONG,,7742.25,,7745.25,7739.25,,,,,
bot.log.3,29/09 11:58:47,CIERRE,LONG,,7742.25,7739.25,,,-150.00,5.24,-155.24,,STOP LOSS
bot.log.3,29/09 12:01:02,APERTURA,SHORT,,7733.50,,7730.5,7736.5,,,,,
bot.log.3,29/09 12:05:04,CIERRE,SHORT,,7733.50,7730.50,,,+150.00,5.24,+144.76,,TAKE PROFIT
bot.log.3,29/09 12:35:02,APERTURA,LONG,,7727.25,,7730.25,7724.25,,,,,
bot.log.3,29/09 12:39:02,CIERRE,LONG,,7727.25,7730.25,,,+150.00,5.24,+144.76,,TAKE PROFIT
bot.log.3,29/09 12:53:02,APERTURA,SHORT,,7721.75,,7718.75,7724.75,,,,,
bot.log.3,29/09 12:54:45,CIERRE,SHORT,,7721.75,7718.75,,,+150.00,5.24,+144.76,,TAKE PROFIT
bot.log.3,29/09 13:11:03,APERTURA,LONG,,7721.00,,7724.0,7718.0,,,,,
bot.log.3,29/09 13:14:06,CIERRE,LONG,,7721.00,7717.75,,,-162.50,5.24,-167.74,,STOP LOSS
bot.log.3,29/09 13:16:03,APERTURA,SHORT,,7720.00,,7717.0,7723.0,,,,,
bot.log.3,29/09 13:27:15,CIERRE,SHORT,,7720.00,7723.00,,,-150.00,5.24,-155.24,,STOP LOSS
bot.log.3,29/09 13:42:02,APERTURA,SHORT,,7717.50,,7714.5,7720.5,,,,,
bot.log.3,29/09 13:45:31,CIERRE,SHORT,,7717.50,7714.50,,,+150.00,5.24,+144.76,,TAKE PROFIT
bot.log.3,29/09 13:52:02,APERTURA,LONG,,7718.50,,7721.5,7715.5,,,,,
bot.log.3,29/09 13:56:30,CIERRE,LONG,,7718.50,7715.50,,,-150.00,5.24,-155.24,,STOP LOSS
bot.log.3,29/09 14:25:18,APERTURA,LONG,,7719.00,,7722.0,7716.0,,,,,
bot.log.3,29/09 14:35:37,CIERRE,LONG,,7719.00,7722.00,,,+150.00,5.24,+144.76,,TAKE PROFIT
bot.log.3,29/09 14:44:02,APERTURA,SHORT,,7719.75,,7716.75,7722.75,,,,,
bot.log.3,29/09 14:45:08,CIERRE,SHORT,,7719.75,7723.00,,,-162.50,5.24,-167.74,,STOP LOSS
bot.log.3,29/09 14:51:03,APERTURA,SHORT,,7719.25,,7716.25,7722.25,,,,,
bot.log.3,29/09 14:53:14,CIERRE,SHORT,,7719.25,7716.25,,,+150.00,5.24,+144.76,,TAKE PROFIT
bot.log.3,29/09 15:02:02,APERTURA,LONG,,7722.00,,7725.0,7719.0,,,,,
bot.log.3,29/09 15:04:40,CIERRE,LONG,,7722.00,7725.00,,,+150.00,5.24,+144.76,,TAKE PROFIT
bot.log.3,29/09 15:12:18,APERTURA,SHORT,,7719.25,,7716.25,7722.25,,,,,
bot.log.3,29/09 15:13:40,CIERRE,SHORT,,7719.25,7722.25,,,-150.00,5.24,-155.24,,STOP LOSS
bot.log.3,29/09 15:15:02,APERTURA,LONG,,7726.50,,7729.5,7723.5,,,,,
bot.log.3,29/09 15:21:34,CIERRE,LONG,,7726.50,7729.50,,,+150.00,5.24,+144.76,,TAKE PROFIT
bot.log.3,29/09 15:33:03,APERTURA,SHORT,,7726.25,,7723.25,7729.25,,,,,
bot.log.3,29/09 15:36:30,CIERRE,SHORT,,7726.25,7729.50,,,-162.50,5.24,-167.74,,STOP LOSS
bot.log.3,29/09 15:38:03,APERTURA,LONG,,7730.00,,7733.0,7727.0,,,,,
bot.log.3,29/09 15:38:38,CIERRE,LONG,,7730.00,7733.00,,,+150.00,5.24,+144.76,,TAKE PROFIT
bot.log.3,29/09 15:58:03,APERTURA,SHORT,,7734.50,,7731.5,7737.5,,,,,
bot.log.3,29/09 15:59:11,CIERRE,SHORT,,7734.50,7737.50,,,-150.00,5.24,-155.24,,STOP LOSS
bot.log.3,29/09 16:12:18,APERTURA,SHORT,,7735.75,,7732.75,7738.75,,,,,
bot.log.3,29/09 16:14:33,CIERRE,SHORT,,7735.75,7732.75,,,+150.00,5.24,+144.76,,TAKE PROFIT
bot.log.3,29/09 16:24:02,APERTURA,LONG,,7736.00,,7739.0,7733.0,,,,,
bot.log.3,29/09 16:28:29,CIERRE,LONG,,7736.00,7733.00,,,-150.00,5.24,-155.24,,STOP LOSS
bot.log.3,29/09 16:30:03,APERTURA,SHORT,,7734.50,,7731.5,7737.5,,,,,
bot.log.3,29/09 16:41:25,CIERRE,SHORT,,7734.50,7731.50,,,+150.00,5.24,+144.76,,TAKE PROFIT
bot.log.3,29/09 16:53:02,APERTURA,LONG,,7734.00,,7737.0,7731.0,,,,,
bot.log.3,29/09 16:54:48,CIERRE,LONG,,7734.00,7737.00,,,+150.00,5.24,+144.76,,TAKE PROFIT
bot.log.3,29/09 16:58:03,APERTURA,SHORT,,7732.75,,7729.75,7735.75,,,,,
bot.log.3,29/09 16:59:03,CIERRE,SHORT,,7732.75,7729.75,,,+150.00,5.24,+144.76,,TAKE PROFIT
bot.log.3,29/09 17:02:03,APERTURA,LONG,,7736.50,,7739.5,7733.5,,,,,
bot.log.3,29/09 17:30:18,CIERRE,LONG,,7736.50,7738.25,,,+87.50,5.24,+82.26,,CIERRE HORARIO
bot.log.3,29/09 19:29:02,APERTURA,SHORT,,7744.00,,7741.0,7747.0,,,,,
bot.log.3,29/09 20:36:22,CIERRE,SHORT,,7744.00,7747.00,,,-150.00,5.24,-155.24,,STOP LOSS
bot.log.3,29/09 21:20:02,APERTURA,SHORT,,7749.75,,7746.75,7752.75,,,,,
bot.log.3,29/09 21:37:04,CIERRE,SHORT,,7749.75,7746.75,,,+150.00,5.24,+144.76,,TAKE PROFIT
bot.log.3,29/09 22:00:17,APERTURA,LONG,,7744.25,,7747.25,7741.25,,,,,
bot.log.3,29/09 22:13:09,CIERRE,LONG,,7744.25,7741.25,,,-150.00,5.24,-155.24,,STOP LOSS
bot.log.3,29/09 22:34:18,APERTURA,LONG,,7745.00,,7748.0,7742.0,,,,,
bot.log.3,29/09 22:39:13,CIERRE,LONG,,7745.00,7742.00,,,-150.00,5.24,-155.24,,STOP LOSS
bot.log.3,29/09 23:11:02,APERTURA,SHORT,,7744.00,,7741.0,7747.0,,,,,
bot.log.3,29/09 23:17:20,CIERRE,SHORT,,7744.00,7747.25,,,-162.50,5.24,-167.74,,STOP LOSS
bot.log.3,29/09 23:19:17,APERTURA,LONG,,7746.75,,7749.75,7743.75,,,,,
bot.log.3,29/09 23:32:57,CIERRE,LONG,,7746.75,7743.50,,,-162.50,5.24,-167.74,,STOP LOSS
bot.log.3,29/09 23:48:18,APERTURA,LONG,,7746.25,,7749.25,7743.25,,,,,
bot.log.3,29/09 23:58:13,CIERRE,LONG,,7746.25,7743.25,,,-150.00,5.24,-155.24,,STOP LOSS
bot.log.3,30/09 00:06:02,APERTURA,LONG,,7745.00,,7748.0,7742.0,,,,,
bot.log.3,30/09 00:33:53,CIERRE,LONG,,7745.00,7748.00,,,+150.00,5.24,+144.76,,TAKE PROFIT
bot.log.3,30/09 01:03:17,APERTURA,SHORT,,7749.00,,7746.0,7752.0,,,,,
bot.log.3,30/09 01:32:57,CIERRE,SHORT,,7749.00,7752.00,,,-150.00,5.24,-155.24,,STOP LOSS
bot.log.3,30/09 03:10:03,APERTURA,SHORT,,7745.50,,7742.5,7748.5,,,,,
bot.log.3,30/09 03:29:31,CIERRE,SHORT,,7745.50,7742.50,,,+150.00,5.24,+144.76,,TAKE PROFIT
bot.log.3,30/09 03:54:02,APERTURA,LONG,,7740.25,,7743.25,7737.25,,,,,
bot.log.3,30/09 04:02:34,CIERRE,LONG,,7740.25,7743.25,,,+150.00,5.24,+144.76,,TAKE PROFIT
bot.log.3,30/09 04:30:03,APERTURA,SHORT,,7749.00,,7746.0,7752.0,,,,,
bot.log.3,30/09 04:35:33,CIERRE,SHORT,,7749.00,7752.00,,,-150.00,5.24,-155.24,,STOP LOSS
bot.log.3,30/09 04:37:02,APERTURA,LONG,,7752.75,,7755.75,7749.75,,,,,
bot.log.3,30/09 05:01:33,CIERRE,LONG,,7752.75,7755.75,,,+150.00,5.24,+144.76,,TAKE PROFIT
bot.log.3,30/09 05:03:02,APERTURA,LONG,,7754.25,,7757.25,7751.25,,,,,
bot.log.3,30/09 05:07:44,CIERRE,LONG,,7754.25,7750.75,,,-175.00,5.24,-180.24,,STOP LOSS
bot.log.3,30/09 05:28:02,APERTURA,LONG,,7751.25,,7754.25,7748.25,,,,,
bot.log.3,30/09 05:41:41,CIERRE,LONG,,7751.25,7748.00,,,-162.50,5.24,-167.74,,STOP LOSS
bot.log.3,30/09 06:17:02,APERTURA,LONG,,7742.75,,7745.75,7739.75,,,,,
bot.log.3,30/09 06:33:13,CIERRE,LONG,,7742.75,7745.75,,,+150.00,5.24,+144.76,,TAKE PROFIT
bot.log.3,30/09 06:41:02,APERTURA,SHORT,,7740.25,,7737.25,7743.25,,,,,
bot.log.3,30/09 06:43:23,CIERRE,SHORT,,7740.25,7737.25,,,+150.00,5.24,+144.76,,TAKE PROFIT
bot.log.3,30/09 06:57:17,APERTURA,LONG,,7740.25,,7743.25,7737.25,,,,,
bot.log.3,30/09 07:09:42,CIERRE,LONG,,7740.25,7737.25,,,-150.00,5.24,-155.24,,STOP LOSS
bot.log.3,30/09 07:24:03,APERTURA,LONG,,7736.25,,7739.25,7733.25,,,,,
bot.log.3,30/09 07:35:44,CIERRE,LONG,,7736.25,7733.25,,,-150.00,5.24,-155.24,,STOP LOSS
bot.log.3,30/09 07:55:02,APERTURA,LONG,,7734.75,,7737.75,7731.75,,,,,
bot.log.3,30/09 08:00:14,CIERRE,LONG,,7734.75,7731.50,,,-162.50,5.24,-167.74,,STOP LOSS
bot.log.3,30/09 08:25:03,APERTURA,LONG,,7730.25,,7733.25,7727.25,,,,,
bot.log.3,30/09 08:29:07,CIERRE,LONG,,7730.25,7733.25,,,+150.00,5.24,+144.76,,TAKE PROFIT
bot.log.3,30/09 08:45:02,APERTURA,SHORT,,7733.25,,7730.25,7736.25,,,,,
bot.log.3,30/09 08:47:04,CIERRE,SHORT,,7733.25,7730.25,,,+150.00,5.24,+144.76,,TAKE PROFIT
bot.log.3,30/09 08:58:02,APERTURA,LONG,,7731.50,,7734.5,7728.5,,,,,
bot.log.3,30/09 08:59:40,CIERRE,LONG,,7731.50,7734.50,,,+150.00,5.24,+144.76,,TAKE PROFIT
bot.log.3,30/09 09:11:17,APERTURA,SHORT,,7732.00,,7729.0,7735.0,,,,,
bot.log.3,30/09 09:15:00,CIERRE,SHORT,,7732.00,7735.25,,,-162.50,5.24,-167.74,,STOP LOSS
bot.log.3,30/09 09:18:02,APERTURA,SHORT,,7730.50,,7727.5,7733.5,,,,,
bot.log.3,30/09 09:21:29,CIERRE,SHORT,,7730.50,7733.50,,,-150.00,5.24,-155.24,,STOP LOSS
bot.log.3,30/09 09:24:03,APERTURA,LONG,,7734.25,,7737.25,7731.25,,,,,
bot.log.3,30/09 09:24:37,CIERRE,LONG,,7734.25,7737.25,,,+150.00,5.24,+144.76,,TAKE PROFIT
bot.log.3,30/09 09:49:02,APERTURA,SHORT,,7754.50,,7751.5,7757.5,,,,,
bot.log.3,30/09 09:54:37,CIERRE,SHORT,,7754.50,7757.75,,,-162.50,5.24,-167.74,,STOP LOSS
bot.log.3,30/09 09:56:03,APERTURA,LONG,,7758.50,,7761.5,7755.5,,,,,
bot.log.3,30/09 09:58:23,CIERRE,LONG,,7758.50,7755.25,,,-162.50,5.24,-167.74,,STOP LOSS
bot.log.2,30/09 10:00:02,APERTURA,SHORT,,7754.25,,7751.25,7757.25,,,,,
bot.log.2,30/09 10:00:50,CIERRE,SHORT,,7754.25,7757.25,,,-150.00,5.24,-155.24,,STOP LOSS
bot.log.2,30/09 10:02:02,APERTURA,LONG,,7759.00,,7762.0,7756.0,,,,,
bot.log.2,30/09 10:05:20,CIERRE,LONG,,7759.00,7762.00,,,+150.00,5.24,+144.76,,TAKE PROFIT
bot.log.2,30/09 10:15:02,APERTURA,SHORT,,7757.50,,7754.5,7760.5,,,,,
bot.log.2,30/09 10:19:30,CIERRE,SHORT,,7757.50,7754.50,,,+150.00,5.24,+144.76,,TAKE PROFIT
bot.log.2,30/09 10:33:03,APERTURA,LONG,,7754.25,,7757.25,7751.25,,,,,
bot.log.2,30/09 10:33:27,CIERRE,LONG,,7754.25,7750.75,,,-175.00,5.24,-180.24,,STOP LOSS
bot.log.2,30/09 10:47:02,APERTURA,SHORT,,7749.50,,7746.5,7752.5,,,,,
bot.log.2,30/09 10:48:31,CIERRE,SHORT,,7749.50,7752.75,,,-162.50,5.24,-167.74,,STOP LOSS
bot.log.2,30/09 14:13:02,APERTURA,SHORT,,7767.75,,7764.75,7770.75,,,,,
bot.log.2,30/09 14:13:43,CIERRE,SHORT,,7767.75,7764.75,,,+150.00,5.24,+144.76,,TAKE PROFIT
bot.log.2,30/09 14:34:03,APERTURA,LONG,,7759.25,,7762.25,7756.25,,,,,
bot.log.2,30/09 14:39:35,CIERRE,LONG,,7759.25,7762.25,,,+150.00,5.24,+144.76,,TAKE PROFIT
bot.log.2,30/09 15:02:02,APERTURA,SHORT,,7760.25,,7757.25,7763.25,,,,,
bot.log.2,30/09 15:06:31,CIERRE,SHORT,,7760.25,7757.25,,,+150.00,5.24,+144.76,,TAKE PROFIT
bot.log.2,30/09 15:14:02,APERTURA,LONG,,7760.50,,7763.5,7757.5,,,,,
bot.log.2,30/09 15:18:12,CIERRE,LONG,,7760.50,7757.50,,,-150.00,5.24,-155.24,,STOP LOSS
bot.log.2,30/09 15:41:03,APERTURA,LONG,,7754.75,,7757.75,7751.75,,,,,
bot.log.2,30/09 15:48:30,CIERRE,LONG,,7754.75,7751.75,,,-150.00,5.24,-155.24,,STOP LOSS
bot.log.2,30/09 15:50:17,APERTURA,SHORT,,7750.25,,7747.25,7753.25,,,,,
bot.log.2,30/09 15:58:37,CIERRE,SHORT,,7750.25,7753.25,,,-150.00,5.24,-155.24,,STOP LOSS
bot.log.2,30/09 16:01:03,APERTURA,LONG,,7753.25,,7756.25,7750.25,,,,,
bot.log.2,30/09 16:23:13,CIERRE,LONG,,7753.25,7750.25,,,-150.00,5.24,-155.24,,STOP LOSS
bot.log.2,30/09 17:16:02,APERTURA,LONG,,7722.25,,7725.25,7719.25,,,,,
bot.log.2,30/09 17:25:05,CIERRE,LONG,,7722.25,7725.25,,,+150.00,5.24,+144.76,,TAKE PROFIT
bot.log.2,30/09 21:43:02,APERTURA,LONG,,7736.00,,7739.0,7733.0,,,,,
bot.log.2,30/09 21:44:11,CIERRE,LONG,,7736.00,7739.00,,,+150.00,5.24,+144.76,,TAKE PROFIT
bot.log.2,30/09 21:55:03,APERTURA,SHORT,,7733.75,,7730.75,7736.75,,,,,
bot.log.2,30/09 21:57:55,CIERRE,SHORT,,7733.75,7736.75,,,-150.00,5.24,-155.24,,STOP LOSS
bot.log.2,30/09 22:00:02,APERTURA,LONG,,7738.00,,7741.0,7735.0,,,,,
bot.log.2,30/09 22:10:58,CIERRE,LONG,,7738.00,7741.00,,,+150.00,5.24,+144.76,,TAKE PROFIT
bot.log.2,30/09 22:32:02,APERTURA,SHORT,,7740.50,,7737.5,7743.5,,,,,
bot.log.2,30/09 22:50:00,CIERRE,SHORT,,7740.50,7737.50,,,+150.00,5.24,+144.76,,TAKE PROFIT
bot.log.2,30/09 23:11:18,APERTURA,LONG,,7740.25,,7743.25,7737.25,,,,,
bot.log.2,01/10 00:00:04,CIERRE,LONG,,7740.25,7743.25,,,+150.00,5.24,+144.76,,TAKE PROFIT
bot.log.2,01/10 00:21:03,APERTURA,SHORT,,7743.00,,7740.0,7746.0,,,,,
bot.log.2,01/10 00:54:34,CIERRE,SHORT,,7743.00,7746.00,,,-150.00,5.24,-155.24,,STOP LOSS
bot.log.2,01/10 01:18:02,APERTURA,SHORT,,7748.00,,7745.0,7751.0,,,,,
bot.log.2,01/10 01:34:38,CIERRE,SHORT,,7748.00,7751.00,,,-150.00,5.24,-155.24,,STOP LOSS
bot.log.2,01/10 02:47:17,APERTURA,SHORT,,7762.00,,7759.0,7765.0,,,,,
bot.log.2,01/10 02:51:46,CIERRE,SHORT,,7762.00,7765.00,,,-150.00,5.24,-155.24,,STOP LOSS
bot.log.2,01/10 02:55:02,APERTURA,LONG,,7764.25,,7767.25,7761.25,,,,,
bot.log.2,01/10 03:00:59,CIERRE,LONG,,7764.25,7767.25,,,+150.00,5.24,+144.76,,TAKE PROFIT
bot.log.2,01/10 03:14:03,APERTURA,SHORT,,7762.75,,7759.75,7765.75,,,,,
bot.log.2,01/10 03:26:45,CIERRE,SHORT,,7762.75,7759.75,,,+150.00,5.24,+144.76,,TAKE PROFIT
bot.log.2,01/10 03:32:02,APERTURA,LONG,,7761.50,,7764.5,7758.5,,,,,
bot.log.2,01/10 03:36:52,CIERRE,LONG,,7761.50,7758.50,,,-150.00,5.24,-155.24,,STOP LOSS
bot.log.2,01/10 04:11:17,APERTURA,LONG,,7750.00,,7753.0,7747.0,,,,,
bot.log.2,01/10 04:12:41,CIERRE,LONG,,7750.00,7746.75,,,-162.50,5.24,-167.74,,STOP LOSS
bot.log.2,01/10 04:38:03,APERTURA,LONG,,7719.50,,7722.5,7716.5,,,,,
bot.log.2,01/10 04:40:05,CIERRE,LONG,,7719.50,7716.25,,,-162.50,5.24,-167.74,,STOP LOSS
bot.log.2,01/10 08:02:03,APERTURA,SHORT,,7741.00,,7738.0,7744.0,,,,,
bot.log.2,01/10 08:09:44,CIERRE,SHORT,,7741.00,7738.00,,,+150.00,5.24,+144.76,,TAKE PROFIT
bot.log.2,01/10 08:34:03,APERTURA,LONG,,7730.00,,7733.0,7727.0,,,,,
bot.log.2,01/10 08:37:00,CIERRE,LONG,,7730.00,7733.00,,,+150.00,5.24,+144.76,,TAKE PROFIT
bot.log.2,01/10 09:10:03,APERTURA,SHORT,,7743.25,,7740.25,7746.25,,,,,
bot.log.2,01/10 09:17:32,CIERRE,SHORT,,7743.25,7740.25,,,+150.00,5.24,+144.76,,TAKE PROFIT
bot.log.2,01/10 09:33:03,APERTURA,LONG,,7742.50,,7745.5,7739.5,,,,,
bot.log.2,01/10 09:34:56,CIERRE,LONG,,7742.50,7745.50,,,+150.00,5.24,+144.76,,TAKE PROFIT
bot.log.2,01/10 09:46:03,APERTURA,SHORT,,7742.25,,7739.25,7745.25,,,,,
bot.log.2,01/10 09:48:23,CIERRE,SHORT,,7742.25,7739.25,,,+150.00,5.24,+144.76,,TAKE PROFIT
bot.log.2,01/10 10:09:02,APERTURA,LONG,,7740.00,,7743.0,7737.0,,,,,
bot.log.2,01/10 10:10:09,CIERRE,LONG,,7740.00,7736.75,,,-162.50,5.24,-167.74,,STOP LOSS
bot.log.2,01/10 10:17:18,APERTURA,SHORT,,7730.75,,7727.75,7733.75,,,,,
bot.log.2,01/10 10:20:42,CIERRE,SHORT,,7730.75,7734.00,,,-162.50,5.24,-167.74,,STOP LOSS
bot.log.2,01/10 10:36:02,APERTURA,LONG,,7735.75,,7738.75,7732.75,,,,,
bot.log.2,01/10 10:37:59,CIERRE,LONG,,7735.75,7738.75,,,+150.00,5.24,+144.76,,TAKE PROFIT
bot.log.2,01/10 10:43:04,APERTURA,SHORT,,7721.75,,7718.75,7724.75,,,,,
bot.log.2,01/10 10:43:53,CIERRE,SHORT,,7721.75,7718.75,,,+150.00,5.24,+144.76,,TAKE PROFIT
bot.log.2,01/10 11:34:02,APERTURA,LONG,,7695.75,,7698.75,7692.75,,,,,
bot.log.2,01/10 11:34:59,CIERRE,LONG,,7695.75,7698.75,,,+150.00,5.24,+144.76,,TAKE PROFIT
bot.log.2,01/10 11:49:03,APERTURA,SHORT,,7694.75,,7691.75,7697.75,,,,,
bot.log.2,01/10 11:49:44,CIERRE,SHORT,,7694.75,7698.50,,,-187.50,5.24,-192.74,,STOP LOSS
bot.log.2,01/10 12:16:03,APERTURA,LONG,,7688.75,,7691.75,7685.75,,,,,
bot.log.2,01/10 12:16:48,CIERRE,LONG,,7688.75,7691.75,,,+150.00,5.24,+144.76,,TAKE PROFIT
bot.log.2,01/10 12:32:02,APERTURA,SHORT,,7686.50,,7683.5,7689.5,,,,,
bot.log.2,01/10 12:34:25,CIERRE,SHORT,,7686.50,7683.50,,,+150.00,5.24,+144.76,,TAKE PROFIT
bot.log.2,01/10 12:58:04,APERTURA,LONG,,7691.75,,7694.75,7688.75,,,,,
bot.log.2,01/10 12:58:34,CIERRE,LONG,,7691.75,7688.75,,,-150.00,5.24,-155.24,,STOP LOSS
bot.log.2,01/10 13:15:03,APERTURA,SHORT,,7691.00,,7688.0,7694.0,,,,,
bot.log.2,01/10 13:16:48,CIERRE,SHORT,,7691.00,7694.00,,,-150.00,5.24,-155.24,,STOP LOSS
bot.log.2,01/10 13:19:03,APERTURA,LONG,,7697.75,,7700.75,7694.75,,,,,
bot.log.2,01/10 13:19:17,CIERRE,LONG,,7697.75,7694.75,,,-150.00,5.24,-155.24,,STOP LOSS
bot.log.2,01/10 13:43:03,APERTURA,SHORT,,7703.50,,7700.5,7706.5,,,,,
bot.log.2,01/10 13:43:50,CIERRE,SHORT,,7703.50,7706.50,,,-150.00,5.24,-155.24,,STOP LOSS
bot.log.2,01/10 13:45:02,APERTURA,LONG,,7704.75,,7707.75,7701.75,,,,,
bot.log.2,01/10 13:48:30,CIERRE,LONG,,7704.75,7707.75,,,+150.00,5.24,+144.76,,TAKE PROFIT
bot.log.2,01/10 13:52:03,APERTURA,SHORT,,7698.00,,7695.0,7701.0,,,,,
bot.log.2,01/10 13:54:07,CIERRE,SHORT,,7698.00,7695.00,,,+150.00,5.24,+144.76,,TAKE PROFIT
bot.log.2,01/10 14:04:03,APERTURA,LONG,,7699.25,,7702.25,7696.25,,,,,
bot.log.2,01/10 14:04:49,CIERRE,LONG,,7699.25,7702.25,,,+150.00,5.24,+144.76,,TAKE PROFIT
bot.log.2,01/10 14:55:32,APERTURA,SHORT,,7723.50,,7720.5,7726.5,,,,,
bot.log.2,01/10 14:56:50,CIERRE,SHORT,,7723.50,7720.50,,,+150.00,5.24,+144.76,,TAKE PROFIT
bot.log.2,01/10 15:16:03,APERTURA,LONG,,7719.75,,7722.75,7716.75,,,,,
bot.log.2,01/10 15:18:30,CIERRE,LONG,,7719.75,7722.75,,,+150.00,5.24,+144.76,,TAKE PROFIT
bot.log.2,01/10 15:45:02,APERTURA,SHORT,,7728.50,,7725.5,7731.5,,,,,
bot.log.2,01/10 15:46:24,CIERRE,SHORT,,7728.50,7725.50,,,+150.00,5.24,+144.76,,TAKE PROFIT
bot.log.2,01/10 15:54:02,APERTURA,LONG,,7731.25,,7734.25,7728.25,,,,,
bot.log.2,01/10 16:02:57,CIERRE,LONG,,7731.25,7728.25,,,-150.00,5.24,-155.24,,STOP LOSS
bot.log.2,01/10 16:04:17,APERTURA,SHORT,,7728.25,,7725.25,7731.25,,,,,
bot.log.2,01/10 16:09:11,CIERRE,SHORT,,7728.25,7731.25,,,-150.00,5.24,-155.24,,STOP LOSS
bot.log.2,01/10 16:12:03,APERTURA,LONG,,7729.75,,7732.75,7726.75,,,,,
bot.log.2,01/10 16:21:34,CIERRE,LONG,,7729.75,7732.75,,,+150.00,5.24,+144.76,,TAKE PROFIT
bot.log.2,01/10 16:26:02,APERTURA,SHORT,,7729.50,,7726.5,7732.5,,,,,
bot.log.2,01/10 16:31:15,CIERRE,SHORT,,7729.50,7732.50,,,-150.00,5.24,-155.24,,STOP LOSS
bot.log.2,01/10 16:41:02,APERTURA,LONG,,7732.50,,7735.5,7729.5,,,,,
bot.log.2,01/10 16:50:07,CIERRE,LONG,,7732.50,7735.50,,,+150.00,5.24,+144.76,,TAKE PROFIT
bot.log.2,01/10 16:57:18,APERTURA,SHORT,,7726.75,,7723.75,7729.75,,,,,
bot.log.2,01/10 16:58:53,CIERRE,SHORT,,7726.75,7723.75,,,+150.00,5.24,+144.76,,TAKE PROFIT
bot.log.2,01/10 17:08:03,APERTURA,LONG,,7729.75,,7732.75,7726.75,,,,,
bot.log.2,01/10 17:30:17,CIERRE,LONG,,7729.75,7729.75,,,+0.00,5.24,-5.24,,CIERRE HORARIO
bot.log.2,01/10 21:28:18,APERTURA,SHORT,,7732.00,,7729.0,7735.0,,,,,
bot.log.2,01/10 21:34:40,CIERRE,SHORT,,7732.00,7735.25,,,-162.50,5.24,-167.74,,STOP LOSS
bot.log.2,01/10 21:38:03,APERTURA,LONG,,7735.25,,7738.25,7732.25,,,,,
bot.log.2,01/10 21:41:16,CIERRE,LONG,,7735.25,7732.00,,,-162.50,5.24,-167.74,,STOP LOSS
bot.log.2,01/10 21:54:02,APERTURA,LONG,,7734.25,,7737.25,7731.25,,,,,
bot.log.2,01/10 21:59:43,CIERRE,LONG,,7734.25,7731.25,,,-150.00,5.24,-155.24,,STOP LOSS
bot.log.2,01/10 22:42:02,APERTURA,LONG,,7728.75,,7731.75,7725.75,,,,,
bot.log.2,01/10 22:50:34,CIERRE,LONG,,7728.75,7731.75,,,+150.00,5.24,+144.76,,TAKE PROFIT
bot.log.2,01/10 23:11:02,APERTURA,SHORT,,7735.00,,7732.0,7738.0,,,,,
bot.log.2,01/10 23:15:41,CIERRE,SHORT,,7735.00,7738.00,,,-150.00,5.24,-155.24,,STOP LOSS
bot.log.2,01/10 23:42:18,APERTURA,SHORT,,7738.75,,7735.75,7741.75,,,,,
bot.log.2,01/10 23:49:50,CIERRE,SHORT,,7738.75,7741.75,,,-150.00,5.24,-155.24,,STOP LOSS
bot.log.2,01/10 23:56:03,APERTURA,SHORT,,7738.50,,7735.5,7741.5,,,,,
bot.log.2,02/10 00:00:04,CIERRE,SHORT,,7738.50,7741.75,,,-162.50,5.24,-167.74,,STOP LOSS
bot.log.2,02/10 00:11:02,APERTURA,SHORT,,7739.50,,7736.5,7742.5,,,,,
bot.log.2,02/10 00:45:30,CIERRE,SHORT,,7739.50,7742.50,,,-150.00,5.24,-155.24,,STOP LOSS
bot.log.2,02/10 01:34:03,APERTURA,SHORT,,7744.75,,7741.75,7747.75,,,,,
bot.log.2,02/10 01:53:32,CIERRE,SHORT,,7744.75,7747.75,,,-150.00,5.24,-155.24,,STOP LOSS
bot.log.2,02/10 03:01:02,APERTURA,LONG,,7746.25,,7749.25,7743.25,,,,,
bot.log.2,02/10 03:05:11,CIERRE,LONG,,7746.25,7749.25,,,+150.00,5.24,+144.76,,TAKE PROFIT
bot.log.2,02/10 03:18:03,APERTURA,SHORT,,7745.25,,7742.25,7748.25,,,,,
bot.log.2,02/10 03:40:57,CIERRE,SHORT,,7745.25,7742.25,,,+150.00,5.24,+144.76,,TAKE PROFIT
bot.log.2,02/10 03:57:03,APERTURA,LONG,,7744.00,,7747.0,7741.0,,,,,
bot.log.2,02/10 03:58:21,CIERRE,LONG,,7744.00,7740.75,,,-162.50,5.24,-167.74,,STOP LOSS
bot.log.2,02/10 04:22:02,APERTURA,SHORT,,7744.50,,7741.5,7747.5,,,,,
bot.log.2,02/10 04:29:05,CIERRE,SHORT,,7744.50,7741.50,,,+150.00,5.24,+144.76,,TAKE PROFIT
bot.log.2,02/10 04:37:03,APERTURA,LONG,,7745.75,,7748.75,7742.75,,,,,
bot.log.2,02/10 04:50:05,CIERRE,LONG,,7745.75,7748.75,,,+150.00,5.24,+144.76,,TAKE PROFIT
bot.log.2,02/10 05:21:02,APERTURA,SHORT,,7756.50,,7753.5,7759.5,,,,,
bot.log.2,02/10 05:21:17,CIERRE,SHORT,,7756.50,7761.00,,,-225.00,5.24,-230.24,,STOP LOSS
bot.log.2,02/10 05:38:03,APERTURA,LONG,,7759.75,,7762.75,7756.75,,,,,
bot.log.2,02/10 05:50:22,CIERRE,LONG,,7759.75,7762.75,,,+150.00,5.24,+144.76,,TAKE PROFIT
bot.log.2,02/10 06:03:03,APERTURA,SHORT,,7759.00,,7756.0,7762.0,,,,,
bot.log.2,02/10 06:10:58,CIERRE,SHORT,,7759.00,7762.00,,,-150.00,5.24,-155.24,,STOP LOSS
bot.log.2,02/10 06:13:03,APERTURA,LONG,,7762.75,,7765.75,7759.75,,,,,
bot.log.2,02/10 06:35:03,CIERRE,LONG,,7762.75,7759.75,,,-150.00,5.24,-155.24,,STOP LOSS
bot.log.2,02/10 06:43:03,APERTURA,LONG,,7762.25,,7765.25,7759.25,,,,,
bot.log.2,02/10 06:46:51,CIERRE,LONG,,7762.25,7758.50,,,-187.50,5.24,-192.74,,STOP LOSS
bot.log.2,02/10 07:30:03,APERTURA,LONG,,7756.75,,7759.75,7753.75,,,,,
bot.log.2,02/10 07:34:59,CIERRE,LONG,,7756.75,7759.75,,,+150.00,5.24,+144.76,,TAKE PROFIT
bot.log.2,02/10 08:12:17,APERTURA,SHORT,,7759.75,,7756.75,7762.75,,,,,
bot.log.2,02/10 08:15:10,CIERRE,SHORT,,7759.75,7762.75,,,-150.00,5.24,-155.24,,STOP LOSS
bot.log.2,02/10 12:31:34,APERTURA,LONG,,7767.25,,7770.25,7764.25,,,,,
bot.log.2,02/10 12:32:15,CIERRE,LONG,,7767.25,7770.25,,,+150.00,5.24,+144.76,,TAKE PROFIT
bot.log.2,02/10 12:55:03,APERTURA,SHORT,,7769.25,,7766.25,7772.25,,,,,
bot.log.2,02/10 12:56:09,CIERRE,SHORT,,7769.25,7772.75,,,-175.00,5.24,-180.24,,STOP LOSS
bot.log.2,02/10 13:01:02,APERTURA,LONG,,7777.25,,7780.25,7774.25,,,,,
bot.log.2,02/10 13:01:26,CIERRE,LONG,,7777.25,7780.25,,,+150.00,5.24,+144.76,,TAKE PROFIT
bot.log.2,02/10 13:24:02,APERTURA,SHORT,,7776.50,,7773.5,7779.5,,,,,
bot.log.2,02/10 13:25:05,CIERRE,SHORT,,7776.50,7773.50,,,+150.00,5.24,+144.76,,TAKE PROFIT
bot.log.2,02/10 13:38:02,APERTURA,LONG,,7776.50,,7779.5,7773.5,,,,,
bot.log.2,02/10 13:38:34,CIERRE,LONG,,7776.50,7779.50,,,+150.00,5.24,+144.76,,TAKE PROFIT
bot.log.2,02/10 13:43:02,APERTURA,SHORT,,7772.75,,7769.75,7775.75,,,,,
bot.log.2,02/10 13:46:21,CIERRE,SHORT,,7772.75,7776.00,,,-162.50,5.24,-167.74,,STOP LOSS
bot.log.2,02/10 13:55:03,APERTURA,LONG,,7777.50,,7780.5,7774.5,,,,,
bot.log.2,02/10 14:01:14,CIERRE,LONG,,7777.50,7780.50,,,+150.00,5.24,+144.76,,TAKE PROFIT
bot.log.2,02/10 14:09:02,APERTURA,SHORT,,7776.75,,7773.75,7779.75,,,,,
bot.log.2,02/10 14:21:50,CIERRE,SHORT,,7776.75,7773.75,,,+150.00,5.24,+144.76,,TAKE PROFIT
bot.log.2,02/10 14:36:02,APERTURA,LONG,,7772.50,,7775.5,7769.5,,,,,
bot.log.2,02/10 14:36:51,CIERRE,LONG,,7772.50,7769.50,,,-150.00,5.24,-155.24,,STOP LOSS
bot.log.2,02/10 14:38:02,APERTURA,SHORT,,7771.50,,7768.5,7774.5,,,,,
bot.log.2,02/10 14:42:30,CIERRE,SHORT,,7771.50,7768.50,,,+150.00,5.24,+144.76,,TAKE PROFIT
bot.log.2,02/10 14:47:02,APERTURA,LONG,,7773.50,,7776.5,7770.5,,,,,
bot.log.2,02/10 14:50:43,CIERRE,LONG,,7773.50,7770.50,,,-150.00,5.24,-155.24,,STOP LOSS
bot.log.2,02/10 15:04:03,APERTURA,SHORT,,7773.00,,7770.0,7776.0,,,,,
bot.log.2,02/10 15:18:23,CIERRE,SHORT,,7773.00,7770.00,,,+150.00,5.24,+144.76,,TAKE PROFIT
bot.log.2,02/10 15:31:03,APERTURA,LONG,,7772.00,,7775.0,7769.0,,,,,
bot.log.2,02/10 15:33:06,CIERRE,LONG,,7772.00,7775.00,,,+150.00,5.24,+144.76,,TAKE PROFIT
bot.log.2,02/10 16:08:02,APERTURA,SHORT,,7773.25,,7770.25,7776.25,,,,,
bot.log.2,02/10 16:17:32,CIERRE,SHORT,,7773.25,7776.25,,,-150.00,5.24,-155.24,,STOP LOSS
bot.log.2,02/10 16:19:03,APERTURA,LONG,,7777.25,,7780.25,7774.25,,,,,
bot.log.2,02/10 16:22:19,CIERRE,LONG,,7777.25,7774.25,,,-150.00,5.24,-155.24,,STOP LOSS
bot.log.2,02/10 16:45:02,APERTURA,SHORT,,7778.00,,7775.0,7781.0,,,,,
bot.log.2,02/10 16:45:05,CIERRE,SHORT,,7778.00,7781.75,,,-187.50,5.24,-192.74,,STOP LOSS
bot.log.2,02/10 17:21:02,APERTURA,SHORT,,7780.25,,7777.25,7783.25,,,,,
bot.log.2,02/10 17:30:03,CIERRE,SHORT,,7780.25,7780.50,,,-12.50,5.24,-17.74,,CIERRE HORARIO
bot.log.2,04/10 18:35:03,APERTURA,SHORT,,5000.00,,4996.5,5003.0,,,,,
bot.log.2,04/10 18:35:03,APERTURA,LONG,,5000.00,,5003.5,4997.0,,,,,
bot.log.2,04/10 19:19:02,APERTURA,LONG,,7784.00,,7787.5,7781.0,,,,,
bot.log.2,04/10 19:31:38,CIERRE,LONG,,7784.00,7787.50,,,+175.00,5.24,+169.76,,TAKE PROFIT
bot.log.2,04/10 20:38:03,APERTURA,LONG,,7787.50,,7791.0,7784.5,,,,,
bot.log.2,04/10 20:49:24,CIERRE,LONG,,7787.50,7784.25,,,-162.50,5.24,-167.74,,STOP LOSS
bot.log.2,04/10 21:05:03,APERTURA,SHORT,,7788.00,,7784.5,7791.0,,,,,
bot.log.2,04/10 21:28:59,CIERRE,SHORT,,7788.00,7784.50,,,+175.00,5.24,+169.76,,TAKE PROFIT
bot.log.2,04/10 21:37:03,APERTURA,SHORT,,7787.50,,7784.0,7790.5,,,,,
bot.log.2,04/10 22:06:37,CIERRE,SHORT,,7787.50,7790.50,,,-150.00,5.24,-155.24,,STOP LOSS
bot.log.2,04/10 22:11:17,APERTURA,LONG,,7788.25,,7791.75,7785.25,,,,,
bot.log.2,04/10 22:37:10,CIERRE,LONG,,7788.25,7791.75,,,+175.00,5.24,+169.76,,TAKE PROFIT
bot.log.2,04/10 22:52:02,APERTURA,LONG,,7790.75,,7794.25,7787.75,,,,,
bot.log.2,04/10 22:59:55,CIERRE,LONG,,7790.75,7787.75,,,-150.00,5.24,-155.24,,STOP LOSS
bot.log.2,04/10 23:19:17,APERTURA,SHORT,,7787.75,,7784.25,7790.75,,,,,
bot.log.2,04/10 23:34:40,CIERRE,SHORT,,7787.75,7784.25,,,+175.00,5.24,+169.76,,TAKE PROFIT
bot.log.1,05/10 00:19:02,APERTURA,SHORT,,7778.25,,7774.75,7781.25,,,,,
bot.log.1,05/10 00:49:42,CIERRE,SHORT,,7778.25,7774.75,,,+175.00,5.24,+169.76,,TAKE PROFIT
bot.log.1,05/10 03:29:02,APERTURA,LONG,,7769.50,,7773.0,7766.5,,,,,
bot.log.1,05/10 03:40:08,CIERRE,LONG,,7769.50,7766.50,,,-150.00,5.24,-155.24,,STOP LOSS
bot.log.1,05/10 03:59:02,APERTURA,SHORT,,7769.25,,7765.75,7772.25,,,,,
bot.log.1,05/10 04:20:32,CIERRE,SHORT,,7769.25,7765.75,,,+175.00,5.24,+169.76,,TAKE PROFIT
bot.log.1,05/10 04:42:02,APERTURA,SHORT,,7764.75,,7761.25,7767.75,,,,,
bot.log.1,05/10 04:52:07,CIERRE,SHORT,,7764.75,7767.75,,,-150.00,5.24,-155.24,,STOP LOSS
bot.log.1,05/10 04:53:02,APERTURA,SHORT,,7768.75,,7765.25,7771.75,,,,,
bot.log.1,05/10 05:05:07,CIERRE,SHORT,,7768.75,7771.75,,,-150.00,5.24,-155.24,,STOP LOSS
bot.log.1,05/10 05:31:21,APERTURA,LONG,,7776.00,,7779.5,7773.0,,,,,
bot.log.1,05/10 05:34:17,CIERRE,LONG,,7776.00,7770.50,,,-275.00,5.24,-280.24,,STOP LOSS
bot.log.1,05/10 05:53:18,APERTURA,SHORT,,7771.25,,7767.75,7774.25,,,,,
bot.log.1,05/10 05:54:40,CIERRE,SHORT,,7771.25,7767.75,,,+175.00,5.24,+169.76,,TAKE PROFIT
bot.log.1,05/10 06:19:03,APERTURA,LONG,,7769.25,,7772.75,7766.25,,,,,
bot.log.1,05/10 06:27:12,CIERRE,LONG,,7769.25,7766.25,,,-150.00,5.24,-155.24,,STOP LOSS
bot.log.1,05/10 06:53:02,APERTURA,SHORT,,7764.75,,7761.25,7767.75,,,,,
bot.log.1,05/10 07:34:47,CIERRE,SHORT,,7764.75,7761.25,,,+175.00,5.24,+169.76,,TAKE PROFIT
bot.log.1,05/10 07:45:18,APERTURA,SHORT,,7763.00,,7759.5,7766.0,,,,,
bot.log.1,05/10 07:54:31,CIERRE,SHORT,,7763.00,7766.00,,,-150.00,5.24,-155.24,,STOP LOSS
bot.log.1,05/10 08:06:02,APERTURA,LONG,,7768.50,,7772.0,7765.5,,,,,
bot.log.1,05/10 08:19:29,CIERRE,LONG,,7768.50,7772.00,,,+175.00,5.24,+169.76,,TAKE PROFIT
bot.log.1,05/10 08:43:03,APERTURA,LONG,,7772.50,,7776.0,7769.5,,,,,
bot.log.1,05/10 09:02:17,CIERRE,LONG,,7772.50,7776.00,,,+175.00,5.24,+169.76,,TAKE PROFIT
bot.log.1,05/10 09:22:02,APERTURA,LONG,,7777.25,,7780.75,7774.25,,,,,
bot.log.1,05/10 09:25:45,CIERRE,LONG,,7777.25,7774.25,,,-150.00,5.24,-155.24,,STOP LOSS
bot.log.1,05/10 10:02:03,APERTURA,SHORT,,7769.75,,7766.25,7772.75,,,,,
bot.log.1,05/10 10:11:42,CIERRE,SHORT,,7769.75,7772.75,,,-150.00,5.24,-155.24,,STOP LOSS
bot.log.1,05/10 10:55:03,APERTURA,LONG,,7787.25,,7790.75,7784.25,,,,,
bot.log.1,05/10 13:02:19,CIERRE,LONG,,7787.25,7790.75,,,+175.00,5.24,+169.76,,TAKE PROFIT
bot.log.1,05/10 13:04:02,APERTURA,SHORT,,7811.00,,7807.5,7814.0,,,,,
bot.log.1,05/10 13:23:25,CIERRE,SHORT,,7811.00,7814.00,,,-150.00,5.24,-155.24,,STOP LOSS
bot.log.1,05/10 13:59:02,APERTURA,LONG,,7823.75,,7827.25,7820.75,,,,,
bot.log.1,05/10 14:03:16,CIERRE,LONG,,7823.75,7820.75,,,-150.00,5.24,-155.24,,STOP LOSS
bot.log.1,05/10 14:14:02,APERTURA,SHORT,,7822.75,,7819.25,7825.75,,,,,
bot.log.1,05/10 14:25:04,CIERRE,SHORT,,7822.75,7825.75,,,-150.00,5.24,-155.24,,STOP LOSS
bot.log.1,05/10 14:35:02,APERTURA,LONG,,7824.00,,7827.5,7821.0,,,,,
bot.log.1,05/10 14:44:36,CIERRE,LONG,,7824.00,7827.50,,,+175.00,5.24,+169.76,,TAKE PROFIT
bot.log.1,05/10 15:08:02,APERTURA,LONG,,7826.00,,7829.5,7823.0,,,,,
bot.log.1,05/10 15:15:14,CIERRE,LONG,,7826.00,7829.50,,,+175.00,5.24,+169.76,,TAKE PROFIT
bot.log.1,05/10 15:46:03,APERTURA,LONG,,7832.25,,7835.75,7829.25,,,,,
bot.log.1,05/10 15:57:53,CIERRE,LONG,,7832.25,7835.75,,,+175.00,5.24,+169.76,,TAKE PROFIT
bot.log.1,05/10 16:31:04,APERTURA,LONG,,7842.00,,7845.5,7839.0,,,,,
bot.log.1,05/10 16:33:49,CIERRE,LONG,,7842.00,7838.75,,,-162.50,5.24,-167.74,,STOP LOSS
bot.log.1,05/10 17:04:02,APERTURA,SHORT,,7829.75,,7826.25,7832.75,,,,,
bot.log.1,05/10 17:30:05,CIERRE,SHORT,,7829.75,7829.50,,,+12.50,5.24,+7.26,,CIERRE HORARIO
bot.log.1,05/10 19:33:02,APERTURA,LONG,,7832.50,,7836.0,7829.5,,,,,
bot.log.1,05/10 21:01:05,CIERRE,LONG,,7832.50,7829.50,,,-150.00,5.24,-155.24,,STOP LOSS
bot.log.1,05/10 21:10:02,APERTURA,SHORT,,7831.25,,7827.75,7834.25,,,,,
bot.log.1,05/10 21:17:11,CIERRE,SHORT,,7831.25,7834.25,,,-150.00,5.24,-155.24,,STOP LOSS
bot.log.1,05/10 21:28:02,APERTURA,LONG,,7832.50,,7836.0,7829.5,,,,,
bot.log.1,05/10 21:59:50,CIERRE,LONG,,7832.50,7836.00,,,+175.00,5.24,+169.76,,TAKE PROFIT
bot.log.1,05/10 22:17:03,APERTURA,LONG,,7834.25,,7837.75,7831.25,,,,,
bot.log.1,05/10 23:04:48,CIERRE,LONG,,7834.25,7831.25,,,-150.00,5.24,-155.24,,STOP LOSS
bot.log.1,05/10 23:18:02,APERTURA,SHORT,,7832.25,,7828.75,7835.25,,,,,
bot.log.1,06/10 00:12:44,CIERRE,SHORT,,7832.25,7835.25,,,-150.00,5.24,-155.24,,STOP LOSS
bot.log.1,06/10 00:32:03,APERTURA,LONG,,7833.75,,7837.25,7830.75,,,,,
bot.log.1,06/10 03:15:25,CIERRE,LONG,,7833.75,7837.25,,,+175.00,5.24,+169.76,,TAKE PROFIT
bot.log.1,06/10 03:43:02,APERTURA,LONG,,7840.75,,7844.25,7837.75,,,,,
bot.log.1,06/10 04:03:14,CIERRE,LONG,,7840.75,7837.75,,,-150.00,5.24,-155.24,,STOP LOSS
bot.log.1,06/10 04:15:06,APERTURA,SHORT,,7842.75,,7839.25,7845.75,,,,,
bot.log.1,06/10 04:31:19,CIERRE,SHORT,,7842.75,7839.25,,,+175.00,5.24,+169.76,,TAKE PROFIT
bot.log.1,06/10 04:38:03,APERTURA,SHORT,,7841.50,,7838.0,7844.5,,,,,
bot.log.1,06/10 05:01:43,CIERRE,SHORT,,7841.50,7844.50,,,-150.00,5.24,-155.24,,STOP LOSS
bot.log.1,06/10 05:26:02,APERTURA,LONG,,7843.00,,7846.5,7840.0,,,,,
bot.log.1,06/10 05:44:50,CIERRE,LONG,,7843.00,7846.50,,,+175.00,5.24,+169.76,,TAKE PROFIT
bot.log.1,06/10 06:00:18,APERTURA,LONG,,7844.50,,7848.0,7841.5,,,,,
bot.log.1,06/10 06:34:34,CIERRE,LONG,,7844.50,7848.00,,,+175.00,5.24,+169.76,,TAKE PROFIT
bot.log.1,06/10 06:45:02,APERTURA,LONG,,7846.00,,7849.5,7843.0,,,,,
bot.log.1,06/10 06:58:38,CIERRE,LONG,,7846.00,7843.00,,,-150.00,5.24,-155.24,,STOP LOSS
bot.log.1,06/10 07:12:03,APERTURA,SHORT,,7843.00,,7839.5,7846.0,,,,,
bot.log.1,06/10 07:23:43,CIERRE,SHORT,,7843.00,7846.00,,,-150.00,5.24,-155.24,,STOP LOSS
bot.log.1,06/10 08:00:02,APERTURA,LONG,,7848.25,,7851.75,7845.25,,,,,
bot.log.1,06/10 08:12:01,CIERRE,LONG,,7848.25,7851.75,,,+175.00,5.24,+169.76,,TAKE PROFIT
bot.log.1,06/10 09:24:03,APERTURA,LONG,,7863.50,,7867.0,7860.5,,,,,
bot.log.1,06/10 09:26:42,CIERRE,LONG,,7863.50,7860.50,,,-150.00,5.24,-155.24,,STOP LOSS
bot.log.1,06/10 09:53:03,APERTURA,SHORT,,7860.75,,7857.25,7863.75,,,,,
bot.log.1,06/10 10:12:59,CIERRE,SHORT,,7860.75,7863.75,,,-150.00,5.24,-155.24,,STOP LOSS
bot.log.1,06/10 10:19:02,APERTURA,LONG,,7861.25,,7864.75,7858.25,,,,,
bot.log.1,06/10 10:30:08,CIERRE,LONG,,7861.25,7864.75,,,+175.00,5.24,+169.76,,TAKE PROFIT
bot.log.1,06/10 11:20:02,APERTURA,LONG,,7877.50,,7881.0,7874.5,,,,,
bot.log.1,06/10 11:25:11,CIERRE,LONG,,7877.50,7873.75,,,-187.50,5.24,-192.74,,STOP LOSS
bot.log.1,06/10 11:39:03,APERTURA,SHORT,,7877.50,,7874.0,7880.5,,,,,
bot.log.1,06/10 11:41:57,CIERRE,SHORT,,7877.50,7880.50,,,-150.00,5.24,-155.24,,STOP LOSS
bot.log.1,06/10 12:32:02,APERTURA,LONG,,7893.50,,7897.0,7890.5,,,,,
bot.log.1,06/10 12:45:43,CIERRE,LONG,,7893.50,7890.50,,,-150.00,5.24,-155.24,,STOP LOSS
bot.log.1,06/10 13:07:02,APERTURA,SHORT,,7892.50,,7889.0,7895.5,,,,,
bot.log.1,06/10 13:09:09,CIERRE,SHORT,,7892.50,7889.00,,,+175.00,5.24,+169.76,,TAKE PROFIT
bot.log.1,06/10 13:48:02,APERTURA,SHORT,,7883.25,,7879.75,7886.25,,,,,
bot.log.1,06/10 13:48:47,CIERRE,SHORT,,7883.25,7879.75,,,+175.00,5.24,+169.76,,TAKE PROFIT
bot.log.1,06/10 13:50:03,APERTURA,LONG,,7882.00,,7885.5,7879.0,,,,,
bot.log.1,06/10 14:02:34,CIERRE,LONG,,7882.00,7879.00,,,-150.00,5.24,-155.24,,STOP LOSS
bot.log.1,06/10 14:30:03,APERTURA,SHORT,,7878.00,,7874.5,7881.0,,,,,
bot.log.1,06/10 14:35:10,CIERRE,SHORT,,7878.00,7881.00,,,-150.00,5.24,-155.24,,STOP LOSS
bot.log.1,06/10 14:57:17,APERTURA,LONG,,7877.00,,7880.5,7874.0,,,,,
bot.log.1,06/10 15:00:51,CIERRE,LONG,,7877.00,7880.50,,,+175.00,5.24,+169.76,,TAKE PROFIT
bot.log.1,06/10 15:03:18,APERTURA,SHORT,,7882.50,,7879.0,7885.5,,,,,
bot.log.1,06/10 15:22:06,CIERRE,SHORT,,7882.50,7879.00,,,+175.00,5.24,+169.76,,TAKE PROFIT
bot.log.1,06/10 15:49:02,APERTURA,SHORT,,7880.50,,7877.0,7883.5,,,,,
bot.log.1,06/10 16:05:24,CIERRE,SHORT,,7880.50,7883.50,,,-150.00,5.24,-155.24,,STOP LOSS
bot.log.1,06/10 16:09:03,APERTURA,LONG,,7880.00,,7883.5,7877.0,,,,,
bot.log.1,06/10 16:25:46,CIERRE,LONG,,7880.00,7877.00,,,-150.00,5.24,-155.24,,STOP LOSS
bot.log.1,06/10 17:07:02,APERTURA,SHORT,,7876.25,,7872.75,7879.25,,,,,
bot.log.1,06/10 17:30:02,CIERRE,SHORT,,7876.25,7877.50,,,-62.50,5.24,-67.74,,CIERRE HORARIO
bot.log.1,06/10 19:46:17,APERTURA,SHORT,,7881.50,,7879.0,7883.5,,,,,
bot.log.1,06/10 21:26:29,CIERRE,SHORT,,7881.50,7883.50,,,-100.00,5.24,-105.24,,STOP LOSS
bot.log.1,06/10 21:34:18,APERTURA,LONG,,7882.25,,7884.75,7880.25,,,,,
bot.log.1,06/10 22:06:17,CIERRE,LONG,,7882.25,7880.25,,,-100.00,5.24,-105.24,,STOP LOSS
bot.log,06/10 22:21:02,APERTURA,SHORT,,7882.00,,7879.5,7884.0,,,,,
bot.log,06/10 23:00:03,CIERRE,SHORT,,7882.00,7879.50,,,+125.00,5.24,+119.76,,TAKE PROFIT
bot.log,06/10 23:43:03,APERTURA,LONG,,7877.00,,7879.5,7875.0,,,,,
bot.log,07/10 00:40:21,CIERRE,LONG,,7877.00,7879.50,,,+125.00,5.24,+119.76,,TAKE PROFIT
bot.log,07/10 00:43:02,APERTURA,SHORT,,7878.25,,7875.75,7880.25,,,,,
bot.log,07/10 00:49:47,CIERRE,SHORT,,7878.25,7880.25,,,-100.00,5.24,-105.24,,STOP LOSS
bot.log,07/10 01:03:03,APERTURA,LONG,,7879.50,,7882.0,7877.5,,,,,
bot.log,07/10 02:15:12,CIERRE,LONG,,7879.50,7877.50,,,-100.00,5.24,-105.24,,STOP LOSS
bot.log,07/10 02:29:03,APERTURA,SHORT,,7878.75,,7876.25,7880.75,,,,,
bot.log,07/10 03:01:01,CIERRE,SHORT,,7878.75,7876.25,,,+125.00,5.24,+119.76,,TAKE PROFIT
bot.log,07/10 03:31:02,APERTURA,SHORT,,7874.75,,7872.25,7876.75,,,,,
bot.log,07/10 03:35:55,CIERRE,SHORT,,7874.75,7876.75,,,-100.00,5.24,-105.24,,STOP LOSS
bot.log,07/10 03:41:17,APERTURA,LONG,,7874.50,,7877.0,7872.5,,,,,
bot.log,07/10 03:51:26,CIERRE,LONG,,7874.50,7872.50,,,-100.00,5.24,-105.24,,STOP LOSS
bot.log,07/10 04:03:02,APERTURA,SHORT,,7874.25,,7871.75,7876.25,,,,,
bot.log,07/10 04:16:45,CIERRE,SHORT,,7874.25,7871.75,,,+125.00,5.24,+119.76,,TAKE PROFIT
bot.log,07/10 04:29:17,APERTURA,SHORT,,7872.50,,7870.0,7874.5,,,,,
bot.log,07/10 04:50:39,CIERRE,SHORT,,7872.50,7870.00,,,+125.00,5.24,+119.76,,TAKE PROFIT
bot.log,07/10 05:02:02,APERTURA,SHORT,,7871.00,,7868.5,7873.0,,,,,
bot.log,07/10 05:03:33,CIERRE,SHORT,,7871.00,7873.00,,,-100.00,5.24,-105.24,,STOP LOSS
bot.log,07/10 05:31:03,APERTURA,LONG,,7874.25,,7876.75,7872.25,,,,,
bot.log,07/10 06:03:57,CIERRE,LONG,,7874.25,7872.25,,,-100.00,5.24,-105.24,,STOP LOSS
bot.log,07/10 07:03:03,APERTURA,SHORT,,7863.25,,7860.75,7865.25,,,,,
bot.log,07/10 07:03:32,CIERRE,SHORT,,7863.25,7865.25,,,-100.00,5.24,-105.24,,STOP LOSS
bot.log,07/10 07:14:02,APERTURA,LONG,,7863.25,,7865.75,7861.25,,,,,
bot.log,07/10 07:18:08,CIERRE,LONG,,7863.25,7861.00,,,-112.50,5.24,-117.74,,STOP LOSS
bot.log,07/10 08:57:02,APERTURA,SHORT,,7842.50,,7840.0,7844.5,,,,,
bot.log,07/10 08:58:48,CIERRE,SHORT,,7842.50,7845.00,,,-125.00,5.24,-130.24,,STOP LOSS
bot.log,07/10 09:20:18,APERTURA,LONG,,7840.75,,7843.25,7838.75,,,,,
bot.log,07/10 09:20:31,CIERRE,LONG,,7840.75,7843.25,,,+125.00,5.24,+119.76,,TAKE PROFIT
bot.log,07/10 09:37:03,APERTURA,SHORT,,7842.50,,7840.0,7844.5,,,,,
bot.log,07/10 09:44:49,CIERRE,SHORT,,7842.50,7840.00,,,+125.00,5.24,+119.76,,TAKE PROFIT
bot.log,07/10 09:48:03,APERTURA,LONG,,7840.25,,7842.75,7838.25,,,,,
bot.log,07/10 09:49:49,CIERRE,LONG,,7840.25,7842.75,,,+125.00,5.24,+119.76,,TAKE PROFIT
bot.log,07/10 09:51:02,APERTURA,SHORT,,7842.25,,7839.75,7844.25,,,,,
bot.log,07/10 10:11:25,CIERRE,SHORT,,7842.25,7839.75,,,+125.00,5.24,+119.76,,TAKE PROFIT
bot.log,07/10 10:56:02,APERTURA,SHORT,,7828.50,,7826.0,7830.5,,,,,
bot.log,07/10 11:00:37,CIERRE,SHORT,,7828.50,7826.00,,,+125.00,5.24,+119.76,,TAKE PROFIT
bot.log,07/10 11:02:02,APERTURA,LONG,,7824.75,,7827.25,7822.75,,,,,
bot.log,07/10 11:02:18,CIERRE,LONG,,7824.75,7822.75,,,-100.00,5.24,-105.24,,STOP LOSS
bot.log,07/10 11:19:02,APERTURA,SHORT,,7826.75,,7824.25,7828.75,,,,,
bot.log,07/10 11:21:19,CIERRE,SHORT,,7826.75,7828.75,,,-100.00,5.24,-105.24,,STOP LOSS
bot.log,07/10 11:30:03,APERTURA,LONG,,7824.25,,7826.75,7822.25,,,,,
bot.log,07/10 11:31:00,CIERRE,LONG,,7824.25,7821.75,,,-125.00,5.24,-130.24,,STOP LOSS
bot.log,07/10 11:34:02,APERTURA,SHORT,,7825.25,,7822.75,7827.25,,,,,
bot.log,07/10 11:36:46,CIERRE,SHORT,,7825.25,7827.25,,,-100.00,5.24,-105.24,,STOP LOSS
bot.log,07/10 11:38:17,APERTURA,LONG,,7824.25,,7826.75,7822.25,,,,,
bot.log,07/10 11:40:02,CIERRE,LONG,,7824.25,7826.75,,,+125.00,5.24,+119.76,,TAKE PROFIT
bot.log,07/10 11:41:03,APERTURA,SHORT,,7825.50,,7823.0,7827.5,,,,,
bot.log,07/10 11:43:03,CIERRE,SHORT,,7825.50,7823.00,,,+125.00,5.24,+119.76,,TAKE PROFIT
bot.log,07/10 11:44:02,APERTURA,LONG,,7820.75,,7823.25,7818.75,,,,,
bot.log,07/10 11:45:01,CIERRE,LONG,,7820.75,7818.50,,,-112.50,5.24,-117.74,,STOP LOSS
bot.log,07/10 11:59:18,APERTURA,SHORT,,7823.00,,7820.5,7825.0,,,,,
bot.log,07/10 12:01:22,CIERRE,SHORT,,7823.00,7820.50,,,+125.00,5.24,+119.76,,TAKE PROFIT
bot.log,07/10 12:04:02,APERTURA,LONG,,7818.25,,7820.75,7816.25,,,,,
bot.log,07/10 12:05:05,CIERRE,LONG,,7818.25,7820.75,,,+125.00,5.24,+119.76,,TAKE PROFIT
bot.log,07/10 12:08:03,APERTURA,SHORT,,7823.00,,7820.5,7825.0,,,,,
bot.log,07/10 12:10:52,CIERRE,SHORT,,7823.00,7825.25,,,-112.50,5.24,-117.74,,STOP LOSS
bot.log,07/10 12:29:02,APERTURA,LONG,,7827.00,,7829.5,7825.0,,,,,
bot.log,07/10 12:31:44,CIERRE,LONG,,7827.00,7829.50,,,+125.00,5.24,+119.76,,TAKE PROFIT
bot.log,07/10 13:04:17,APERTURA,LONG,,7842.25,,7844.75,7840.25,,,,,
bot.log,07/10 13:06:23,CIERRE,LONG,,7842.25,7844.75,,,+125.00,5.24,+119.76,,TAKE PROFIT
bot.log,07/10 13:38:02,APERTURA,LONG,,7844.75,,7847.25,7842.75,,,,,
bot.log,07/10 13:40:16,CIERRE,LONG,,7844.75,7842.75,,,-100.00,5.24,-105.24,,STOP LOSS
bot.log,07/10 14:04:02,APERTURA,SHORT,,7848.50,,7846.0,7850.5,,,,,
bot.log,07/10 14:07:59,CIERRE,SHORT,,7848.50,7850.50,,,-100.00,5.24,-105.24,,STOP LOSS
bot.log,07/10 14:33:02,APERTURA,LONG,,7854.25,,7856.75,7852.25,,,,,
bot.log,07/10 14:37:29,CIERRE,LONG,,7854.25,7852.25,,,-100.00,5.24,-105.24,,STOP LOSS
bot.log,07/10 14:46:18,APERTURA,SHORT,,7855.00,,7852.5,7857.0,,,,,
bot.log,07/10 14:47:17,CIERRE,SHORT,,7855.00,7857.25,,,-112.50,5.24,-117.74,,STOP LOSS
bot.log,07/10 14:53:18,APERTURA,LONG,,7853.25,,7855.75,7851.25,,,,,
bot.log,07/10 14:56:41,CIERRE,LONG,,7853.25,7851.25,,,-100.00,5.24,-105.24,,STOP LOSS
bot.log,07/10 15:07:02,APERTURA,SHORT,,7857.00,,7854.5,7859.0,,,,,
bot.log,07/10 15:09:16,CIERRE,SHORT,,7857.00,7854.50,,,+125.00,5.24,+119.76,,TAKE PROFIT
bot.log,07/10 15:16:17,APERTURA,LONG,,7854.00,,7856.5,7852.0,,,,,
bot.log,07/10 15:28:08,CIERRE,LONG,,7854.00,7856.50,,,+125.00,5.24,+119.76,,TAKE PROFIT
bot.log,07/10 15:39:17,APERTURA,LONG,,7851.50,,7854.0,7849.5,,,,,
bot.log,07/10 15:44:18,CIERRE,LONG,,7851.50,7854.00,,,+125.00,5.24,+119.76,,TAKE PROFIT
bot.log,07/10 15:51:02,APERTURA,SHORT,,7855.00,,7852.5,7857.0,,,,,
bot.log,07/10 15:57:04,CIERRE,SHORT,,7855.00,7857.00,,,-100.00,5.24,-105.24,,STOP LOSS
bot.log,07/10 16:06:03,APERTURA,LONG,,7853.75,,7856.25,7851.75,,,,,
bot.log,07/10 16:06:40,CIERRE,LONG,,7853.75,7850.50,,,-162.50,5.24,-167.74,,STOP LOSS
bot.log,07/10 16:27:03,APERTURA,SHORT,,7852.25,,7849.75,7854.25,,,,,
bot.log,07/10 16:37:38,CIERRE,SHORT,,7852.25,7849.75,,,+125.00,5.24,+119.76,,TAKE PROFIT
bot.log,07/10 16:45:03,APERTURA,SHORT,,7853.00,,7850.5,7855.0,,,,,
bot.log,07/10 16:47:53,CIERRE,SHORT,,7853.00,7850.50,,,+125.00,5.24,+119.76,,TAKE PROFIT
bot.log,07/10 16:50:02,APERTURA,LONG,,7852.00,,7854.5,7850.0,,,,,
bot.log,07/10 16:50:54,CIERRE,LONG,,7852.00,7854.50,,,+125.00,5.24,+119.76,,TAKE PROFIT
bot.log,07/10 16:52:03,APERTURA,SHORT,,7852.50,,7850.0,7854.5,,,,,
bot.log,07/10 16:55:17,CIERRE,SHORT,,7852.50,7855.25,,,-137.50,5.24,-142.74,,STOP LOSS
bot.log,07/10 17:06:17,APERTURA,LONG,,7853.00,,7855.5,7851.0,,,,,
bot.log,07/10 17:18:47,CIERRE,LONG,,7853.00,7850.75,,,-112.50,5.24,-117.74,,STOP LOSS
bot.log,07/10 19:02:03,APERTURA,SHORT,,7852.00,,7849.5,7854.0,,,,,
bot.log,07/10 19:05:07,CIERRE,SHORT,,7852.00,7854.00,,,-100.00,5.24,-105.24,,STOP LOSS
bot.log,07/10 19:19:03,APERTURA,LONG,,7853.00,,7855.5,7851.0,,,,,
bot.log,07/10 20:04:27,CIERRE,LONG,,7853.00,7855.50,,,+125.00,5.24,+119.76,,TAKE PROFIT
bot.log,07/10 20:31:03,APERTURA,LONG,,7856.75,,7859.25,7854.75,,,,,
bot.log,07/10 20:45:40,CIERRE,LONG,,7856.75,7854.75,,,-100.00,5.24,-105.24,,STOP LOSS
bot.log,07/10 20:47:02,APERTURA,LONG,,7854.25,,7856.75,7852.25,,,,,
bot.log,07/10 20:53:58,CIERRE,LONG,,7854.25,7852.25,,,-100.00,5.24,-105.24,,STOP LOSS
